OP,COD_PROD,FECHA,ID_LOTE,NOMBRE,FORMULA,INICIO_PROD,FIN_PROD,TOTAL_PROD,1-COD,1-NOMBRE,1-CANTIDAD,1-TOTAL-MP,MP1-L1,MP1-L2,MP1-L3,MP1-L4,2-COD,2-NOMBRE,2-CANTIDAD,2-TOTAL-MP,MP2-L1,MP2-L2,MP2-L3,MP2-L4,3-COD,3-NOMBRE,3-CANTIDAD,3-TOTAL-MP,MP3-L1,MP3-L2,MP3-L3,MP3-L4,4-COD,4-NOMBRE,4-CANTIDAD,4-TOTAL-MP,MP4-L1,MP4-L2,MP4-L3,MP4-L4,5-COD,5-NOMBRE,5-CANTIDAD,5-TOTAL-MP,MP5-L1,MP5-L2,MP5-L3,MP5-L4,6-COD,6-NOMBRE,6-CANTIDAD,6-TOTAL-MP,MP6-L1,MP6-L2,MP6-L3,MP6-L4,7-COD,7-NOMBRE,7-CANTIDAD,7-TOTAL-MP,MP7-L1,MP7-L2,MP7-L3,MP7-L4,8-COD,8-NOMBRE,8-CANTIDAD,8-TOTAL-MP,MP8-L1,MP8-L2,MP8-L3,MP8-L4,9-COD,9-NOMBRE,9-CANTIDAD,9-TOTAL-MP,MP9-L1,MP9-L2,MP9-L3,MP9-L4,10-COD,10-NOMBRE,10-CANTIDAD,10-TOTAL-MP,MP10-L1,MP10-L2,MP10-L3,MP10-L4,11-COD,11-NOMBRE,11-CANTIDAD,11-TOTAL-MP,MP11-L1,MP11-L2,MP11-L3,MP11-L4,T_C,T_N,T_N-NH4,T_N-NO3,T_N-org,T_N-ur,T_P,T_K,T_CaO,T_MgO,T_S,T_B,T_Co,T_Cu,T_Fe,T_Mn,T_Mo,T_SiO2,T_Zn,T_Na,EVAL,LAB,CERT,LIB,DUMMY
1,141,02/01/2026,141-020126,,141-L07,,,,75,75-KIESERITA- 1-G,"0,05",,,,,,5,5-SULFATO CALCIO-ANIBAL ARANGO 1-P,"0,75",,,,,,274,274-SILICATO MAGNESIO-JULIAN SALDARRIAGA 1-P,"0,05",,,,,,105,105-CARBONATO CALCIO-JAMAROL 3-P,"0,15",,,,,,,,0,,,,,,,,0,,,,,,,,0,,,,,,,,0,,,,,,,,0,,,,,,,,0,,,,,,,,0,,,,,,0,0,0,0,0,0,0,0,"26,1","3,05","10,75",0,0,0,0,0,0,2,0,0,141-020126,141-020126,141-020126,,
2,62,02/01/2026,62-020126,,62-L04,,,,75,75-KIESERITA- 1-G,"0,05",,,,,,274,274-SILICATO MAGNESIO-JULIAN SALDARRIAGA 1-P,"0,1",,,,,,105,105-CARBONATO CALCIO-JAMAROL 3-P,"0,85",,,,,,,,0,,,,,,,,0,,,,,,,,0,,,,,,,,0,,,,,,,,0,,,,,,,,0,,,,,,,,0,,,,,,,,0,,,,,,0,0,0,0,0,0,0,0,"37,4","4,85",1,0,0,0,0,0,0,4,0,0,62-020126,62-020126,62-020126,,
3,452,02/01/2026,452-020126,,452-L0,,,,75,75-KIESERITA- 1-G,"0,05",,,,,,111,111-BENTONITA ROJA-FERTICAUCA 4-P,"0,6",,,,,,105,105-CARBONATO CALCIO-JAMAROL 3-P,"0,35",,,,,,,,0,,,,,,,,0,,,,,,,,0,,,,,,,,0,,,,,,,,0,,,,,,,,0,,,,,,,,0,,,,,,,,0,,,,,,0,0,0,0,0,0,0,0,"15,4","1,85",1,0,0,0,0,0,0,"28,2",0,0,452-020126,452-020126,452-020126,,
4,679,03/01/2026,679-030126,,679-L03,,,,74,74-KIESERITA-MANUCHAR 1-P,"0,05",,,,,,5,5-SULFATO CALCIO-ANIBAL ARANGO 1-P,"0,3",,,,,,105,105-CARBONATO CALCIO-JAMAROL 3-P,"0,15",,,,,,111,111-BENTONITA ROJA-FERTICAUCA 4-P,"0,05",,,,,,290,290-ROCA FOSFORICA-26-PRACO 1-P,"0,45",,,,,,,,0,,,,,,,,0,,,,,,,,0,,,,,,,,0,,,,,,,,0,,,,,,,,0,,,,,,0,0,0,0,0,0,"11,7",0,"27,45","1,3","4,9",0,0,0,0,0,0,"2,35",0,0,679-030126,679-030126,679-030126,,
5,65,05/01/2026,65-050126,,65-L05,,,,75,75-KIESERITA- 1-G,"0,1",,,,,,5,5-SULFATO CALCIO-ANIBAL ARANGO 1-P,"0,15",,,,,,120,120-CAL DOLOMITA-BM 1-P,"0,1",,,,,,105,105-CARBONATO CALCIO-JAMAROL 3-P,"0,25",,,,,,274,274-SILICATO MAGNESIO-JULIAN SALDARRIAGA 1-P,"0,4",,,,,,,,0,,,,,,,,0,,,,,,,,0,,,,,,,,0,,,,,,,,0,,,,,,,,0,,,,,,0,0,0,0,0,0,0,0,"18,3","18,3","3,95",0,0,0,0,0,0,16,0,0,65-050126,65-050126,65-050126,,
6,62,05/01/2026,62-050126,,62-L0,,,,75,75-KIESERITA- 1-G,"0,1",,,,,,5,5-SULFATO CALCIO-ANIBAL ARANGO 1-P,"0,15",,,,,,120,120-CAL DOLOMITA-BM 1-P,"0,1",,,,,,105,105-CARBONATO CALCIO-JAMAROL 3-P,"0,25",,,,,,274,274-SILICATO MAGNESIO-JULIAN SALDARRIAGA 1-P,"0,4",,,,,,,,0,,,,,,,,0,,,,,,,,0,,,,,,,,0,,,,,,,,0,,,,,,,,0,,,,,,0,0,0,0,0,0,0,0,"18,3","18,3","3,95",0,0,0,0,0,0,16,0,0,62-050126,62-050126,62-050126,,
7,62,06/01/2026,62-060126,,62-L04,,,,75,75-KIESERITA- 1-G,"0,05",,,,,,274,274-SILICATO MAGNESIO-JULIAN SALDARRIAGA 1-P,"0,1",,,,,,105,105-CARBONATO CALCIO-JAMAROL 3-P,"0,85",,,,,,,,0,,,,,,,,0,,,,,,,,0,,,,,,,,0,,,,,,,,0,,,,,,,,0,,,,,,,,0,,,,,,,,0,,,,,,0,0,0,0,0,0,0,0,"37,4","4,85",1,0,0,0,0,0,0,4,0,0,62-060126,62-060126,62-060126,,
8,65,06/01/2026,65-060126,,65-L05,,,,75,75-KIESERITA- 1-G,"0,1",,,,,,5,5-SULFATO CALCIO-ANIBAL ARANGO 1-P,"0,15",,,,,,120,120-CAL DOLOMITA-BM 1-P,"0,1",,,,,,105,105-CARBONATO CALCIO-JAMAROL 3-P,"0,25",,,,,,274,274-SILICATO MAGNESIO-JULIAN SALDARRIAGA 1-P,"0,4",,,,,,,,0,,,,,,,,0,,,,,,,,0,,,,,,,,0,,,,,,,,0,,,,,,,,0,,,,,,0,0,0,0,0,0,0,0,"18,3","18,3","3,95",0,0,0,0,0,0,16,0,0,65-060126,65-060126,65-060126,,
9,141,07/01/2026,141-070126,,141-L07,,,,75,75-KIESERITA- 1-G,"0,05",,,,,,5,5-SULFATO CALCIO-ANIBAL ARANGO 1-P,"0,75",,,,,,274,274-SILICATO MAGNESIO-JULIAN SALDARRIAGA 1-P,"0,05",,,,,,105,105-CARBONATO CALCIO-JAMAROL 3-P,"0,15",,,,,,,,0,,,,,,,,0,,,,,,,,0,,,,,,,,0,,,,,,,,0,,,,,,,,0,,,,,,,,0,,,,,,0,0,0,0,0,0,0,0,"26,1","3,05","10,75",0,0,0,0,0,0,2,0,0,141-070126,141-070126,141-070126,,
10,62,07/01/2026,62-070126,,62-L04,,,,75,75-KIESERITA- 1-G,"0,05",,,,,,274,274-SILICATO MAGNESIO-JULIAN SALDARRIAGA 1-P,"0,1",,,,,,105,105-CARBONATO CALCIO-JAMAROL 3-P,"0,85",,,,,,,,0,,,,,,,,0,,,,,,,,0,,,,,,,,0,,,,,,,,0,,,,,,,,0,,,,,,,,0,,,,,,,,0,,,,,,0,0,0,0,0,0,0,0,"37,4","4,85",1,0,0,0,0,0,0,4,0,0,62-070126,62-070126,62-070126,,
11,558,07/01/2026,558-070126,,558-L02,,,,75,75-KIESERITA- 1-G,"0,05",,,,,,274,274-SILICATO MAGNESIO-JULIAN SALDARRIAGA 1-P,"0,9",,,,,,111,111-BENTONITA ROJA-FERTICAUCA 4-P,"0,05",,,,,,,,0,,,,,,,,0,,,,,,,,0,,,,,,,,0,,,,,,,,0,,,,,,,,0,,,,,,,,0,,,,,,,,0,,,,,,0,0,0,0,0,0,0,0,0,"33,7",1,0,0,0,0,0,0,"38,35",0,0,558-070126,558-070126,558-070126,,
,558,08/01/2026,558-080126,,558-L02,,,,75,75-KIESERITA- 1-G,"0,05",,,,,,274,274-SILICATO MAGNESIO-JULIAN SALDARRIAGA 1-P,"0,9",,,,,,111,111-BENTONITA ROJA-FERTICAUCA 4-P,"0,05",,,,,,,,0,,,,,,,,0,,,,,,,,0,,,,,,,,0,,,,,,,,0,,,,,,,,0,,,,,,,,0,,,,,,,,0,,,,,,0,0,0,0,0,0,0,0,0,"33,7",1,0,0,0,0,0,0,"38,35",0,0,558-080126,558-080126,558-080126,,
,62,08/01/2026,62-080126,,62-L04,,,,75,75-KIESERITA- 1-G,"0,05",,,,,,274,274-SILICATO MAGNESIO-JULIAN SALDARRIAGA 1-P,"0,1",,,,,,105,105-CARBONATO CALCIO-JAMAROL 3-P,"0,85",,,,,,,,0,,,,,,,,0,,,,,,,,0,,,,,,,,0,,,,,,,,0,,,,,,,,0,,,,,,,,0,,,,,,,,0,,,,,,0,0,0,0,0,0,0,0,"37,4","4,85",1,0,0,0,0,0,0,4,0,0,62-080126,62-080126,62-080126,,
,141,08/01/2026,141-080126,,141-L07,,,,75,75-KIESERITA- 1-G,"0,05",,,,,,5,5-SULFATO CALCIO-ANIBAL ARANGO 1-P,"0,75",,,,,,274,274-SILICATO MAGNESIO-JULIAN SALDARRIAGA 1-P,"0,05",,,,,,105,105-CARBONATO CALCIO-JAMAROL 3-P,"0,15",,,,,,,,0,,,,,,,,0,,,,,,,,0,,,,,,,,0,,,,,,,,0,,,,,,,,0,,,,,,,,0,,,,,,0,0,0,0,0,0,0,0,"26,1","3,05","10,75",0,0,0,0,0,0,2,0,0,141-080126,141-080126,141-080126,,
,679,08/01/2026,679-080126,,679-L03,,,,74,74-KIESERITA-MANUCHAR 1-P,"0,05",,,,,,5,5-SULFATO CALCIO-ANIBAL ARANGO 1-P,"0,3",,,,,,105,105-CARBONATO CALCIO-JAMAROL 3-P,"0,15",,,,,,111,111-BENTONITA ROJA-FERTICAUCA 4-P,"0,05",,,,,,290,290-ROCA FOSFORICA-26-PRACO 1-P,"0,45",,,,,,,,0,,,,,,,,0,,,,,,,,0,,,,,,,,0,,,,,,,,0,,,,,,,,0,,,,,,0,0,0,0,0,0,"11,7",0,"27,45","1,3","4,9",0,0,0,0,0,0,"2,35",0,0,679-080126,679-080126,679-080126,,
,62,09/01/2026,62-090126,,62-L04,,,,75,75-KIESERITA- 1-G,"0,05",,,,,,274,274-SILICATO MAGNESIO-JULIAN SALDARRIAGA 1-P,"0,1",,,,,,105,105-CARBONATO CALCIO-JAMAROL 3-P,"0,85",,,,,,,,0,,,,,,,,0,,,,,,,,0,,,,,,,,0,,,,,,,,0,,,,,,,,0,,,,,,,,0,,,,,,,,0,,,,,,0,0,0,0,0,0,0,0,"37,4","4,85",1,0,0,0,0,0,0,4,0,0,62-090126,62-090126,62-090126,,
,558,09/01/2026,558-090126,,558-L03,,,,74,74-KIESERITA-MANUCHAR 1-P,"0,05",,,,,,111,111-BENTONITA ROJA-FERTICAUCA 4-P,"0,05",,,,,,274,274-SILICATO MAGNESIO-JULIAN SALDARRIAGA 1-P,"0,9",,,,,,,,0,,,,,,,,0,,,,,,,,0,,,,,,,,0,,,,,,,,0,,,,,,,,0,,,,,,,,0,,,,,,,,0,,,,,,0,0,0,0,0,0,0,0,0,"33,7",1,0,0,0,0,0,0,"38,35",0,0,558-090126,558-090126,558-090126,,
,65,10/01/2026,65-100126,,65-L03,,,,74,74-KIESERITA-MANUCHAR 1-P,"0,05",,,,,,5,5-SULFATO CALCIO-ANIBAL ARANGO 1-P,"0,15",,,,,,105,105-CARBONATO CALCIO-JAMAROL 3-P,"0,25",,,,,,274,274-SILICATO MAGNESIO-JULIAN SALDARRIAGA 1-P,"0,4",,,,,,120,120-CAL DOLOMITA-BM 1-P,"0,1",,,,,,75,75-KIESERITA- 1-G,"0,05",,,,,,,,0,,,,,,,,0,,,,,,,,0,,,,,,,,0,,,,,,,,0,,,,,,0,0,0,0,0,0,0,0,"18,3","18,3","3,95",0,0,0,0,0,0,16,0,0,65-100126,65-100126,65-100126,,
,65,13/01/2026,65-130126,,65-L03,,,,74,74-KIESERITA-MANUCHAR 1-P,"0,05",,,,,,5,5-SULFATO CALCIO-ANIBAL ARANGO 1-P,"0,15",,,,,,105,105-CARBONATO CALCIO-JAMAROL 3-P,"0,25",,,,,,274,274-SILICATO MAGNESIO-JULIAN SALDARRIAGA 1-P,"0,4",,,,,,120,120-CAL DOLOMITA-BM 1-P,"0,1",,,,,,75,75-KIESERITA- 1-G,"0,05",,,,,,,,0,,,,,,,,0,,,,,,,,0,,,,,,,,0,,,,,,,,0,,,,,,0,0,0,0,0,0,0,0,"18,3","18,3","3,95",0,0,0,0,0,0,16,0,0,65-130126,65-130126,65-130126,,
,558,13/01/2026,558-130126,,558-L03,,,,74,74-KIESERITA-MANUCHAR 1-P,"0,05",,,,,,111,111-BENTONITA ROJA-FERTICAUCA 4-P,"0,05",,,,,,274,274-SILICATO MAGNESIO-JULIAN SALDARRIAGA 1-P,"0,9",,,,,,,,0,,,,,,,,0,,,,,,,,0,,,,,,,,0,,,,,,,,0,,,,,,,,0,,,,,,,,0,,,,,,,,0,,,,,,0,0,0,0,0,0,0,0,0,"33,7",1,0,0,0,0,0,0,"38,35",0,0,558-130126,558-130126,558-130126,,
,65,14/01/2026,65-140126,,65-L03,,,,74,74-KIESERITA-MANUCHAR 1-P,"0,05",,,,,,5,5-SULFATO CALCIO-ANIBAL ARANGO 1-P,"0,15",,,,,,105,105-CARBONATO CALCIO-JAMAROL 3-P,"0,25",,,,,,274,274-SILICATO MAGNESIO-JULIAN SALDARRIAGA 1-P,"0,4",,,,,,120,120-CAL DOLOMITA-BM 1-P,"0,1",,,,,,75,75-KIESERITA- 1-G,"0,05",,,,,,,,0,,,,,,,,0,,,,,,,,0,,,,,,,,0,,,,,,,,0,,,,,,0,0,0,0,0,0,0,0,"18,3","18,3","3,95",0,0,0,0,0,0,16,0,0,65-140126,65-140126,65-140126,,
,558,14/01/2026,558-140126,,558-L03,,,,74,74-KIESERITA-MANUCHAR 1-P,"0,05",,,,,,111,111-BENTONITA ROJA-FERTICAUCA 4-P,"0,05",,,,,,274,274-SILICATO MAGNESIO-JULIAN SALDARRIAGA 1-P,"0,9",,,,,,,,0,,,,,,,,0,,,,,,,,0,,,,,,,,0,,,,,,,,0,,,,,,,,0,,,,,,,,0,,,,,,,,0,,,,,,0,0,0,0,0,0,0,0,0,"33,7",1,0,0,0,0,0,0,"38,35",0,0,558-140126,558-140126,558-140126,,
,311,14/01/2026,311-140126,,311-L0,,,,5,5-SULFATO CALCIO-ANIBAL ARANGO 1-P,"0,2",,,,,,105,105-CARBONATO CALCIO-JAMAROL 3-P,"0,1",,,,,,120,120-CAL DOLOMITA-BM 1-P,"0,1",,,,,,274,274-SILICATO MAGNESIO-JULIAN SALDARRIAGA 1-P,"0,35",,,,,,290,290-ROCA FOSFORICA-26-PRACO 1-P,"0,15",,,,,,110,110-CAOLIN GRIS- 1-P,"0,1",,,,,,,,0,,,,,,,,0,,,,,,,,0,,,,,,,,0,,,,,,,,0,,,,,,0,0,0,0,0,0,"3,9",0,"17,35",14,"2,6",0,0,0,0,0,0,14,0,0,311-140126,311-140126,311-140126,,
,311,15/01/2026,311-150126,,311-L0,,,,5,5-SULFATO CALCIO-ANIBAL ARANGO 1-P,"0,2",,,,,,105,105-CARBONATO CALCIO-JAMAROL 3-P,"0,1",,,,,,120,120-CAL DOLOMITA-BM 1-P,"0,1",,,,,,274,274-SILICATO MAGNESIO-JULIAN SALDARRIAGA 1-P,"0,35",,,,,,290,290-ROCA FOSFORICA-26-PRACO 1-P,"0,15",,,,,,110,110-CAOLIN GRIS- 1-P,"0,1",,,,,,,,0,,,,,,,,0,,,,,,,,0,,,,,,,,0,,,,,,,,0,,,,,,0,0,0,0,0,0,"3,9",0,"17,35",14,"2,6",0,0,0,0,0,0,14,0,0,311-150126,311-150126,311-150126,,
,65,15/01/2026,65-150126,,65-L03,,,,74,74-KIESERITA-MANUCHAR 1-P,"0,05",,,,,,5,5-SULFATO CALCIO-ANIBAL ARANGO 1-P,"0,15",,,,,,105,105-CARBONATO CALCIO-JAMAROL 3-P,"0,25",,,,,,274,274-SILICATO MAGNESIO-JULIAN SALDARRIAGA 1-P,"0,4",,,,,,120,120-CAL DOLOMITA-BM 1-P,"0,1",,,,,,75,75-KIESERITA- 1-G,"0,05",,,,,,,,0,,,,,,,,0,,,,,,,,0,,,,,,,,0,,,,,,,,0,,,,,,0,0,0,0,0,0,0,0,"18,3","18,3","3,95",0,0,0,0,0,0,16,0,0,65-150126,65-150126,65-150126,,
,558,16/01/2026,558-160126,,558-L03,,,,74,74-KIESERITA-MANUCHAR 1-P,"0,05",,,,,,111,111-BENTONITA ROJA-FERTICAUCA 4-P,"0,05",,,,,,274,274-SILICATO MAGNESIO-JULIAN SALDARRIAGA 1-P,"0,9",,,,,,,,0,,,,,,,,0,,,,,,,,0,,,,,,,,0,,,,,,,,0,,,,,,,,0,,,,,,,,0,,,,,,,,0,,,,,,0,0,0,0,0,0,0,0,0,"33,7",1,0,0,0,0,0,0,"38,35",0,0,558-160126,558-160126,558-160126,,
,65,16/01/2026,65-160126,,65-L03,,,,74,74-KIESERITA-MANUCHAR 1-P,"0,05",,,,,,5,5-SULFATO CALCIO-ANIBAL ARANGO 1-P,"0,15",,,,,,105,105-CARBONATO CALCIO-JAMAROL 3-P,"0,25",,,,,,274,274-SILICATO MAGNESIO-JULIAN SALDARRIAGA 1-P,"0,4",,,,,,120,120-CAL DOLOMITA-BM 1-P,"0,1",,,,,,75,75-KIESERITA- 1-G,"0,05",,,,,,,,0,,,,,,,,0,,,,,,,,0,,,,,,,,0,,,,,,,,0,,,,,,0,0,0,0,0,0,0,0,"18,3","18,3","3,95",0,0,0,0,0,0,16,0,0,65-160126,65-160126,65-160126,,
,558,17/01/2026,558-170126,,558-L03,,,,74,74-KIESERITA-MANUCHAR 1-P,"0,05",,,,,,111,111-BENTONITA ROJA-FERTICAUCA 4-P,"0,05",,,,,,274,274-SILICATO MAGNESIO-JULIAN SALDARRIAGA 1-P,"0,9",,,,,,,,0,,,,,,,,0,,,,,,,,0,,,,,,,,0,,,,,,,,0,,,,,,,,0,,,,,,,,0,,,,,,,,0,,,,,,0,0,0,0,0,0,0,0,0,"33,7",1,0,0,0,0,0,0,"38,35",0,0,558-170126,558-170126,558-170126,,
,563,22/01/2026,563-220126,,563-L0,,,,74,74-KIESERITA-MANUCHAR 1-P,"0,05",,13/01/2026,,,,105,105-CARBONATO CALCIO-JAMAROL 3-P,"0,6",,16/01/2026,19/01/2026,,,370,370-BENTONITA GRIS-FERTICAUCA 3-P,"0,25",,14/01/2026,,,,274,274-SILICATO MAGNESIO-JULIAN SALDARRIAGA 1-P,"0,1",,15/01/2026,,,,,,0,,,,,,,,0,,,,,,,,0,,,,,,,,0,,,,,,,,0,,,,,,,,0,,,,,,,,0,,,,,,0,0,0,0,0,0,0,1,"27,9","5,85",1,1,0,0,0,0,0,"18,25",0,0,563-220126,563-220126,563-220126,,
,141,23/01/2026,141-230126,,141*,,,,74,74-KIESERITA-MANUCHAR 1-P,"0,08",,13/01/2026,,,,5,5-SULFATO CALCIO-ANIBAL ARANGO 1-P,"0,75",,13/01/2026,,,,105,105-CARBONATO CALCIO-JAMAROL 3-P,"0,15",,21/01/2026,,,,274,274-SILICATO MAGNESIO-JULIAN SALDARRIAGA 1-P,"0,03",,21/01/2026,,,,,,0,,,,,,,,0,,,,,,,,0,,,,,,,,0,,,,,,,,0,,,,,,,,0,,,,,,,,0,,,,,,0,0,0,0,0,0,0,0,"26,1","3,08","11,35",11,0,0,0,0,0,"1,2",0,0,141-230126,141-230126,141-230126,,
,558,23/01/2026,558-230126,,6aa2a9c8,,,,74,74-KIESERITA-MANUCHAR 1-P,"0,05",,13/01/2026,,,,274,274-SILICATO MAGNESIO-JULIAN SALDARRIAGA 1-P,"0,9",,16/01/2026,,,,111,111-BENTONITA ROJA-FERTICAUCA 4-P,"0,05",,13/01/2026,,,,,,0,,,,,,,,0,,,,,,,,0,,,,,,,,0,,,,,,,,0,,,,,,,,0,,,,,,,,0,,,,,,,,0,,,,,,0,0,0,0,0,0,0,0,0,"33,7",1,1,0,0,0,0,0,"38,35",0,0,558-230126,558-230126,558-230126,,
,65,23/01/2026,65-230126,,b8888d93,,,,74,74-KIESERITA-MANUCHAR 1-P,"0,1",,13/01/2026,,,,05,5-SULFATO CALCIO-AGROINSUMOS 2-P,"0,15",,13/01/2026,,,,274,274-SILICATO MAGNESIO-JULIAN SALDARRIAGA 1-P,"0,4",,16/01/2026,,,,105,105-CARBONATO CALCIO-JAMAROL 3-P,"0,25",,21/01/2026,23/01/2026,,,120,120-CAL DOLOMITA-BM 1-P,"0,1",,18/12/2025,,,,,,0,,,,,,,,0,,,,,,,,0,,,,,,,,0,,,,,,,,0,,,,,,,,0,,,,,,0,0,0,0,0,0,0,0,"18,3","18,3","3,95",4,0,0,0,0,0,16,0,0,65-230126,65-230126,65-230126,,
,82,23/01/2026,82-230126,,224f518c,,,,12,12-UREA-CIAMSA 7-G,"0,46",,15/01/2026,,,,65,65-NUCLEO 4-CALFERQUIM 1-G,"0,1",,22/01/2026,,,,97,97-DAP-EVOAGRO 5-G,"0,08",,12/11/2025,,,,144,144-KCL-DISAN 6-G,"0,36",,21/01/2026,,,,,,0,,,,,,,,0,,,,,,,,0,,,,,,,,0,,,,,,,,0,,,,,,,,0,,,,,,,,0,,,,,,0,23,1,0,0,21,"3,68",22,"1,8","1,8","0,4",0,0,0,0,0,0,"1,4",0,0,82-230126,82-230126,82-230126,,
,516,23/01/2026,516-230126,,55d57aac,,,,12,12-UREA-CIAMSA 7-G,"0,2",,15/01/2026,,,,32,32-SAM-EVOAGRO 3-G,"0,18",,12/11/2025,,,,65,65-NUCLEO 4-CALFERQUIM 1-G,"0,04",,22/01/2026,,,,97,97-DAP-CIAMSA 4-G,"0,02",,12/11/2025,,,,144,144-KCL-DISAN 6-G,"0,39",,21/01/2026,,,,155,155-RAIFOS 20-CALFERQUIM 1-G,"0,14",,23/12/2025,,,,160,160-ZUELO CA-CALFERQUIM 1-G,0,,01/10/2025,,,,450,450-CARBONITRO-CALFERQUIM 1-L,0,,,,,,,,0,,,,,,,,0,,,,,,,,0,,,,,,1,13,4,0,0,9,"3,72",23,"3,94","0,93","4,62",5,0,0,0,0,0,"3,5",0,0,516-230126,516-230126,516-230126,,
,381,23/01/2026,381-230126,,2bee200b,,,,12,12-UREA-CIAMSA 7-G,"0,28",,15/01/2026,,,,97,97-DAP-CIAMSA 4-G,"0,06",,12/11/2025,,,,144,144-KCL-DISAN 6-G,"0,31",,21/01/2026,,,,160,160-ZUELO CA-CALFERQUIM 1-G,"0,13",,01/10/2025,,,,161,161-FERTIMENORES-CALFERQUIM 1-P,"0,1",,10/12/2025,,,,65,65-NUCLEO 4-CALFERQUIM 1-G,"0,14",,22/01/2026,,,,450,450-CARBONITRO-CALFERQUIM 1-L,0,,,,,,,,0,,,,,,,,0,,,,,,,,0,,,,,,,,0,,,,,,0,14,1,0,0,13,"3,76",19,"7,33","4,78","1,78",2,0,0,0,0,0,"2,48",0,0,381-230126,381-230126,381-230126,,
,558,24/01/2026,558-240126,,6aa2a9c8,,,,74,74-KIESERITA-MANUCHAR 1-P,"0,05",,13/01/2026,,,,274,274-SILICATO MAGNESIO-JULIAN SALDARRIAGA 1-P,"0,9",,16/01/2026,19/01/2026,,,111,111-BENTONITA ROJA-FERTICAUCA 4-P,"0,05",,13/01/2026,,,,,,0,,,,,,,,0,,,,,,,,0,,,,,,,,0,,,,,,,,0,,,,,,,,0,,,,,,,,0,,,,,,,,0,,,,,,0,0,0,0,0,0,0,0,0,"33,7",1,1,0,0,0,0,0,"38,35",0,0,558-240126,558-240126,558-240126,,
,564,25/01/2026,564-240126,,ec36571f,,,,23,23-SULFATO DE ZINC 35%-IMPORTADO 2-P,"0,9",,12/05/2025,,,,74,,"0,05",,13/01/2026,,,,274,274-SILICATO MAGNESIO-JULIAN SALDARRIAGA 1-P,"0,05",,16/01/2026,,,,,,0,,,,,,,,0,,,,,,,,0,,,,,,,,0,,,,,,,,0,,,,,,,,0,,,,,,,,0,,,,,,,,0,,,,,,0,0,0,0,0,0,0,0,0,"1,8",0,0,0,0,0,0,0,2,"31,5",0,564-240126,564-240126,564-240126,,
,997,25/01/2026,997-250126,,15fbab7a,,,,23,23-SULFATO DE ZINC 35%-IMPORTADO 2-P,"0,68",,12/05/2025,,,,74,74-KIESERITA-MANUCHAR 1-P,"0,05",,13/01/2026,,,,105,105-CARBONATO CALCIO-JAMAROL 3-P,"0,08",,23/01/2026,,,,370,370-BENTONITA GRIS-COMERCIALIZADORA HA 4-P,"0,2",,16/01/2026,,,,,,0,,,,,,,,0,,,,,,,,0,,,,,,,,0,,,,,,,,0,,,,,,,,0,,,,,,,,0,,,,,,0,0,0,0,0,0,0,"0,4","4,72","2,05",1,1,0,0,0,0,0,"11,4","23,8",0,997-250126,997-250126,997-250126,,
,62,26/01/2026,62-260126,,54fc2528,,,,74,74-KIESERITA-MANUCHAR 1-P,"0,05",,13/01/2026,,,,110,110-CAOLIN GRIS- 1-P,"0,6",,23/01/2026,24/01/2026,,,105,105-CARBONATO CALCIO-JAMAROL 3-P,"0,35",,23/01/2026,24/01/2026,,,,,0,,,,,,,,0,,,,,,,,0,,,,,,,,0,,,,,,,,0,,,,,,,,0,,,,,,,,0,,,,,,,,0,,,,,,0,0,0,0,0,0,0,0,"15,4","1,25",1,1,0,0,0,0,0,0,0,0,62-260126,62-260126,62-260126,,
,65,26/01/2026,65-260126,,b8888d93,,,,74,74-KIESERITA-MANUCHAR 1-P,"0,1",,13/01/2026,,,,05,5-SULFATO CALCIO-AGROINSUMOS 2-P,"0,15",,13/01/2026,,,,274,274-SILICATO MAGNESIO-JULIAN SALDARRIAGA 1-P,"0,4",,16/01/2026,,,,105,105-CARBONATO CALCIO-JAMAROL 3-P,"0,25",,23/01/2026,,,,120,120-CAL DOLOMITA-BM 1-P,"0,1",,23/01/2026,,,,,,0,,,,,,,,0,,,,,,,,0,,,,,,,,0,,,,,,,,0,,,,,,,,0,,,,,,0,0,0,0,0,0,0,0,"18,3","18,3","3,95","3,95",0,0,0,0,0,16,0,0,65-260126,65-260126,65-260126,,
,85,26/01/2026,85-260126,,dbe09593,,,,12,12-UREA-CIAMSA 7-G,"0,18",,15/01/2026,,,,65,65-NUCLEO 4-CALFERQUIM 1-G,"0,29",,23/01/2026,,,,97,97-DAP-CIAMSA 4-G,"0,3",,12/11/2025,,,,144,144-KCL-DISAN 6-G,0,,21/01/2026,,,,,,0,,,,,,,,0,,,,,,,,0,,,,,,,,0,,,,,,,,0,,,,,,,,0,,,,,,,,0,,,,,,0,"13,68","5,4",0,0,"8,28","13,8",0,"5,22","5,22","1,16","1,16",0,0,0,0,0,"4,06",0,0,85-260126,85-260126,85-260126,,
,558,27/01/2026,558-270126,,6aa2a9c8,,,,74,74-KIESERITA-MANUCHAR 1-P,"0,05",,13/01/2026,,,,274,274-SILICATO MAGNESIO-JULIAN SALDARRIAGA 1-P,"0,9",,19/01/2026,20/01/2026,,,111,111-BENTONITA ROJA-FERTICAUCA 4-P,"0,05",,13/01/2026,,,,,,0,,,,,,,,0,,,,,,,,0,,,,,,,,0,,,,,,,,0,,,,,,,,0,,,,,,,,0,,,,,,,,0,,,,,,0,0,0,0,0,0,0,0,0,"33,7",1,1,0,0,0,0,0,"38,35",0,0,558-270126,558-270126,558-270126,,
,65,27/01/2026,65-270126,,b8888d93,,,,74,74-KIESERITA-MANUCHAR 1-P,"0,1",,13/01/2026,,,,05,5-SULFATO CALCIO-AGROINSUMOS 2-P,"0,15",,13/01/2026,,,,274,274-SILICATO MAGNESIO-JULIAN SALDARRIAGA 1-P,"0,4",,16/01/2026,,,,105,105-CARBONATO CALCIO-JAMAROL 3-P,"0,25",,23/01/2026,24/01/2026,,,120,120-CAL DOLOMITA-BM 1-P,"0,1",,23/01/2026,,,,,,0,,,,,,,,0,,,,,,,,0,,,,,,,,0,,,,,,,,0,,,,,,,,0,,,,,,0,0,0,0,0,0,0,0,"18,3","18,3","3,95","3,95",0,0,0,0,0,16,0,0,65-270126,65-270126,65-270126,,
,311,27/01/2026,311-270126,,245f896a,,,,5,5-SULFATO CALCIO-ANIBAL ARANGO 1-P,"0,2",,13/01/2026,,,,105,105-CARBONATO CALCIO-JAMAROL 3-P,"0,1",,23/01/2026,24/01/2026,,,120,120-CAL DOLOMITA-BM 1-P,"0,1",,23/01/2026,,,,274,274-SILICATO MAGNESIO-JULIAN SALDARRIAGA 1-P,"0,35",,16/01/2026,,,,290,290-ROCA FOSFORICA-26-PRACO 1-P,"0,15",,17/01/2026,,,,110,110-CAOLIN GRIS- 1-P,"0,1",,24/01/2026,,,,,,0,,,,,,,,0,,,,,,,,0,,,,,,,,0,,,,,,,,0,,,,,,0,0,0,0,0,0,"3,9",0,"17,35",14,"2,6","2,6",0,0,0,0,0,14,0,0,311-270126,311-270126,311-270126,,
,558,28/01/2026,558-280126,,6aa2a9c8,,,,74,74-KIESERITA-MANUCHAR 1-P,"0,05",,17/01/2026,,,,274,274-SILICATO MAGNESIO-JULIAN SALDARRIAGA 1-P,"0,9",,20/01/2026,21/01/2026,,,111,111-BENTONITA ROJA-FERTICAUCA 4-P,"0,05",,13/01/2026,,,,,,0,,,,,,,,0,,,,,,,,0,,,,,,,,0,,,,,,,,0,,,,,,,,0,,,,,,,,0,,,,,,,,0,,,,,,0,0,0,0,0,0,0,0,0,"33,7",1,1,0,0,0,0,0,"38,35",0,0,558-280126,558-280126,558-280126,,
,141,28/01/2026,141-290126,,28ffaa6d,,,,74,74-KIESERITA-MANUCHAR 1-P,"0,05",,17/01/2026,,,,5,5-SULFATO CALCIO-ANIBAL ARANGO 1-P,"0,75",,21/01/2026,19/01/2026,,,105,105-CARBONATO CALCIO-JAMAROL 3-P,"0,15",,23/01/2026,,,,274,274-SILICATO MAGNESIO-JULIAN SALDARRIAGA 1-P,"0,05",,20/01/2026,21/01/2026,,,,,0,,,,,,,,0,,,,,,,,0,,,,,,,,0,,,,,,,,0,,,,,,,,0,,,,,,,,0,,,,,,0,0,0,0,0,0,0,0,"26,1","3,05","10,75","10,75",0,0,0,0,0,2,0,0,141-290126,141-290126,141-290126,,
,84,28/01/2026,84-280126,,c446b480,,,,12,12-UREA-CIAMSA 7-G,"0,3",,24/01/2026,,,,65,65-NUCLEO 4-CALFERQUIM 1-G,"0,31",,27/01/2026,,,,97,97-DAP-CIAMSA 4-G,"0,11",,12/11/2025,,,,144,144-KCL-DISAN 6-G,"0,28",,21/01/2026,,,,,,0,,,,,,,,0,,,,,,,,0,,,,,,,,0,,,,,,,,0,,,,,,,,0,,,,,,,,0,,,,,,0,"15,78","1,98",0,0,"13,8","5,06","16,8","5,58","5,58","1,24","1,24",0,0,0,0,0,"4,34",0,0,84-280126,84-280126,84-280126,,
,62,29/01/2026,62-290126,,54fc2528,,,,74,74-KIESERITA-MANUCHAR 1-P,"0,05",,17/01/2026,,,,110,110-CAOLIN GRIS- 1-P,"0,6",,24/01/2026,28/01/2026,,,105,105-CARBONATO CALCIO-JAMAROL 3-P,"0,35",,23/01/2026,26/01/2026,,,,,0,,,,,,,,0,,,,,,,,0,,,,,,,,0,,,,,,,,0,,,,,,,,0,,,,,,,,0,,,,,,,,0,,,,,,0,0,0,0,0,0,0,0,"15,4","1,25",1,1,0,0,0,0,0,0,0,0,62-290126,62-290126,62-290126,,
,558,29/01/2026,558-290126,,6aa2a9c8,,,,74,74-KIESERITA-MANUCHAR 1-P,"0,05",,17/01/2026,,,,274,274-SILICATO MAGNESIO-JULIAN SALDARRIAGA 1-P,"0,9",,26/01/2026,,,,111,111-BENTONITA ROJA-FERTICAUCA 4-P,"0,05",,13/01/2026,,,,,,0,,,,,,,,0,,,,,,,,0,,,,,,,,0,,,,,,,,0,,,,,,,,0,,,,,,,,0,,,,,,,,0,,,,,,0,0,0,0,0,0,0,0,0,"33,7",1,1,0,0,0,0,0,"38,35",0,0,558-290126,558-290126,558-290126,,
,679,29/01/2026,679-290126,,66920a78,,,,74,74-KIESERITA-MANUCHAR 1-P,"0,05",,17/01/2026,,,,111,111-BENTONITA ROJA-FERTICAUCA 4-P,"0,05",,13/01/2026,,,,105,105-CARBONATO CALCIO-JAMAROL 3-P,"0,15",,23/01/2026,,,,05,5-SULFATO CALCIO-ANIBAL ARANGO 1-P,"0,3",,19/01/2026,,,,290,31-ROCA FOSFÓRICA-FOSFATOS HUILA 1-P,"0,45",,24/01/2026,20/01/2026,,,,,0,,,,,,,,0,,,,,,,,0,,,,,,,,0,,,,,,,,0,,,,,,,,0,,,,,,0,0,0,0,0,0,"13,95",0,"31,05","1,3","4,9","4,9",0,0,0,0,0,"2,35",0,0,679-290126,679-290126,679-290126,,
,558,30/01/2026,558-300126,,6aa2a9c8,,,,74,74-KIESERITA-MANUCHAR 1-P,"0,05",,17/01/2026,,,,274,274-SILICATO MAGNESIO-JULIAN SALDARRIAGA 1-P,"0,9",,29/01/2026,26/01/2026,,,111,111-BENTONITA ROJA-FERTICAUCA 4-P,"0,05",,13/01/2026,,,,,,0,,,,,,,,0,,,,,,,,0,,,,,,,,0,,,,,,,,0,,,,,,,,0,,,,,,,,0,,,,,,,,0,,,,,,0,0,0,0,0,0,0,0,0,"33,7",1,1,0,0,0,0,0,"38,35",0,0,558-300126,558-300126,558-300126,,
,,,,,,,,,,,,,,,,,,,,,,,,,,,,,,,,,,,,,,,,,,,,,,,,,,,,,,,,,,,,,,,,,,,,,,,,,,,,,,,,,,,,,,,,,,,,,,,,,,,,,,,,,,,,,,,,,,,,,,,,,
,431,30/01/2026,431-300126,,16f4f46f,,,,12,12-UREA-CIAMSA 7-G,"0,48",,27/01/2026,,,,32,32-SAM-EVOAGRO 3-G,"0,15",,12/11/2025,,,,35,35-SILIMAGRAN-CALFERQUIM 1-G,"0,02",,30/12/2025,,,,97,97-DAP-CIAMSA 4-G,"0,05",,12/11/2025,,,,144,144-KCL-DISAN 6-G,"0,04",,20/01/2026,,,,155,155-RAIFOS 20-CALFERQUIM 1-G,"0,16",,23/12/2025,,,,160,160-ZUELO CA-CALFERQUIM 1-G,"0,11",,01/10/2025,,,,,,0,,,,,,,,0,,,,,,,,0,,,,,,,,0,,,,,,"0,8","26,13","4,05",0,0,"22,08","5,6","2,73","6,65","2,16","4,2","4,2",0,0,0,0,0,"4,4",0,0,431-300126,431-300126,431-300126,,
,646,30/01/2026,646-300126,,c1f23287,,,,12,12-UREA-CIAMSA 7-G,"0,06",,27/01/2026,,,,32,32-SAM-EVOAGRO 3-G,"0,01",,12/11/2025,,,,35,35-SILIMAGRAN-CALFERQUIM 1-G,"0,16",,30/12/2025,,,,97,97-DAP-CIAMSA 4-G,"0,45",,12/11/2025,,,,144,144-KCL-DISAN 6-G,"0,15",,20/01/2026,,,,155,155-RAIFOS 20-CALFERQUIM 1-G,"0,15",,23/12/2025,,,,123,123-BORO G-CALFERQUIM 1-G,"0,02",,25/08/2025,,,,,,0,,,,,,,,0,,,,,,,,0,,,,,,,,0,,,,,,"0,75","11,07","8,31",0,0,"2,76","24,5",9,"3,45","5,03","0,39","0,39",0,0,0,0,0,"7,95",0,0,646-300126,646-300126,646-300126,,
,1295,30/01/2026,1295-300126,,d324aa48,,,,12,12-UREA-CIAMSA 7-G,"0,03",,27/01/2026,,,,32,32-SAM-EVOAGRO 3-G,"0,04",,12/11/2025,,,,35,35-SILIMAGRAN-CALFERQUIM 1-G,"0,09",,12/11/2025,,,,97,97-DAP-DISAN 3-G,"0,25",,12/11/2025,,,,144,144-KCL-DISAN 6-G,"0,49",,20/01/2026,,,,155,155-RAIFOS 20-CALFERQUIM 1-G,"0,1",,23/01/2026,,,,,,0,,,,,,,,0,,,,,,,,0,,,,,,,,0,,,,,,,,0,,,,,,"0,5","6,72","5,34",0,0,"1,38","13,95","29,4","2,3","2,85","1,06","1,06",0,0,0,0,0,"4,8",0,0,1295-300126,1295-300126,1295-300126,,
,666,30/01/2026,666-300126,,e02149cf,,,,12,12-UREA-CIAMSA 7-G,"0,04",,27/01/2026,,,,32,32-SAM-PRECISAGRO 2-G,"0,11",,12/11/2025,,,,35,35-SILIMAGRAN-CALFERQUIM 1-G,"0,1",,30/12/2025,,,,50,155-RAIFOS 20-CALFERQUIM 1-G,"0,1",,23/01/2026,,,,161,161-FERTIMENORES-CALFERQUIM 1-P,0,,10/12/2025,,,,,,0,,,,,,,,0,,,,,,,,0,,,,,,,,0,,,,,,,,0,,,,,,,,0,,,,,,"0,5","4,15","2,31",0,0,"1,84","2,5",0,"2,3","3,15","2,74","2,74",0,0,0,0,0,"5,1",0,0,666-300126,666-300126,666-300126,,
,1293,30/01/2026,1293-300126,,b9027682,,,,12,12-UREA-CIAMSA 7-G,"0,59",,27/01/2026,,,,32,32-SAM-EVOAGRO 3-G,"0,1",,12/11/2025,,,,35,35-SILIMAGRAN-CALFERQUIM 1-G,"0,02",,30/12/2025,,,,97,97-DAP-CIAMSA 4-G,"0,04",,12/11/2025,,,,144,144-KCL-DISAN 6-G,"0,01",,20/01/2026,,,,155,155-RAIFOS 20-CALFERQUIM 1-G,"0,14",,23/01/2026,,,,160,160-ZUELO CA-CALFERQUIM 1-G,"0,1",,01/10/2025,,,,,,0,,,,,,,,0,,,,,,,,0,,,,,,,,0,,,,,,"0,7","29,96","2,82",0,0,"27,14","4,74","0,9","5,92","2,01","2,94","2,94",0,0,0,0,0,"3,94",0,0,1293-300126,1293-300126,1293-300126,,
,314,30/01/2026,314-300126,,d2076ea4,,,,12,12-UREA-CIAMSA 7-G,"0,01",,27/01/2026,,,,35,35-SILIMAGRAN-CALFERQUIM 1-G,"0,29",,30/12/2025,,,,97,97-DAP-CIAMSA 4-G,"0,54",,12/11/2025,,,,144,144-KCL-DISAN 6-G,"0,1",,20/01/2026,,,,,,0,,,,,,,,0,,,,,,,,0,,,,,,,,0,,,,,,,,0,,,,,,,,0,,,,,,,,0,,,,,,0,"10,18","9,72",0,0,"0,46","26,29",6,0,"8,7",0,0,0,0,0,0,0,"8,7",0,0,314-300126,314-300126,314-300126,,
,62,30/01/2026,62-300126,,54fc2528,,,,74,74-KIESERITA-MANUCHAR 1-P,"0,05",,17/01/2026,,,,110,110-CAOLIN GRIS- 1-P,"0,6",,30/01/2026,16/01/2026,,,105,105-CARBONATO CALCIO-JAMAROL 3-P,"0,35",,28/01/2026,,,,,,0,,,,,,,,0,,,,,,,,0,,,,,,,,0,,,,,,,,0,,,,,,,,0,,,,,,,,0,,,,,,,,0,,,,,,0,0,0,0,0,0,0,0,"15,4","1,25",1,1,0,0,0,0,0,0,0,0,62-300126,62-300126,62-300126,,
,62,31/01/2026,62-310126,,818ad5b2,,,,74,74-KIESERITA-MANUCHAR 1-P,"0,05",,17/01/2026,,,,274,274-SILICATO MAGNESIO-JULIAN SALDARRIAGA 1-P,"0,1",,30/01/2026,,,,105,105-CARBONATO CALCIO-JAMAROL 3-P,"0,85",,28/01/2026,29/01/2026,,,,,0,,,,,,,,0,,,,,,,,0,,,,,,,,0,,,,,,,,0,,,,,,,,0,,,,,,,,0,,,,,,,,0,,,,,,0,0,0,0,0,0,0,0,"37,4","4,85",1,1,0,0,0,0,0,4,0,0,62-310126,62-310126,62-310126,,
,62,02/02/2026,62-020226,,818ad5b2,,,,74,74-KIESERITA-MANUCHAR 1-P,"0,05",,17/12/2025,,,,274,274-SILICATO MAGNESIO-JULIAN SALDARRIAGA 1-P,"0,1",,31/01/2026,,,,105,105-CARBONATO CALCIO-JAMAROL 3-P,"0,85",,23/01/2026,,,,,,0,,,,,,,,0,,,,,,,,0,,,,,,,,0,,,,,,,,0,,,,,,,,0,,,,,,,,0,,,,,,,,0,,,,,,0,0,0,0,0,0,0,0,"37,4","4,85",1,1,0,0,0,0,0,4,0,0,62-020226,62-020226,62-020226,,
,65,02/02/2026,65-020226,,b8888d93,,,,74,74-KIESERITA-MANUCHAR 1-P,"0,1",,17/01/2026,,,,05,5-SULFATO CALCIO-AGROINSUMOS 2-P,"0,15",,07/12/2025,,,,274,274-SILICATO MAGNESIO-JULIAN SALDARRIAGA 1-P,"0,4",,16/01/2026,,,,105,105-CARBONATO CALCIO-JAMAROL 3-P,"0,25",,23/01/2026,,,,120,120-CAL DOLOMITA-BM 1-P,"0,1",,23/01/2026,,,,,,0,,,,,,,,0,,,,,,,,0,,,,,,,,0,,,,,,,,0,,,,,,,,0,,,,,,0,0,0,0,0,0,0,0,"18,3","18,3","3,95","3,95",0,0,0,0,0,16,0,0,65-020226,65-020226,65-020226,,
,635,02/02/2026,635-020226,,611fe1aa,,,,12,12-UREA-CIAMSA 7-G,"0,25",,24/01/2026,,,,32,32-SAM-NUTRICION PLANTAS 1-G,"0,08",,31/01/2026,,,,72,72-MAP-EVOAGRO 5-G,"0,08",,,,,,97,97-DAP-CIAMSA 4-G,"0,03",,30/01/2026,,,,144,144-KCL-DISAN 6-G,"0,3",,28/01/2026,,,,155,155-RAIFOS 20-CALFERQUIM 1-G,"0,17",,23/12/2025,,,,160,160-ZUELO CA-CALFERQUIM 1-G,"0,02",,01/10/2025,,,,161,161-FERTIMENORES-CALFERQUIM 1-P,"0,04",,12/10/2025,,,,167,167-SULFATO POTASIO-AGRICULTURA Y SERVICIOS 1-G,"0,03",,10/01/2026,,,,,,0,,,,,,,,0,,,,,,"0,85","14,76","3,1",0,0,"11,5","9,34","19,62","4,97","0,78","2,99","2,99","0,02",0,0,0,0,"3,65","0,1",0,635-020226,635-020226,635-020226,,
,518,02/02/2026,518-020226,,29980386,,,,12,12-UREA-CIAMSA 7-G,"0,31",,24/01/2026,,,,32,32-SAM-NUTRICION PLANTAS 1-G,"0,21",,30/01/2026,,,,35,35-SILIMAGRAN-CALFERQUIM 1-G,"0,08",,30/12/2025,,,,97,97-DAP-CIAMSA 4-G,"0,34",,30/01/2026,,,,144,144-KCL-DISAN 6-G,"0,01",,28/01/2026,,,,155,155-RAIFOS 20-CALFERQUIM 1-G,"0,05",,23/12/2025,,,,,,0,,,,,,,,0,,,,,,,,0,,,,,,,,0,,,,,,,,0,,,,,,"0,25","24,79","10,53",0,0,"14,26","17,04","0,6","1,15","2,48","5,09","5,09",0,0,0,0,0,"3,45",0,0,518-020226,518-020226,518-020226,,
,516,02/02/2026,516-020226,,ce69b233,,,,12,12-UREA-CIAMSA 7-G,"0,2",,27/02/2026,,,,32,32-SAM-NUTRICION PLANTAS 1-G,"0,18",,30/01/2026,,,,65,65-NUCLEO 4-CALFERQUIM 1-G,"0,04",,02/02/2026,,,,97,97-DAP-CIAMSA 4-G,"0,02",,30/01/2026,,,,144,144-KCL-DISAN 6-G,"0,39",,28/01/2026,,,,155,155-RAIFOS 20-CALFERQUIM 1-G,"0,14",,23/12/2025,,,,160,160-ZUELO CA-CALFERQUIM 1-G,"0,03",,01/10/2025,,,,,,0,,,,,,,,0,,,,,,,,0,,,,,,,,0,,,,,,"0,7","13,34","4,14",0,0,"9,2","3,72","23,49","4,75","1,29","4,74","4,74",0,0,0,0,0,"3,62",0,0,516-020226,516-020226,516-020226,,
,558,03/02/2026,558-030226,,6aa2a9c8,,,,74,74-KIESERITA-MANUCHAR 1-P,"0,05",,17/01/2026,,,,274,274-SILICATO MAGNESIO-JULIAN SALDARRIAGA 1-P,"0,9",,26/02/2026,27/02/2026,,,111,111-BENTONITA ROJA-FERTICAUCA 4-P,"0,05",,13/01/2026,,,,,,0,,,,,,,,0,,,,,,,,0,,,,,,,,0,,,,,,,,0,,,,,,,,0,,,,,,,,0,,,,,,,,0,,,,,,0,0,0,0,0,0,0,0,0,"33,7",1,1,0,0,0,0,0,"38,35",0,0,558-030226,558-030226,558-030226,,
,62,03/02/2026,62-030226,,818ad5b2,,,,74,74-KIESERITA-MANUCHAR 1-P,"0,05",,17/02/2026,,,,274,274-SILICATO MAGNESIO-JULIAN SALDARRIAGA 1-P,"0,1",,30/01/2026,,,,105,105-CARBONATO CALCIO-JAMAROL 3-P,"0,85",,29/01/2026,02/02/2026,,,,,0,,,,,,,,0,,,,,,,,0,,,,,,,,0,,,,,,,,0,,,,,,,,0,,,,,,,,0,,,,,,,,0,,,,,,0,0,0,0,0,0,0,0,"37,4","4,85",1,1,0,0,0,0,0,4,0,0,62-030226,62-030226,62-030226,,
,141,04/02/2026,141-040226,,28ffaa6d,,,,74,74-KIESERITA-MANUCHAR 1-P,"0,05",,17/01/2026,,,,5,5-SULFATO CALCIO-ANIBAL ARANGO 1-P,"0,75",,31/01/2026,,,,105,105-CARBONATO CALCIO-JAMAROL 3-P,"0,15",,03/02/2026,,,,274,274-SILICATO MAGNESIO-JULIAN SALDARRIAGA 1-P,"0,05",,29/01/2026,,,,,,0,,,,,,,,0,,,,,,,,0,,,,,,,,0,,,,,,,,0,,,,,,,,0,,,,,,,,0,,,,,,0,0,0,0,0,0,0,0,"26,1","3,05","10,75","10,75",0,0,0,0,0,2,0,0,141-040226,141-040226,141-040226,,
,558,04/02/2026,558-040226,,6aa2a9c8,,,,74,74-KIESERITA-MANUCHAR 1-P,"0,05",,17/02/2026,,,,274,274-SILICATO MAGNESIO-JULIAN SALDARRIAGA 1-P,"0,9",,26/01/2026,29/01/2026,,,111,111-BENTONITA ROJA-FERTICAUCA 4-P,"0,05",,13/01/2026,,,,,,0,,,,,,,,0,,,,,,,,0,,,,,,,,0,,,,,,,,0,,,,,,,,0,,,,,,,,0,,,,,,,,0,,,,,,0,0,0,0,0,0,0,0,0,"33,7",1,1,0,0,0,0,0,"38,35",0,0,558-040226,558-040226,558-040226,,
,62,04/02/2026,62-040226,,818ad5b2,,,,74,74-KIESERITA-MANUCHAR 1-P,"0,05",,17/02/2026,,,,274,274-SILICATO MAGNESIO-JULIAN SALDARRIAGA 1-P,"0,1",,26/01/2026,,,,105,105-CARBONATO CALCIO-JAMAROL 3-P,"0,85",,03/02/2026,04/02/2026,,,,,0,,,,,,,,0,,,,,,,,0,,,,,,,,0,,,,,,,,0,,,,,,,,0,,,,,,,,0,,,,,,,,0,,,,,,0,0,0,0,0,0,0,0,"37,4","4,85",1,1,0,0,0,0,0,4,0,0,62-040226,62-040226,62-040226,,
,429,04/02/2026,429-040226,,7d0d8870,,,,12,12-UREA-CIAMSA 7-G,"0,23",,27/01/2026,,,,32,32-SAM-NUTRICION PLANTAS 1-G,"0,01",,31/01/2026,,,,35,35-SILIMAGRAN-CALFERQUIM 1-G,"0,02",,30/11/2025,,,,97,97-DAP-CIAMSA 4-G,"0,38",,30/01/2026,,,,373,123-BORO G-CALFERQUIM 1-G,"0,02",,25/08/2025,,,,141,141-FE SULFATO CALCIO P-CALFERQUIM 1-G,"0,04",,28/01/2026,,,,144,144-KCL-DISAN 6-G,"0,3",,28/01/2026,,,,150,150-CALFERZINC P-CALFERQUIM 1-G,"0,01",,22/10/2025,,,,,,0,,,,,,,,0,,,,,,,,0,,,,,,0,"17,63","7,05",0,0,"10,58","17,58","18,03","1,06","0,66","0,74","0,74",0,0,0,0,0,"0,71","0,22",0,429-040226,429-040226,429-040226,,
,679,05/02/2026,679-050226,,eb47d71e,,,,74,74-KIESERITA-MANUCHAR 1-P,"0,05",,04/02/2026,,,,5,5-SULFATO CALCIO-ANIBAL ARANGO 1-P,"0,3",,07/01/2026,,,,105,105-CARBONATO CALCIO-JAMAROL 3-P,"0,15",,04/02/2026,,,,111,111-BENTONITA ROJA-FERTICAUCA 4-P,"0,05",,13/01/2026,,,,290,290-ROCA FOSFORICA-26-PRACO 1-P,"0,45",,17/01/2026,,,,,,0,,,,,,,,0,,,,,,,,0,,,,,,,,0,,,,,,,,0,,,,,,,,0,,,,,,0,0,0,0,0,0,"11,7",0,"27,45","1,3","4,9","4,9",0,0,0,0,0,"2,35",0,0,679-050226,679-050226,679-050226,,
,62,05/02/2026,62-050226,,54fc2528,,,,74,74-KIESERITA-MANUCHAR 1-P,"0,05",,04/02/2026,,,,110,110-CAOLIN GRIS- 1-P,"0,6",,04/02/2026,,,,105,105-CARBONATO CALCIO-JAMAROL 3-P,"0,35",,04/02/2026,03/02/2026,,,,,0,,,,,,,,0,,,,,,,,0,,,,,,,,0,,,,,,,,0,,,,,,,,0,,,,,,,,0,,,,,,,,0,,,,,,0,0,0,0,0,0,0,0,"15,4","1,25",1,1,0,0,0,0,0,0,0,0,62-050226,62-050226,62-050226,,
,563,05/02/2026,563-050226,,2973a862,,,,74,74-KIESERITA-MANUCHAR 1-P,"0,05",,05/02/2026,,,,105,105-CARBONATO CALCIO-JAMAROL 3-P,"0,6",,04/02/2026,05/02/2026,,,370,370-BENTONITA GRIS-FERTICAUCA 3-P,"0,25",,04/02/2026,05/02/2026,,,274,274-SILICATO MAGNESIO-JULIAN SALDARRIAGA 1-P,"0,1",,04/02/2026,,,,,,0,,,,,,,,0,,,,,,,,0,,,,,,,,0,,,,,,,,0,,,,,,,,0,,,,,,,,0,,,,,,0,0,0,0,0,0,0,"0,5","27,9","5,85",1,1,0,0,0,0,0,"18,25",0,0,563-050226,563-050226,563-050226,,
,558,06/02/2026,558-060226,,6aa2a9c8,,,,74,74-KIESERITA-MANUCHAR 1-P,"0,05",,05/02/2026,,,,274,274-SILICATO MAGNESIO-JULIAN SALDARRIAGA 1-P,"0,9",,04/02/2026,05/02/2026,29/01/2026,26/01/2026,111,111-BENTONITA ROJA-FERTICAUCA 4-P,"0,05",,13/01/2026,04/02/2026,05/02/2026,,,,0,,,,,,,,0,,,,,,,,0,,,,,,,,0,,,,,,,,0,,,,,,,,0,,,,,,,,0,,,,,,,,0,,,,,,0,0,0,0,0,0,0,0,0,"33,7",1,1,0,0,0,0,0,"38,35",0,0,558-060226,558-060226,558-060226,,
,65,07/02/2026,65-070226,,b8888d93,,,,74,74-KIESERITA-MANUCHAR 1-P,"0,1",,05/02/2026,,,,05,5-SULFATO CALCIO-AGROINSUMOS 2-P,"0,15",,17/01/2026,,,,274,274-SILICATO MAGNESIO-JULIAN SALDARRIAGA 1-P,"0,4",,26/01/2026,,,,105,105-CARBONATO CALCIO-JAMAROL 3-P,"0,25",,05/02/2026,,,,120,120-CAL DOLOMITA-BM 1-P,"0,1",,23/01/2026,,,,,,0,,,,,,,,0,,,,,,,,0,,,,,,,,0,,,,,,,,0,,,,,,,,0,,,,,,0,0,0,0,0,0,0,0,"18,3","18,3","3,95","3,95",0,0,0,0,0,16,0,0,65-070226,65-070226,65-070226,,
,155,09/02/2026,155-090226,,e697eecd,,,,74,74-KIESERITA-MANUCHAR 1-P,"0,05",,05/02/2026,,,,111,370-BENTONITA GRIS-FERTICAUCA 3-P,"0,09",,13/01/2026,,,,152,152-LEONARDITA- 1-P,"0,1",,,,,,193,193-MAP IMPORTADO- 3-G,"0,29",,24/09/2025,,,,650,31-ROCA FOSFÓRICA-FOSFATOS HUILA 1-P,"0,65",,20/01/2026,,,,678,678-ABONO ORGANICO-CALFERQUIM 1-G,0,,10/10/2025,,,,,,0,,,,,,,,0,,,,,,,,0,,,,,,,,0,,,,,,,,0,,,,,,0,0,0,0,0,0,"20,15","0,18","24,59","1,61",1,1,0,0,0,0,0,"5,13",0,0,155-090226,155-090226,155-090226,,
,558,09/02/2026,558-090226,,6aa2a9c8,,,,74,74-KIESERITA-MANUCHAR 1-P,"0,05",,05/02/2026,,,,274,274-SILICATO MAGNESIO-JULIAN SALDARRIAGA 1-P,"0,9",,07/02/2026,,,,370,370-BENTONITA GRIS-COMERCIALIZADORA HA 4-P,"0,05",,04/02/2026,06/02/2026,,,,,0,,,,,,,,0,,,,,,,,0,,,,,,,,0,,,,,,,,0,,,,,,,,0,,,,,,,,0,,,,,,,,0,,,,,,0,0,0,0,0,0,0,"0,1","0,3","33,85",1,1,0,0,0,0,0,"38,85",0,0,558-090226,558-090226,558-090226,,
,155,10/02/2026,155-100226,,e697eecd,,,,74,74-KIESERITA-MANUCHAR 1-P,"0,05",,05/02/2026,,,,111,370-BENTONITA GRIS-FERTICAUCA 3-P,"0,09",,06/02/2026,,,,152,152-LEONARDITA- 1-P,"0,1",,,,,,193,193-MAP IMPORTADO- 3-G,"0,29",,09/09/2025,,,,650,31-ROCA FOSFÓRICA-FOSFATOS HUILA 1-P,"0,65",,20/01/2026,,,,678,678-ABONO ORGANICO-CALFERQUIM 1-G,0,,10/10/2025,,,,,,0,,,,,,,,0,,,,,,,,0,,,,,,,,0,,,,,,,,0,,,,,,0,0,0,0,0,0,"20,15","0,18","24,59","1,61",1,1,0,0,0,0,0,"5,13",0,0,155-100226,155-100226,155-100226,,
,62,10/02/2026,62-100226,,818ad5b2,,,,74,74-KIESERITA-MANUCHAR 1-P,"0,05",,05/02/2026,,,,274,274-SILICATO MAGNESIO-JULIAN SALDARRIAGA 1-P,"0,1",,07/02/2026,,,,105,105-CARBONATO CALCIO-JAMAROL 3-P,"0,85",,05/02/2026,,,,,,0,,,,,,,,0,,,,,,,,0,,,,,,,,0,,,,,,,,0,,,,,,,,0,,,,,,,,0,,,,,,,,0,,,,,,0,0,0,0,0,0,0,0,"37,4","4,85",1,1,0,0,0,0,0,4,0,0,62-100226,62-100226,62-100226,,
,160,10/02/2026,160-100226,,478c4161,,,,05,5-SULFATO CALCIO-ANIBAL ARANGO 1-P,"0,25",,07/01/2026,,,,16,16-ULEXITA-ULEXANDER/IMPORTADA 3-P,"0,02",,25/08/2025,,,,74,74-KIESERITA-MANUCHAR 1-P,"0,05",,05/02/2026,,,,370,110-CAOLIN GRIS- 1-P,"0,1",,06/02/2026,,,,120,120-CAL DOLOMITA-BM 1-P,"0,4",,23/01/2026,,,,274,274-SILICATO MAGNESIO-JULIAN SALDARRIAGA 1-P,"0,05",,07/02/2026,,,,290,31-ROCA FOSFÓRICA-FOSFATOS HUILA 1-P,"0,13",,17/01/2026,,,,,,0,,,,,,,,0,,,,,,,,0,,,,,,,,0,,,,,,0,0,0,0,0,0,"4,03",0,"24,91","8,65","4,25","4,25",0,0,0,0,0,2,0,0,160-100226,160-100226,160-100226,,
,62,11/02/2026,62-110226,,818ad5b2,,,,74,74-KIESERITA-MANUCHAR 1-P,"0,05",,05/02/2026,,,,274,274-SILICATO MAGNESIO-JULIAN SALDARRIAGA 1-P,"0,1",,07/02/2026,,,,105,105-CARBONATO CALCIO-JAMAROL 3-P,"0,85",,10/02/2026,05/02/2026,,,,,0,,,,,,,,0,,,,,,,,0,,,,,,,,0,,,,,,,,0,,,,,,,,0,,,,,,,,0,,,,,,,,0,,,,,,0,0,0,0,0,0,0,0,"37,4","4,85",1,1,0,0,0,0,0,4,0,0,62-110226,62-110226,62-110226,,
,558,11/02/2026,558-110226,,c61b89df,,,,75,75-KIESERITA- 1-G,"0,05",,05/02/2026,,,,274,274-SILICATO MAGNESIO-JULIAN SALDARRIAGA 1-P,"0,9",,07/02/2026,,,,111,111-BENTONITA ROJA-FERTICAUCA 4-P,"0,05",,06/02/2026,,,,,,0,,,,,,,,0,,,,,,,,0,,,,,,,,0,,,,,,,,0,,,,,,,,0,,,,,,,,0,,,,,,,,0,,,,,,0,0,0,0,0,0,0,0,0,"33,7",1,1,0,0,0,0,0,"38,35",0,0,558-110226,558-110226,558-110226,,
,635,13/01/2026,635-130126,635-MFE 15N-9P-20K+EM-CALFERQUIM 1-G,aae86d12,6:00:00,22:00:00,35,,,0,0,,,,,,,0,0,,,,,,,0,0,,,,,,,0,0,,,,,,,0,0,,,,,,,0,0,,,,,,,0,0,,,,,,,0,0,,,,,,,0,0,,,,,,,0,0,,,,,,,0,0,,,,,0,0,0,0,0,0,0,0,0,0,0,0,0,0,0,0,0,0,0,0,635-130126,635-130126,635-130126,,
,62,12/02/2026,62-120226,62-NUCLEO CAMASI GRIS-CALFERQUIM 1-G,818ad5b2,6:00:00,22:00:00,35,74,74-KIESERITA-MANUCHAR 1-P,"0,05",1750,05/02/2026,,,,274,274-SILICATO MAGNESIO-JULIAN SALDARRIAGA 1-P,"0,1",3500,07/02/2026,,,,105,105-CARBONATO CALCIO-JAMAROL 3-P,"0,85",29750,11/02/2026,,,,,,0,0,,,,,,,0,0,,,,,,,0,0,,,,,,,0,0,,,,,,,0,0,,,,,,,0,0,,,,,,,0,0,,,,,,,0,0,,,,,0,0,0,0,0,0,0,0,"37,4","4,85",1,1,0,0,0,0,0,4,0,0,62-120226,62-120226,62-120226,,
,558,12/02/2026,558-120226,558-NUCLEO MAGNESIO-SILICIO EM-CALFERQUIM 1-G,c61b89df,6:00:00,22:00:00,35,75,75-KIESERITA- 1-G,"0,05",1750,05/02/2026,,,,274,274-SILICATO MAGNESIO-JULIAN SALDARRIAGA 1-P,"0,9",31500,11/02/2026,07/02/2026,,,110,110-CAOLIN GRIS- 1-P,"0,05",1750,11/02/2026,,,,,,0,0,,,,,,,0,0,,,,,,,0,0,,,,,,,0,0,,,,,,,0,0,,,,,,,0,0,,,,,,,0,0,,,,,,,0,0,,,,,0,0,0,0,0,0,0,0,0,"33,65",1,1,0,0,0,0,0,36,0,0,558-120226,558-120226,558-120226,,
,670,12/02/2026,670-120226,670-MF 10N-9P-30K-CALFERQUIM 1-G,97463f93,6:00:00,22:00:00,35,12,12-UREA-EVOAGRO 2-G,"0,09",3150,02/02/2026,,,,32,32-SAM-NUTRICION PLANTAS 1-G,"0,08",2800,10/02/2026,,,,35,35-SILIMAGRAN-CALFERQUIM 1-G,"0,05",1750,30/01/2026,,,,97,97-DAP-CIAMSA 4-G,"0,18",6300,30/01/2026,,,,123,123-BORO G-CALFERQUIM 1-G,"0,05",1750,25/08/2025,,,,144,144-KCL-DISAN 6-G,"0,49",17150,09/02/2026,,,,643,643-FE SULFATO ZINC 22-CALFERQUIM 1-G,"0,05",1750,27/01/2026,,,,160,160-ZUELO CA-CALFERQUIM 1-G,"0,01",350,10/02/2026,,,,,,0,0,,,,,,,0,0,,,,,,,0,0,,,,,0,"9,06","4,92",0,0,"4,14","8,53","29,43","0,27","1,62","1,96","1,96",0,0,0,0,0,"1,54","1,1",0,670-120226,670-120226,670-120226,,
,607,12/02/2026,607-120226,607-MFE 29N-1P-11K+EM-CALFERQUIM 1-G,7017ec76,6:00:00,22:00:00,35,12,12-UREA-EVOAGRO 2-G,"0,53",18550,02/02/2026,,,,32,32-SAM-NUTRICION PLANTAS 1-G,"0,18",6300,10/02/2026,,,,65,65-NUCLEO 4-CALFERQUIM 1-G,"0,08",2800,07/02/2026,,,,123,123-BORO G-CALFERQUIM 1-G,"0,02",700,25/08/2025,,,,144,144-KCL-DISAN 6-G,"0,01",350,09/02/2026,,,,,,0,0,,,,,,,0,0,,,,,,,0,0,,,,,,,0,0,,,,,,,0,0,,,,,,,0,0,,,,,0,"28,16","3,78",0,0,"24,38",0,"0,6","1,44","1,44","4,64","4,64",0,0,0,0,0,"1,12",0,0,607-120226,607-120226,607-120226,,
,62,13/02/2026,62-130226,62-NUCLEO CAMASI GRIS-CALFERQUIM 1-G,818ad5b2,6:00:00,22:00:00,35,74,74-KIESERITA-MANUCHAR 1-P,"0,05",1750,05/02/2026,,,,274,274-SILICATO MAGNESIO-JULIAN SALDARRIAGA 1-P,"0,1",3500,07/02/2026,,,,105,105-CARBONATO CALCIO-JAMAROL 3-P,"0,85",29750,05/02/2026,10/02/2026,,,,,0,0,,,,,,,0,0,,,,,,,0,0,,,,,,,0,0,,,,,,,0,0,,,,,,,0,0,,,,,,,0,0,,,,,,,0,0,,,,,0,0,0,0,0,0,0,0,"37,4","4,85",1,1,0,0,0,0,0,4,0,0,62-130226,62-130226,62-130226,,
,997,13/02/2026,997-130226,997-SULFATO ZINC 22-CALFERQUIM 1-P,15fbab7a,6:00:00,22:00:00,35,23,23-SULFATO DE ZINC 35%-IMPORTADO 2-P,"0,68",23800,12/05/2025,,,,74,74-KIESERITA-MANUCHAR 1-P,"0,05",1750,05/02/2026,,,,105,105-CARBONATO CALCIO-JAMAROL 3-P,"0,08",2800,03/02/2026,05/02/2026,,,370,370-BENTONITA GRIS-COMERCIALIZADORA HA 4-P,"0,2",7000,11/02/2026,,,,,,0,0,,,,,,,0,0,,,,,,,0,0,,,,,,,0,0,,,,,,,0,0,,,,,,,0,0,,,,,,,0,0,,,,,0,0,0,0,0,0,0,"0,4","4,72","2,05",1,1,0,0,0,0,0,"11,4","23,8",0,997-130226,997-130226,997-130226,,
,412,13/02/2026,412-130226,412-MFE 25N-13P-12K +EM-CALFERQUIM 1-G,95114a00,6:00:00,22:00:00,35,12,12-UREA-EVOAGRO 2-G,"0,42",14700,02/02/2026,,,,32,32-SAM-NUTRICION PLANTAS 1-G,"0,03",1050,10/02/2026,,,,97,97-DAP-NUTRICION PLANTAS 1-G,"0,27",9450,30/01/2026,,,,123,123-BORO G-CALFERQUIM 1-G,"0,01",350,25/08/2025,,,,144,144-KCL-DISAN 6-G,"0,19",6650,09/02/2026,,,,997,997-SULFATO ZINC 22-CALFERQUIM 1-P,"0,01",350,27/01/2026,,,,155,155-RAIFOS 20-CALFERQUIM 1-G,"0,02",700,10/02/2026,,,,160,160-ZUELO CA-CALFERQUIM 1-G,"0,06",2100,10/02/2026,,,,,,0,0,,,,,,,0,0,,,,,,,0,0,,,,,"0,1","24,81","5,49",0,0,"19,32","12,82","11,58","2,08","0,75","0,98","0,98",0,0,0,0,0,"0,66",0,0,412-130226,412-130226,412-130226,,
,635,13/02/2026,635-130226,635-MFE 15N-9P-20K+EM-CALFERQUIM 1-G,a609aee1,6:00:00,22:00:00,35,12,12-UREA-EVOAGRO 2-G,"0,25",8750,02/02/2026,,,,32,32-SAM-NUTRICION PLANTAS 1-G,"0,08",2800,10/02/2026,,,,65,140-NUCLEO FERCON-CALFERQUIM 1-G,"0,04",1400,07/02/2026,,,,72,72-MAP-EVOAGRO 5-G,"0,08",2800,,,,,97,97-DAP-EVOAGRO 5-G,"0,03",1050,30/01/2026,,,,123,123-BORO G-CALFERQUIM 1-G,"0,01",350,25/08/2025,,,,144,144-KCL-DISAN 6-G,"0,3",10500,09/02/2026,,,,997,997-SULFATO ZINC 22-CALFERQUIM 1-P,"0,01",350,27/01/2026,,,,155,155-RAIFOS 20-CALFERQUIM 1-G,"0,17",5950,10/02/2026,,,,167,167-SULFATO POTASIO-AGRICULTURA Y SERVICIOS 1-G,"0,03",1050,10/01/2026,,,,,,0,0,,,,,"0,85","14,6","3,1",0,0,"11,5","8,94","19,56","4,59","0,94","2,79","2,79",0,0,0,0,0,"4,05",0,0,635-130226,635-130226,635-130226,,
,665,13/02/2026,665-130226,665-MF 32N-1P-12K+EM-CALFERQUIM 1-G,e5ea57af,6:00:00,22:00:00,35,12,12-UREA-EVOAGRO 2-G,"0,7",24500,02/02/2026,,,,144,144-KCL-DISAN 6-G,"0,2",7000,09/02/2026,,,,997,997-SULFATO ZINC 22-CALFERQUIM 1-P,"0,01",350,27/01/2026,,,,123,123-BORO G-CALFERQUIM 1-G,"0,02",700,25/08/2025,,,,65,65-NUCLEO 4-CALFERQUIM 1-G,"0,07",2450,07/02/2026,,,,,,0,0,,,,,,,0,0,,,,,,,0,0,,,,,,,0,0,,,,,,,0,0,,,,,,,0,0,,,,,0,"32,2",0,0,0,"32,2",0,12,"1,26","1,26","0,28","0,28",0,0,0,0,0,"0,98",0,0,665-130226,665-130226,665-130226,,
,516,13/02/2026,516-130226,12-UREA-CIAMSA 7-G,ce69b233,6:00:00,22:00:00,35,12,12-UREA-CIAMSA 7-G,"0,2",7000,02/02/2026,,,,32,32-SAM-NUTRICION PLANTAS 1-G,"0,18",6300,10/02/2026,,,,65,65-NUCLEO 4-CALFERQUIM 1-G,"0,04",1400,27/01/2026,,,,97,97-DAP-CIAMSA 4-G,"0,02",700,30/01/2026,,,,144,144-KCL-DISAN 6-G,"0,39",13650,09/02/2026,,,,155,155-RAIFOS 20-CALFERQUIM 1-G,"0,14",4900,10/02/2026,,,,160,160-ZUELO CA-CALFERQUIM 1-G,"0,03",1050,10/02/2026,,,,,,0,0,,,,,,,0,0,,,,,,,0,0,,,,,,,0,0,,,,,"0,7","13,34","4,14",0,0,"9,2","3,72","23,49","4,75","1,29","4,74","4,74",0,0,0,0,0,"3,62",0,0,516-130226,516-130226,516-130226,,
,413,13/02/2026,413-130226,413-MFE 20N-4P-18K+EM-CALFERQUIM 1-G,f8a5ba4d,6:00:00,22:00:00,35,12,12-UREA-EVOAGRO 2-G,"0,39",13650,02/02/2026,,,,32,32-SAM-NUTRICION PLANTAS 1-G,"0,04",1400,10/02/2026,,,,35,35-SILIMAGRAN-CALFERQUIM 1-G,"0,1",3500,30/12/2025,,,,97,97-DAP-PRECISAGRO 8-G,"0,05",1750,30/01/2026,,,,123,123-BORO G-CALFERQUIM 1-G,"0,02",700,25/08/2025,,,,144,144-KCL-DISAN 6-G,"0,27",9450,09/02/2026,,,,997,997-SULFATO ZINC 22-CALFERQUIM 1-P,"0,01",350,27/01/2026,,,,155,155-RAIFOS 20-CALFERQUIM 1-G,"0,08",2800,10/02/2026,,,,300,300-K2K-CALFERQUIM 1-G,"0,05",1750,25/10/2025,,,,,,0,0,,,,,,,0,0,,,,,"0,65","18,78","0,84",0,0,"17,94","2,1","17,64","1,98","3,12","1,21","1,21",0,0,0,0,0,"4,73",0,"0,02",413-130226,413-130226,413-130226,,
,414,13/02/2026,414-130226,414-MFE 18N-9P-29K+EM-CALFERQUIM 1-G,4c3d6647,6:00:00,22:00:00,35,12,12-UREA-EVOAGRO 2-G,"0,3",10500,05/02/2026,,,,97,97-DAP-PRECISAGRO 8-G,"0,21",7350,30/01/2026,,,,234,123-BORO G-CALFERQUIM 1-G,"0,01",350,25/08/2025,,,,144,144-KCL-DISAN 6-G,"0,48",16800,09/02/2026,,,,997,997-SULFATO ZINC 22-CALFERQUIM 1-P,0,0,27/01/2026,,,,,,0,0,,,,,,,0,0,,,,,,,0,0,,,,,,,0,0,,,,,,,0,0,,,,,,,0,0,,,,,0,"13,8",0,0,0,"13,8",0,"28,8",0,0,0,0,0,0,0,0,0,0,0,0,414-130226,414-130226,414-130226,,
,558,14/02/2026,558-140226,558-NUCLEO MAGNESIO-SILICIO EM-CALFERQUIM 1-G,c61b89df,6:00:00,22:00:00,35,74,74-KIESERITA-MANUCHAR 1-P,"0,05",1750,05/02/2026,,,,274,274-SILICATO MAGNESIO-JULIAN SALDARRIAGA 1-P,"0,9",31500,12/02/2026,13/02/2026,,,110,110-CAOLIN GRIS- 1-P,"0,05",1750,11/02/2026,,,,,,0,0,,,,,,,0,0,,,,,,,0,0,,,,,,,0,0,,,,,,,0,0,,,,,,,0,0,,,,,,,0,0,,,,,,,0,0,,,,,0,0,0,0,0,0,0,0,0,"33,65",1,1,0,0,0,0,0,36,0,0,558-140226,558-140226,558-140226,,
,62,14/02/2026,62-140226,62-NUCLEO CAMASI GRIS-CALFERQUIM 1-G,54fc2528,6:00:00,22:00:00,35,74,74-KIESERITA-MANUCHAR 1-P,"0,05",1750,05/02/2026,14/02/2026,,,110,110-CAOLIN GRIS- 1-P,"0,6",21000,12/02/2026,,,,105,105-CARBONATO CALCIO-JAMAROL 3-P,"0,35",12250,13/02/2026,11/02/2026,,,,,0,0,,,,,,,0,0,,,,,,,0,0,,,,,,,0,0,,,,,,,0,0,,,,,,,0,0,,,,,,,0,0,,,,,,,0,0,,,,,0,0,0,0,0,0,0,0,"15,4","1,25",1,1,0,0,0,0,0,0,0,0,62-140226,62-140226,62-140226,,
,62,15/02/2026,62-150226,62-NUCLEO CAMASI GRIS-CALFERQUIM 1-G,54fc2528,6:00:00,22:00:00,35,74,74-KIESERITA-MANUCHAR 1-P,"0,05",1750,14/02/2026,,,,110,110-CAOLIN GRIS- 1-P,"0,6",21000,12/02/2026,13/02/2026,,,105,105-CARBONATO CALCIO-JAMAROL 3-P,"0,35",12250,03/02/2026,05/02/2026,,,,,0,0,,,,,,,0,0,,,,,,,0,0,,,,,,,0,0,,,,,,,0,0,,,,,,,0,0,,,,,,,0,0,,,,,,,0,0,,,,,0,0,0,0,0,0,0,0,"15,4","1,25",1,1,0,0,0,0,0,0,0,0,62-150226,62-150226,62-150226,,
,452,15/02/2026,452-150226,452-NUCLEO CAMASI ROJO-CALFERQUIM 1-G,f2428711,6:00:00,22:00:00,35,74,74-KIESERITA-MANUCHAR 1-P,"0,05",1750,14/02/2026,,,,111,370-BENTONITA GRIS-FERTICAUCA 3-P,"0,6",21000,14/02/2026,,,,105,105-CARBONATO CALCIO-JAMAROL 3-P,"0,35",12250,14/02/2026,,,,,,0,0,,,,,,,0,0,,,,,,,0,0,,,,,,,0,0,,,,,,,0,0,,,,,,,0,0,,,,,,,0,0,,,,,,,0,0,,,,,0,0,0,0,0,0,0,"1,2",19,"3,65",1,1,0,0,0,0,0,"34,2",0,0,452-150226,452-150226,452-150226,,
,141,16/02/2026,141-160226,141-FE SULFATO CALCIO P-CALFERQUIM 1-G,28ffaa6d,6:00:00,22:00:00,35,74,74-KIESERITA-MANUCHAR 1-P,"0,05",1750,14/02/2026,,,,5,5-SULFATO CALCIO-ANIBAL ARANGO 1-P,"0,75",26250,29/01/2026,,,,105,105-CARBONATO CALCIO-JAMAROL 3-P,"0,15",5250,03/02/2026,05/02/2026,,,274,274-SILICATO MAGNESIO-JULIAN SALDARRIAGA 1-P,"0,05",1750,11/02/2026,,,,,,0,0,,,,,,,0,0,,,,,,,0,0,,,,,,,0,0,,,,,,,0,0,,,,,,,0,0,,,,,,,0,0,,,,,0,0,0,0,0,0,0,0,"26,1","3,05","10,75","10,75",0,0,0,0,0,2,0,0,141-160226,141-160226,141-160226,,
,62,16/02/2026,62-160226,62-NUCLEO CAMASI GRIS-CALFERQUIM 1-G,54fc2528,6:00:00,22:00:00,35,74,74-KIESERITA-MANUCHAR 1-P,"0,05",1750,14/02/2026,,,,110,110-CAOLIN GRIS- 1-P,"0,6",21000,11/02/2026,12/02/2026,,,105,105-CARBONATO CALCIO-JAMAROL 3-P,"0,35",12250,03/02/2026,,,,,,0,0,,,,,,,0,0,,,,,,,0,0,,,,,,,0,0,,,,,,,0,0,,,,,,,0,0,,,,,,,0,0,,,,,,,0,0,,,,,0,0,0,0,0,0,0,0,"15,4","1,25",1,1,0,0,0,0,0,0,0,0,62-160226,62-160226,62-160226,,
,164,16/02/2026,164-160226,164-MICRON C-CALFERQUIM 1-G,85da1d2c,6:00:00,22:00:00,35,12,12-UREA-CIAMSA 7-G,1,35000,02/02/2026,,,,450,450-CARBONITRO-CALFERQUIM 1-L,0,0,11/02/2026,,,,,,0,0,,,,,,,0,0,,,,,,,0,0,,,,,,,0,0,,,,,,,0,0,,,,,,,0,0,,,,,,,0,0,,,,,,,0,0,,,,,,,0,0,,,,,0,46,0,0,0,46,0,0,0,0,0,0,0,0,0,0,0,0,0,0,164-160226,164-160226,164-160226,,
,311,16/02/2026,311-160226,311-CALFERCORRECTIVO-CALFERQUIM 1-G,245f896a,6:00:00,22:00:00,35,5,5-SULFATO CALCIO-ANIBAL ARANGO 1-P,"0,2",7000,09/02/2026,,,,105,105-CARBONATO CALCIO-JAMAROL 3-P,"0,1",3500,10/02/2026,,,,120,120-CAL DOLOMITA-BM 1-P,"0,1",3500,23/01/2026,,,,274,274-SILICATO MAGNESIO-JULIAN SALDARRIAGA 1-P,"0,35",12250,07/02/2026,,,,290,290-ROCA FOSFORICA-26-PRACO 1-P,"0,15",5250,20/02/2026,,,,110,110-CAOLIN GRIS- 1-P,"0,1",3500,11/02/2026,,,,,,0,0,,,,,,,0,0,,,,,,,0,0,,,,,,,0,0,,,,,,,0,0,,,,,0,0,0,0,0,0,"3,9",0,"17,35",14,"2,6","2,6",0,0,0,0,0,14,0,0,311-160226,311-160226,311-160226,,
,558,17/02/2026,558-170226,558-NUCLEO MAGNESIO-SILICIO EM-CALFERQUIM 1-G,c61b89df,6:00:00,22:00:00,35,74,74-KIESERITA-MANUCHAR 1-P,"0,05",1750,14/02/2026,,,,274,274-SILICATO MAGNESIO-JULIAN SALDARRIAGA 1-P,"0,9",31500,16/02/2026,11/02/2026,,,110,111-BENTONITA ROJA-COMERCIALIZADORA HA 3-P,"0,05",1750,16/02/2026,,,,,,0,0,,,,,,,0,0,,,,,,,0,0,,,,,,,0,0,,,,,,,0,0,,,,,,,0,0,,,,,,,0,0,,,,,,,0,0,,,,,0,0,0,0,0,0,0,0,0,"33,7",1,1,0,0,0,0,0,"38,35",0,0,558-170226,558-170226,558-170226,,
,563,17/02/2026,563-170226,563-NUCLEO CAMASI YARA-CALFERQUIM 1-G,2973a862,6:00:00,22:00:00,35,74,74-KIESERITA-MANUCHAR 1-P,"0,05",1750,16/02/2026,,,,105,105-CARBONATO CALCIO-JAMAROL 3-P,"0,6",21000,05/02/2026,10/02/2026,,,370,370-BENTONITA GRIS-FERTICAUCA 3-P,"0,25",8750,16/02/2026,,,,274,274-SILICATO MAGNESIO-JULIAN SALDARRIAGA 1-P,"0,1",3500,,,,,,,0,0,,,,,,,0,0,,,,,,,0,0,,,,,,,0,0,,,,,,,0,0,,,,,,,0,0,,,,,,,0,0,,,,,0,0,0,0,0,0,0,"0,5","27,9","5,85",1,1,0,0,0,0,0,"18,25",0,0,563-170226,563-170226,563-170226,,
,,,,,,,,,,,,,,,,,,,,,,,,,,,,,,,,,,,,,,,,,,,,,,,,,,,,,,,,,,,,,,,,,,,,,,,,,,,,,,,,,,,,,,,,,,,,,,,,,,,,,,,,,,,,,,,,,,,,,,,,,
,62,18/02/2026,62-180226,62-NUCLEO CAMASI GRIS-CALFERQUIM 1-G,818ad5b2,6:00:00,22:00:00,35,74,74-KIESERITA-MANUCHAR 1-P,"0,05",1750,16/02/2026,,,,274,274-SILICATO MAGNESIO-JULIAN SALDARRIAGA 1-P,"0,1",3500,16/02/2026,11/02/2026,,,105,105-CARBONATO CALCIO-JAMAROL 3-P,"0,85",29750,10/02/2026,,,,,,0,0,,,,,,,0,0,,,,,,,0,0,,,,,,,0,0,,,,,,,0,0,,,,,,,0,0,,,,,,,0,0,,,,,,,0,0,,,,,0,0,0,0,0,0,0,0,"37,4","4,85",1,1,0,0,0,0,0,4,0,0,62-180226,62-180226,62-180226,,
,85,17/02/2026,85-170226,85-MF 15-15-15-CALFERQUIM 1-G,dbe09593,6:00:00,22:00:00,35,12,12-UREA-CIAMSA 7-G,"0,18",6300,02/02/2026,,,,65,65-NUCLEO 4-CALFERQUIM 1-G,"0,29",10150,07/02/2026,,,,97,97-DAP-CIAMSA 4-G,"0,3",10500,14/02/2026,,,,144,144-KCL-DISAN 6-G,0,0,09/02/2026,,,,,,0,0,,,,,,,0,0,,,,,,,0,0,,,,,,,0,0,,,,,,,0,0,,,,,,,0,0,,,,,,,0,0,,,,,0,"13,68","5,4",0,0,"8,28","13,8",0,"5,22","5,22","1,16","1,16",0,0,0,0,0,"4,06",0,0,85-170226,85-170226,85-170226,,
,803,18/02/2026,803-180226,803-NUCLEO MAGNESIO-S-CALFERQUIM 1-G,36dd6618,6:00:00,22:00:00,35,05,5-SULFATO CALCIO-ANIBAL ARANGO 1-P,"0,44",15400,29/01/2026,,,,74,74-KIESERITA-MANUCHAR 1-P,"0,18",6300,16/02/2026,,,,111,111-BENTONITA ROJA-COMERCIALIZADORA HA 3-P,"0,07",2450,16/02/2026,,,,274,274-SILICATO MAGNESIO-JULIAN SALDARRIAGA 1-P,"0,31",10850,16/02/2026,17/02/2026,,,,,0,0,,,,,,,0,0,,,,,,,0,0,,,,,,,0,0,,,,,,,0,0,,,,,,,0,0,,,,,,,0,0,,,,,0,0,0,0,0,0,0,0,"11,44","15,73","9,32","9,32",0,0,0,0,0,"15,69",0,0,803-180226,803-180226,803-180226,,
,,,,,,,,,,,,,,,,,,,,,,,,,,,,,,,,,,,,,,,,,,,,,,,,,,,,,,,,,,,,,,,,,,,,,,,,,,,,,,,,,,,,,,,,,,,,,,,,,,,,,,,,,,,,,,,,,,,,,,,,,
,141,20/02/2026,141-200226,141-FE SULFATO CALCIO P-CALFERQUIM 1-G,31552b24,,,,74,74-KIESERITA-MANUCHAR 1-P,"0,05",0,18/02/2026,,,,274,274-SILICATO MAGNESIO-JULIAN SALDARRIAGA 1-P,"0,05",0,16/02/2026,17/02/2026,,,111,111-BENTONITA ROJA-COMERCIALIZADORA HA 3-P,"0,05",0,19/02/2026,,,,5,5-SULFATO CALCIO-ANIBAL ARANGO 1-P,"0,65",0,21/02/2026,,,,105,105-CARBONATO CALCIO-AGROCALES 1-P,"0,2",0,19/02/2026,,,,,,0,0,,,,,,,0,0,,,,,,,0,0,,,,,,,0,0,,,,,,,0,0,,,,,,,0,0,,,,,0,0,0,0,0,0,0,0,"22,3","2,99","9,45","9,45",0,0,0,0,0,"4,2",0,0,141-200226,141-200226,141-200226,,
,,,,,,,,,,,,,,,,,,,,,,,,,,,,,,,,,,,,,,,,,,,,,,,,,,,,,,,,,,,,,,,,,,,,,,,,,,,,,,,,,,,,,,,,,,,,,,,,,,,,,,,,,,,,,,,,,,,,,,,,,
,62,19/02/2026,62-190226,62-NUCLEO CAMASI GRIS-CALFERQUIM 1-G,818ad5b2,6:00:00,22:00:00,35,74,74-KIESERITA-MANUCHAR 1-P,"0,05",1750,18/02/2026,,,,274,274-SILICATO MAGNESIO-JULIAN SALDARRIAGA 1-P,"0,1",3500,07/02/2026,,,,105,105-CARBONATO CALCIO-JAMAROL 3-P,"0,85",29750,10/02/2026,,,,,,0,0,,,,,,,0,0,,,,,,,0,0,,,,,,,0,0,,,,,,,0,0,,,,,,,0,0,,,,,,,0,0,,,,,,,0,0,,,,,0,0,0,0,0,0,0,0,34,"4,85",1,1,0,0,0,0,0,4,0,0,62-190226,62-190226,62-190226,,
,65,19/02/2026,65-190226,65-NUCLEO 4-CALFERQUIM 1-G,b8888d93,6:00:00,22:00:00,35,74,74-KIESERITA-MANUCHAR 1-P,"0,1",3500,18/02/2026,,,,05,5-SULFATO CALCIO-AGROINSUMOS 2-P,"0,15",5250,09/02/2026,,,,274,274-SILICATO MAGNESIO-JULIAN SALDARRIAGA 1-P,"0,4",14000,16/02/2026,17/02/2026,,,105,105-CARBONATO CALCIO-JAMAROL 3-P,"0,25",8750,18/02/2026,19/02/2026,,,120,120-CAL DOLOMITA-BM 1-P,"0,1",3500,17/02/2026,,,,,,0,0,,,,,,,0,0,,,,,,,0,0,,,,,,,0,0,,,,,,,0,0,,,,,,,0,0,,,,,0,0,0,0,0,0,0,0,"16,7","18,3","3,95","3,95",0,0,0,0,0,16,0,0,65-190226,65-190226,65-190226,,
,84,19/02/2026,84-190226,84-MF 17-6-18-2-1-CALFERQUIM 1-G,c446b480,6:00:00,22:00:00,35,12,12-UREA-CIAMSA 7-G,"0,3",10500,02/02/2026,,,,65,65-NUCLEO 4-CALFERQUIM 1-G,"0,31",10850,19/02/2026,,,,97,97-DAP-CIAMSA 4-G,"0,11",3850,17/02/2026,,,,144,144-KCL-DISAN 6-G,"0,28",9800,09/02/2026,,,,,,0,0,,,,,,,0,0,,,,,,,0,0,,,,,,,0,0,,,,,,,0,0,,,,,,,0,0,,,,,,,0,0,,,,,0,"15,78","1,98",0,0,"13,8","5,06","16,8","5,58","5,58","1,24","1,24",0,0,0,0,0,"4,34",0,0,84-190226,84-190226,84-190226,,
,DS,24/12/2025,DS-241225,DS001-ALTOMG-CALFERQUIM 1-G,66209101,,,,57,57-OXIDO MAGNESIO-ATEQUIMICOS 1-P,"0,7",,,,,,74,74-KIESERITA-MANUCHAR 1-P,"0,05",,,,,,111,111-BENTONITA ROJA-COMERCIALIZADORA HA 3-P,"0,05",,,,,,105,105-CARBONATO CALCIO-JAMAROL 3-P,"0,05",,,,,,274,274-SILICATO MAGNESIO-JULIAN SALDARRIAGA 1-P,"0,15",,,,,,,,0,,,,,,,,0,,,,,,,,0,,,,,,,,0,,,,,,,,0,,,,,,,,0,,,,,,0,0,0,0,0,0,0,0,"4,1","69,38",1,1,0,0,0,0,0,"11,4",0,0,DS-241225,DS-241225,DS-241225,,
,160,20/02/2026,160-200226,160-ZUELO CA-CALFERQUIM 1-G,478c4161,6:00:00,22:00:00,35,05,5-SULFATO CALCIO-ANIBAL ARANGO 1-P,"0,25",8750,29/01/2026,,,,16,16-ULEXITA-ULEXANDER/IMPORTADA 3-P,"0,02",700,25/08/2025,,,,74,74-KIESERITA-MANUCHAR 1-P,"0,05",1750,18/02/2026,,,,370,110-CAOLIN GRIS- 1-P,"0,1",3500,17/02/2026,,,,120,120-CAL DOLOMITA-BM 1-P,"0,4",14000,17/02/2026,,,,274,274-SILICATO MAGNESIO-JULIAN SALDARRIAGA 1-P,"0,05",1750,13/02/2026,,,,290,31-ROCA FOSFÓRICA-FOSFATOS HUILA 1-P,"0,13",4550,24/01/2026,,,,,,0,0,,,,,,,0,0,,,,,,,0,0,,,,,,,0,0,,,,,0,0,0,0,0,0,"4,03",0,"23,91","8,54","4,25","4,25",0,0,0,0,0,"1,85",0,0,160-200226,160-200226,160-200226,,
,516,20/02/2026,516-200226,12-UREA-CIAMSA 7-G,ce69b233,6:00:00,22:00:00,35,12,12-UREA-CIAMSA 7-G,"0,2",7000,02/02/2026,19/02/2026,,,32,32-SAM-NUTRICION PLANTAS 1-G,"0,18",6300,10/02/2026,,,,65,65-NUCLEO 4-CALFERQUIM 1-G,"0,04",1400,19/02/2026,,,,97,97-DAP-CIAMSA 4-G,"0,02",700,17/02/2026,,,,144,144-KCL-DISAN 6-G,"0,39",13650,09/02/2026,,,,155,155-RAIFOS 20-CALFERQUIM 1-G,"0,14",4900,10/02/2026,,,,160,160-ZUELO CA-CALFERQUIM 1-G,"0,03",1050,10/02/2026,,,,,,0,0,,,,,,,0,0,,,,,,,0,0,,,,,,,0,0,,,,,"0,7","13,34","4,14",0,0,"9,2","3,72","23,49","4,75","1,29","4,74","4,74",0,0,0,0,0,"3,62",0,0,516-200226,516-200226,516-200226,,
,518,20/02/2026,518-200226,518-MF 25N-17P-1K+EM-CALFERQUIM 1-G,29980386,6:00:00,22:00:00,35,12,12-UREA-CIAMSA 7-G,"0,31",10850,02/02/2026,,,,32,32-SAM-NUTRICION PLANTAS 1-G,"0,21",7350,10/02/2026,,,,35,35-SILIMAGRAN-CALFERQUIM 1-G,"0,08",2800,30/12/2025,,,,97,97-DAP-CIAMSA 4-G,"0,34",11900,17/02/2026,,,,144,144-KCL-DISAN 6-G,"0,01",350,09/02/2026,,,,155,155-RAIFOS 20-CALFERQUIM 1-G,"0,05",1750,10/02/2026,,,,,,0,0,,,,,,,0,0,,,,,,,0,0,,,,,,,0,0,,,,,,,0,0,,,,,"0,25","24,79","10,53",0,0,"14,26","17,04","0,6","1,15","2,48","5,09","5,09",0,0,0,0,0,"3,45",0,0,518-200226,518-200226,518-200226,,
,1401,20/02/2026,1401-200226,1401-MFE 28N 5P 5.4K + EM-CALFERQUIM-1-G,9c0386e2,6:00:00,14:00:00,35,164,164-MICRON C-CALFERQUIM 1-G,"0,56",19600,20/02/2026,,,,97,97-DAP-CIAMSA 4-G,"0,1",3500,14/02/2026,,,,349,349-PANTEKALI-DISAN 2-,"0,18",6300,,,,,150,150-CALFERZINC P-CALFERQUIM 1-G,"0,03",1050,27/01/2026,,,,123,123-BORO G-CALFERQUIM 1-G,"0,02",700,25/08/2025,,,,611,611-NUCLEO N-CALFERQUIM 1-G,"0,12",4200,19/02/2026,,,,,,0,0,,,,,,,0,0,,,,,,,0,0,,,,,,,0,0,,,,,,,0,0,,,,,0,"27,56","1,8",0,0,0,"4,6","5,49",0,"1,8","3,27","3,27",0,0,0,0,0,0,"0,66",0,1401-200226,1401-200226,1401-200226,,
,1402,20/02/2026,1402-200226,1402-MFE 32N 1P 12K-CALFERQUIM-1-G,0411501c,,,35,12,12-UREA-CIAMSA 7-G,"0,7",24500,20/02/2026,,,,144,144-KCL-DISAN 6-G,"0,2",7000,09/02/2026,,,,160,160-ZUELO CA-CALFERQUIM 1-G,"0,01",350,10/02/2026,,,,123,123-BORO G-CALFERQUIM 1-G,"0,02",700,25/08/2025,,,,611,611-NUCLEO N-CALFERQUIM 1-G,"0,06",2100,19/02/2026,,,,,,0,0,,,,,,,0,0,,,,,,,0,0,,,,,,,0,0,,,,,,,0,0,,,,,,,0,0,,,,,0,"32,2",0,0,0,"32,2",0,"12,03","0,27","0,12","0,04","0,04",0,0,0,0,0,"0,04",0,0,1402-200226,1402-200226,1402-200226,,
,563,21/02/2026,563-210226,563-NUCLEO CAMASI YARA-CALFERQUIM 1-G,2973a862,6:00:00,22:00:00,35,74,74-KIESERITA-MANUCHAR 1-P,"0,05",1750,18/02/2026,,,,105,105-CARBONATO CALCIO-JAMAROL 3-P,"0,6",21000,20/02/2026,21/02/2026,,,370,370-BENTONITA GRIS-FERTICAUCA 3-P,"0,25",8750,21/02/2026,,,,274,274-SILICATO MAGNESIO-JULIAN SALDARRIAGA 1-P,"0,1",3500,17/02/2026,,,,,,0,0,,,,,,,0,0,,,,,,,0,0,,,,,,,0,0,,,,,,,0,0,,,,,,,0,0,,,,,,,0,0,,,,,0,0,0,0,0,0,0,"0,5","25,5","5,64",1,1,0,0,0,0,0,"17,95",0,0,563-210226,563-210226,563-210226,,
,62,21/02/2026,62-210226,62-NUCLEO CAMASI GRIS-CALFERQUIM 1-G,818ad5b2,6:00:00,22:00:00,35,74,74-KIESERITA-MANUCHAR 1-P,"0,05",1750,18/02/2026,,,,274,274-SILICATO MAGNESIO-JULIAN SALDARRIAGA 1-P,"0,1",3500,16/02/2026,,,,105,105-CARBONATO CALCIO-JAMAROL 3-P,"0,85",29750,20/02/2026,21/02/2026,,,,,0,0,,,,,,,0,0,,,,,,,0,0,,,,,,,0,0,,,,,,,0,0,,,,,,,0,0,,,,,,,0,0,,,,,,,0,0,,,,,0,0,0,0,0,0,0,0,34,"4,64",1,1,0,0,0,0,0,"3,7",0,0,62-210226,62-210226,62-210226,,
,62,23/02/2026,62-230226,62-NUCLEO CAMASI GRIS-CALFERQUIM 1-G,818ad5b2,6:00:00,22:00:00,35,74,74-KIESERITA-MANUCHAR 1-P,"0,05",1750,18/02/2026,,,,274,274-SILICATO MAGNESIO-JULIAN SALDARRIAGA 1-P,"0,1",3500,16/02/2026,,,,105,105-CARBONATO CALCIO-JAMAROL 3-P,"0,85",29750,21/02/2026,23/02/2026,,,,,0,0,,,,,,,0,0,,,,,,,0,0,,,,,,,0,0,,,,,,,0,0,,,,,,,0,0,,,,,,,0,0,,,,,,,0,0,,,,,0,0,0,0,0,0,0,0,34,"4,64",1,1,0,0,0,0,0,"3,7",0,0,62-230226,62-230226,62-230226,,
,563,23/02/2026,563-230226,563-NUCLEO CAMASI YARA-CALFERQUIM 1-G,2973a862,6:00:00,22:00:00,35,74,74-KIESERITA-MANUCHAR 1-P,"0,05",1750,18/02/2026,,,,105,105-CARBONATO CALCIO-JAMAROL 3-P,"0,6",21000,21/02/2026,23/02/2026,,,370,370-BENTONITA GRIS-FERTICAUCA 3-P,"0,25",8750,21/02/2026,,,,274,274-SILICATO MAGNESIO-JULIAN SALDARRIAGA 1-P,"0,1",3500,16/02/2026,,,,,,0,0,,,,,,,0,0,,,,,,,0,0,,,,,,,0,0,,,,,,,0,0,,,,,,,0,0,,,,,,,0,0,,,,,0,0,0,0,0,0,0,"0,5","25,5","5,64",1,1,0,0,0,0,0,"17,95",0,0,563-230226,563-230226,563-230226,,
,62,24/02/2026,62-240226,62-NUCLEO CAMASI GRIS-CALFERQUIM 1-G,818ad5b2,6:00:00,22:00:00,35,74,74-KIESERITA-MANUCHAR 1-P,"0,05",1750,16/02/2026,,,,274,274-SILICATO MAGNESIO-JULIAN SALDARRIAGA 1-P,"0,1",3500,16/02/2026,,,,105,105-CARBONATO CALCIO-JAMAROL 3-P,"0,85",29750,23/02/2026,24/02/2026,,,,,0,0,,,,,,,0,0,,,,,,,0,0,,,,,,,0,0,,,,,,,0,0,,,,,,,0,0,,,,,,,0,0,,,,,,,0,0,,,,,0,0,0,0,0,0,0,0,34,"4,64",1,1,0,0,0,0,0,"3,7",0,0,62-240226,62-240226,62-240226,,
,558,24/02/2026,558-240226,558-NUCLEO MAGNESIO-SILICIO EM-CALFERQUIM 1-G,c61b89df,6:00:00,22:00:00,35,74,74-KIESERITA-MANUCHAR 1-P,"0,05",1750,16/02/2026,,,,274,274-SILICATO MAGNESIO-JULIAN SALDARRIAGA 1-P,"0,9",31500,23/02/2026,,,,110,111-BENTONITA ROJA-COMERCIALIZADORA HA 3-P,"0,05",1750,16/02/2026,,,,,,0,0,,,,,,,0,0,,,,,,,0,0,,,,,,,0,0,,,,,,,0,0,,,,,,,0,0,,,,,,,0,0,,,,,,,0,0,,,,,0,0,0,0,0,0,0,0,0,"31,77",1,1,0,0,0,0,0,"35,63",0,0,558-240226,558-240226,558-240226,,
,679,24/02/2026,679-240226,679-NUCLEO FOSFORO 10-CALFERQUIM 1-G,66920a78,6:00:00,22:00:00,35,74,74-KIESERITA-MANUCHAR 1-P,"0,05",1750,16/02/2026,,,,111,111-BENTONITA ROJA-FERTICAUCA 4-P,"0,05",1750,23/02/2026,,,,105,105-CARBONATO CALCIO-JAMAROL 3-P,"0,15",5250,24/02/2026,,,,05,5-SULFATO CALCIO-ANIBAL ARANGO 1-P,"0,3",10500,29/01/2026,,,,290,31-ROCA FOSFÓRICA-FOSFATOS HUILA 1-P,"0,45",15750,24/01/2026,,,,,,0,0,,,,,,,0,0,,,,,,,0,0,,,,,,,0,0,,,,,,,0,0,,,,,,,0,0,,,,,0,0,0,0,0,0,"13,95",0,"29,25","1,3","4,9","4,9",0,0,0,0,0,"2,35",0,0,679-240226,679-240226,679-240226,,
,84,24/02/2026,84-240226,84-MF 17-6-18-2-1-CALFERQUIM 1-G,c446b480,6:00:00,22:00:00,35,12,12-UREA-CIAMSA 7-G,"0,3",10500,20/02/2026,,,,65,65-NUCLEO 4-CALFERQUIM 1-G,"0,31",10850,19/02/2026,,,,97,97-DAP-CIAMSA 4-G,"0,11",3850,21/02/2026,,,,144,144-KCL-DISAN 6-G,"0,28",9800,03/02/2026,,,,,,0,0,,,,,,,0,0,,,,,,,0,0,,,,,,,0,0,,,,,,,0,0,,,,,,,0,0,,,,,,,0,0,,,,,0,"15,78","1,98",0,0,"13,8","5,06","16,8","5,58","5,58","1,24","1,24",0,0,0,0,0,"4,34",0,0,84-240226,84-240226,84-240226,,
,558,23/02/2026,558-230226,558-NUCLEO MAGNESIO-SILICIO EM-CALFERQUIM 1-G,c61b89df,6:00:00,22:00:00,35,74,74-KIESERITA-MANUCHAR 1-P,"0,05",1750,16/02/2026,,,,274,274-SILICATO MAGNESIO-JULIAN SALDARRIAGA 1-P,"0,9",31500,13/02/2026,,,,110,111-BENTONITA ROJA-COMERCIALIZADORA HA 3-P,"0,05",1750,16/02/2026,,,,,,0,0,,,,,,,0,0,,,,,,,0,0,,,,,,,0,0,,,,,,,0,0,,,,,,,0,0,,,,,,,0,0,,,,,,,0,0,,,,,0,0,0,0,0,0,0,0,0,"31,77",1,1,0,0,0,0,0,"35,63",0,0,558-230226,558-230226,558-230226,,
,413,24/02/2026,413-240226,413-MFE 20N-4P-18K+EM-CALFERQUIM 1-G,f8a5ba4d,6:00:00,22:00:00,35,164,164-MICRON C-CALFERQUIM 1-G,"0,26",0,,,,,188,188-MICRON CS-CALFERQUIM 1-G,"0,18",0,,,,,35,35-SILIMAGRAN-CALFERQUIM 1-G,"0,1",0,,,,,97,97-DAP-PRECISAGRO 8-G,"0,05",0,,,,,123,123-BORO G-CALFERQUIM 1-G,"0,02",0,,,,,144,144-KCL-DISAN 6-G,"0,27",0,,,,,997,997-SULFATO ZINC 22-CALFERQUIM 1-P,"0,01",0,,,,,155,155-RAIFOS 20-CALFERQUIM 1-G,"0,08",0,,,,,300,300-K2K-CALFERQUIM 1-G,"0,05",0,,,,,,,0,0,,,,,,,0,0,,,,,1,20,1,0,0,0,"4,4",18,"1,98","3,12","1,33",1,0,0,0,0,0,"4,73",0,0,413-240226,413-240226,413-240226,,
,558,25/02/2026,558-250226,558-NUCLEO MAGNESIO-SILICIO EM-CALFERQUIM 1-G,c61b89df,6:00:00,22:00:00,35,74,74-KIESERITA-MANUCHAR 1-P,"0,05",1750,16/02/2026,,,,274,274-SILICATO MAGNESIO-JULIAN SALDARRIAGA 1-P,"0,9",31500,13/02/2026,,,,110,111-BENTONITA ROJA-COMERCIALIZADORA HA 3-P,"0,05",1750,16/02/2026,,,,,,0,0,,,,,,,0,0,,,,,,,0,0,,,,,,,0,0,,,,,,,0,0,,,,,,,0,0,,,,,,,0,0,,,,,,,0,0,,,,,0,0,0,0,0,0,0,0,0,"31,77",1,1,0,0,0,0,0,"35,63",0,0,558-250226,558-250226,558-250226,,
,62,25/02/2026,62-250226,62-NUCLEO CAMASI GRIS-CALFERQUIM 1-G,818ad5b2,6:00:00,22:00:00,35,74,74-KIESERITA-MANUCHAR 1-P,"0,05",1750,16/02/2026,,,,274,274-SILICATO MAGNESIO-JULIAN SALDARRIAGA 1-P,"0,1",3500,16/02/2026,,,,105,105-CARBONATO CALCIO-JAMAROL 3-P,"0,85",29750,24/02/2026,25/02/2026,,,,,0,0,,,,,,,0,0,,,,,,,0,0,,,,,,,0,0,,,,,,,0,0,,,,,,,0,0,,,,,,,0,0,,,,,,,0,0,,,,,0,0,0,0,0,0,0,0,34,"4,64",1,1,0,0,0,0,0,"3,7",0,0,62-250226,62-250226,62-250226,,
,35,25/02/2026,35-250226,35-SILIMAGRAN-CALFERQUIM 1-G,4f3b37bb,6:00:00,22:00:00,35,74,74-KIESERITA-MANUCHAR 1-P,"0,07",2450,16/02/2026,,,,111,111-BENTONITA ROJA-FERTICAUCA 4-P,"0,02",700,16/02/2026,,,,274,274-SILICATO MAGNESIO-JULIAN SALDARRIAGA 1-P,"0,75",26250,16/02/2026,17/02/2026,,,290,31-ROCA FOSFÓRICA-FOSFATOS HUILA 1-P,"0,15",5250,17/02/2026,,,,,,0,0,,,,,,,0,0,,,,,,,0,0,,,,,,,0,0,,,,,,,0,0,,,,,,,0,0,,,,,,,0,0,,,,,0,0,0,0,0,0,"4,65",0,"5,55","27,17","1,4","1,4",0,0,0,0,0,"28,68",0,0,35-250226,35-250226,35-250226,,
,84,25/02/2026,84-250226,84-MF 17-6-18-2-1-CALFERQUIM 1-G,c446b480,6:00:00,22:00:00,35,12,12-UREA-CIAMSA 7-G,"0,3",10500,20/02/2026,,,,65,65-NUCLEO 4-CALFERQUIM 1-G,"0,31",10850,17/02/2026,,,,97,97-DAP-CIAMSA 4-G,"0,11",3850,16/02/2026,,,,144,144-KCL-DISAN 6-G,"0,28",9800,03/02/2026,,,,,,0,0,,,,,,,0,0,,,,,,,0,0,,,,,,,0,0,,,,,,,0,0,,,,,,,0,0,,,,,,,0,0,,,,,0,"15,78","1,98",0,0,"13,8","5,06","16,8","5,58","5,58","1,24","1,24",0,0,0,0,0,"4,34",0,0,84-250226,84-250226,84-250226,,
,452,26/02/2026,452-260226,452-NUCLEO CAMASI ROJO-CALFERQUIM 1-G,ddda798e,6:00:00,22:00:00,35,75,75-KIESERITA- 1-G,"0,05",1750,16/02/2026,,,,111,111-BENTONITA ROJA-FERTICAUCA 4-P,"0,6",21000,20/02/2026,,,,105,105-CARBONATO CALCIO-JAMAROL 3-P,"0,35",12250,25/02/2026,26/02/2026,,,,,0,0,,,,,,,0,0,,,,,,,0,0,,,,,,,0,0,,,,,,,0,0,,,,,,,0,0,,,,,,,0,0,,,,,,,0,0,,,,,0,0,0,0,0,0,0,0,14,"1,85",1,1,0,0,0,0,0,"28,2",0,0,452-260226,452-260226,452-260226,,
,62,26/02/2026,62-260226,62-NUCLEO CAMASI GRIS-CALFERQUIM 1-G,54fc2528,6:00:00,22:00:00,35,74,74-KIESERITA-MANUCHAR 1-P,"0,05",1750,16/02/2026,,,,110,110-CAOLIN GRIS- 1-P,"0,6",21000,25/02/2026,,,,105,105-CARBONATO CALCIO-JAMAROL 3-P,"0,35",12250,25/02/2026,26/02/2026,,,,,0,0,,,,,,,0,0,,,,,,,0,0,,,,,,,0,0,,,,,,,0,0,,,,,,,0,0,,,,,,,0,0,,,,,,,0,0,,,,,0,0,0,0,0,0,0,0,14,"1,25",1,1,0,0,0,0,0,0,0,0,62-260226,62-260226,62-260226,,
,86,26/02/2026,86-260226,86-MF 10-30-10-CALFERQUIM 1-G,4f627930,6:00:00,22:00:00,35,97,97-DAP-PRECISAGRO 8-G,"0,65",22750,16/02/2026,,,,144,144-KCL-DISAN 6-G,"0,17",5950,03/02/2026,,,,65,65-NUCLEO 4-CALFERQUIM 1-G,"0,19",6650,24/02/2026,,,,,,0,0,,,,,,,0,0,,,,,,,0,0,,,,,,,0,0,,,,,,,0,0,,,,,,,0,0,,,,,,,0,0,,,,,,,0,0,,,,,0,"11,7","11,7",0,0,0,"29,9","10,2","3,42","3,42","0,76","0,76",0,0,0,0,0,"2,66",0,0,86-260226,86-260226,86-260226,,
,413,26/02/2026,413-260226,413-MFE 20N-4P-18K+EM-CALFERQUIM 1-G,f8a5ba4d,6:00:00,22:00:00,35,164,164-MICRON C-CALFERQUIM 1-G,"0,26",9100,20/02/2026,,,,188,188-MICRON CS-CALFERQUIM 1-G,"0,18",6300,10/02/2026,,,,35,35-SILIMAGRAN-CALFERQUIM 1-G,"0,1",3500,25/02/2026,,,,97,97-DAP-PRECISAGRO 8-G,"0,05",1750,16/02/2026,,,,123,123-BORO G-CALFERQUIM 1-G,"0,02",700,25/08/2025,,,,144,144-KCL-DISAN 6-G,"0,27",9450,03/02/2026,,,,997,997-SULFATO ZINC 22-CALFERQUIM 1-P,"0,01",350,27/01/2026,,,,155,155-RAIFOS 20-CALFERQUIM 1-G,"0,08",2800,10/02/2026,,,,300,300-K2K-CALFERQUIM 1-G,"0,05",1750,25/10/2025,,,,,,0,0,,,,,,,0,0,,,,,"0,65","20,06","0,9",0,0,0,"4,4","17,64","1,98","3,12","1,33","1,33",0,0,0,0,0,"4,73",0,"0,02",413-260226,413-260226,413-260226,,
,429,26/02/2026,429-260226,429-MFE 18N-18P-18K+EM-CALFERQUIM 1-G,7d0d8870,6:00:00,22:00:00,35,12,12-UREA-CIAMSA 7-G,"0,23",8050,20/02/2026,,,,32,32-SAM-NUTRICION PLANTAS 1-G,"0,01",350,10/02/2026,,,,35,35-SILIMAGRAN-CALFERQUIM 1-G,"0,02",700,25/02/2026,,,,97,97-DAP-CIAMSA 4-G,"0,38",13300,16/02/2026,,,,373,123-BORO G-CALFERQUIM 1-G,"0,02",700,25/08/2025,,,,141,141-FE SULFATO CALCIO P-CALFERQUIM 1-G,"0,04",1400,23/02/2026,,,,144,144-KCL-DISAN 6-G,"0,3",10500,03/02/2026,,,,150,150-CALFERZINC P-CALFERQUIM 1-G,"0,01",350,27/01/2026,,,,,,0,0,,,,,,,0,0,,,,,,,0,0,,,,,0,"17,63","7,05",0,0,"10,58","17,58","18,03","1,06","0,66","0,74","0,74",0,0,0,0,0,"0,71","0,22",0,429-260226,429-260226,429-260226,,
,428,26/02/2026,428-260226,428-MFE 29N-15P-5K+EM-CALFERQUIM 1-G,b45be301,6:00:00,22:00:00,35,12,12-UREA-PRECISAGRO 1-G,"0,49",17150,20/02/2026,,,,32,32-SAM-NUTRICION PLANTAS 1-G,"0,04",1400,10/02/2026,,,,35,35-SILIMAGRAN-CALFERQUIM 1-G,"0,04",1400,25/02/2026,,,,97,97-DAP-PRECISAGRO 8-G,"0,3",10500,16/02/2026,,,,123,123-BORO G-CALFERQUIM 1-G,"0,01",350,25/08/2025,,,,144,144-KCL-DISAN 6-G,"0,08",2800,03/02/2026,,,,150,150-CALFERZINC P-CALFERQUIM 1-G,"0,01",350,27/01/2026,,,,155,155-RAIFOS 20-CALFERQUIM 1-G,"0,05",1750,10/02/2026,,,,,,0,0,,,,,,,0,0,,,,,,,0,0,,,,,"0,25","28,78","6,24",0,0,"22,54",15,"4,83","1,15","1,27","1,08","1,08",0,0,0,0,0,"2,25","0,22",0,428-260226,428-260226,428-260226,,
,84,26/02/2026,84-260226,84-MF 17-6-18-2-1-CALFERQUIM 1-G,c446b480,6:00:00,22:00:00,35,12,12-UREA-CIAMSA 7-G,"0,3",10500,20/02/2026,,,,65,65-NUCLEO 4-CALFERQUIM 1-G,"0,31",10850,23/02/2026,,,,97,97-DAP-CIAMSA 4-G,"0,11",3850,16/02/2026,,,,144,144-KCL-DISAN 6-G,"0,28",9800,03/02/2026,,,,,,0,0,,,,,,,0,0,,,,,,,0,0,,,,,,,0,0,,,,,,,0,0,,,,,,,0,0,,,,,,,0,0,,,,,0,"15,78","1,98",0,0,"13,8","5,06","16,8","5,58","5,58","1,24","1,24",0,0,0,0,0,"4,34",0,0,84-260226,84-260226,84-260226,,
,803,27/02/2026,803-270226,803-NUCLEO MAGNESIO-S-CALFERQUIM 1-G,36dd6618,6:00:00,22:00:00,35,05,5-SULFATO CALCIO-ANIBAL ARANGO 1-P,"0,44",15400,23/02/2026,09/02/2026,,,74,74-KIESERITA-MANUCHAR 1-P,"0,18",6300,16/02/2026,,,,111,111-BENTONITA ROJA-COMERCIALIZADORA HA 3-P,"0,07",2450,26/02/2026,,,,274,274-SILICATO MAGNESIO-JULIAN SALDARRIAGA 1-P,"0,31",10850,17/02/2026,,,,,,0,0,,,,,,,0,0,,,,,,,0,0,,,,,,,0,0,,,,,,,0,0,,,,,,,0,0,,,,,,,0,0,,,,,0,0,0,0,0,0,0,0,"9,68","15,07","9,32","9,32",0,0,0,0,0,"14,75",0,0,803-270226,803-270226,803-270226,,
,62,27/02/2026,62-270226,62-NUCLEO CAMASI GRIS-CALFERQUIM 1-G,54fc2528,6:00:00,22:00:00,35,74,74-KIESERITA-MANUCHAR 1-P,"0,05",1750,16/02/2026,,,,110,110-CAOLIN GRIS- 1-P,"0,6",21000,27/02/2026,,,,105,105-CARBONATO CALCIO-JAMAROL 3-P,"0,35",12250,27/02/2026,,,,,,0,0,,,,,,,0,0,,,,,,,0,0,,,,,,,0,0,,,,,,,0,0,,,,,,,0,0,,,,,,,0,0,,,,,,,0,0,,,,,0,0,0,0,0,0,0,0,14,"1,25",1,1,0,0,0,0,0,0,0,0,62-270226,62-270226,62-270226,,
,62,01/03/2026,62-010326,62-NUCLEO CAMASI GRIS-CALFERQUIM 1-G,818ad5b2,6:00:00,22:00:00,35,74,74-KIESERITA-MANUCHAR 1-P,"0,05",1750,16/02/2026,,,,274,274-SILICATO MAGNESIO-JULIAN SALDARRIAGA 1-P,"0,1",3500,16/02/2026,,,,105,105-CARBONATO CALCIO-JAMAROL 3-P,"0,85",29750,28/02/2026,28/02/2026,,,,,0,0,,,,,,,0,0,,,,,,,0,0,,,,,,,0,0,,,,,,,0,0,,,,,,,0,0,,,,,,,0,0,,,,,,,0,0,,,,,0,0,0,0,0,0,0,0,34,"4,64",1,1,0,0,0,0,0,"3,7",0,0,62-010326,62-010326,62-010326,,
,155,28/02/2026,155-280226,155-RAIFOS 20-CALFERQUIM 1-G,e697eecd,6:00:00,22:00:00,35,74,74-KIESERITA-MANUCHAR 1-P,"0,05",1750,18/02/2026,,,,111,370-BENTONITA GRIS-FERTICAUCA 3-P,"0,09",3150,27/02/2026,,,,152,152-LEONARDITA- 1-P,"0,1",3500,,,,,193,193-MAP IMPORTADO- 3-G,"0,29",10150,24/09/2025,,,,650,31-ROCA FOSFÓRICA-FOSFATOS HUILA 1-P,"0,65",22750,17/01/2026,,,,678,678-ABONO ORGANICO-CALFERQUIM 1-G,0,0,10/10/2025,,,,,,0,0,,,,,,,0,0,,,,,,,0,0,,,,,,,0,0,,,,,,,0,0,,,,,0,0,0,0,0,0,"20,15","0,18","24,59","1,61",1,1,0,0,0,0,0,"5,13",0,0,155-280226,155-280226,155-280226,,
,62,28/02/2026,62-280226,62-NUCLEO CAMASI GRIS-CALFERQUIM 1-G,818ad5b2,6:00:00,22:00:00,35,74,74-KIESERITA-MANUCHAR 1-P,"0,05",1750,16/02/2026,,,,274,274-SILICATO MAGNESIO-JULIAN SALDARRIAGA 1-P,"0,1",3500,17/02/2026,,,,105,105-CARBONATO CALCIO-JAMAROL 3-P,"0,85",29750,27/02/2026,28/02/2026,,,,,0,0,,,,,,,0,0,,,,,,,0,0,,,,,,,0,0,,,,,,,0,0,,,,,,,0,0,,,,,,,0,0,,,,,,,0,0,,,,,0,0,0,0,0,0,0,0,34,"4,64",1,1,0,0,0,0,0,"3,7",0,0,62-280226,62-280226,62-280226,,
,412,28/02/2026,412-280226,412-MFE 25N-13P-12K +EM-CALFERQUIM 1-G,95114a00,6:00:00,22:00:00,35,12,12-UREA-EVOAGRO 2-G,"0,42",14700,24/02/2026,,,,32,32-SAM-NUTRICION PLANTAS 1-G,"0,03",1050,10/02/2026,,,,97,97-DAP-NUTRICION PLANTAS 1-G,"0,27",9450,14/02/2026,,,,123,123-BORO G-CALFERQUIM 1-G,"0,01",350,25/08/2025,,,,144,144-KCL-DISAN 6-G,"0,19",6650,03/02/2026,,,,997,997-SULFATO ZINC 22-CALFERQUIM 1-P,"0,01",350,27/01/2026,,,,155,155-RAIFOS 20-CALFERQUIM 1-G,"0,02",700,10/02/2026,,,,160,160-ZUELO CA-CALFERQUIM 1-G,"0,06",2100,20/02/2026,,,,,,0,0,,,,,,,0,0,,,,,,,0,0,,,,,"0,1","24,81","5,49",0,0,"19,32","12,82","11,58","2,08","0,75","0,98","0,98",0,0,0,0,0,"0,66",0,0,412-280226,412-280226,412-280226,,
,1410,02/03/2026,1410-020326,,56f5a732,,,1,164,164-MICRON C-CALFERQUIM 1-G,"0,42",,,,,,144,144-KCL-ABOCAR 4-G,"0,08",,,,,,300,300-K2K-CALFERQUIM 1-G,"0,08",,,,,,32,32-SAM-CALFERQUIM 4-G,"0,14",,,,,,150,150-CALFERZINC P-CALFERQUIM 1-G,"0,02",,,,,,123,123-BORO G-CALFERQUIM 1-G,"0,01",,,,,,155,155-RAIFOS 20-CALFERQUIM 1-G,"0,16",,,,,,160,160-ZUELO CA-CALFERQUIM 1-G,"0,03",,,,,,655,655-FE NUCLEO N-CALFERQUIM 1-G,"0,07",,,,,,,,0,,,,,,,,0,,,,,,1,22,3,0,0,0,"3,2",7,"4,72","0,6","4,05",4,0,0,0,0,0,"3,56",0,0,1410-020326,1410-020326,1410-020326,,
,62,02/03/2026,62-020326,62-NUCLEO CAMASI GRIS-CALFERQUIM 1-G,818ad5b2,6:00:00,22:00:00,35,74,74-KIESERITA-MANUCHAR 1-P,"0,05",1750,14/03/2026,,,,274,274-SILICATO MAGNESIO-JULIAN SALDARRIAGA 1-P,"0,1",3500,16/03/2026,,,,105,105-CARBONATO CALCIO-JAMAROL 3-P,"0,85",29750,28/03/2026,,,,,,0,0,,,,,,,0,0,,,,,,,0,0,,,,,,,0,0,,,,,,,0,0,,,,,,,0,0,,,,,,,0,0,,,,,,,0,0,,,,,0,0,0,0,0,0,0,0,34,"4,64",1,1,0,0,0,0,0,"3,7",0,0,62-020326,62-020326,62-020326,,
,65,02/03/2026,65-020326,65-NUCLEO 4-CALFERQUIM 1-G,b8888d93,6:00:00,22:00:00,35,74,74-KIESERITA-MANUCHAR 1-P,"0,1",3500,14/03/2026,,,,05,5-SULFATO CALCIO-AGROINSUMOS 2-P,"0,15",5250,03/02/2026,,,,274,274-SILICATO MAGNESIO-JULIAN SALDARRIAGA 1-P,"0,4",14000,16/03/2026,,,,105,105-CARBONATO CALCIO-JAMAROL 3-P,"0,25",8750,28/02/2026,,,,120,120-CAL DOLOMITA-BM 1-P,"0,1",3500,17/02/2026,,,,,,0,0,,,,,,,0,0,,,,,,,0,0,,,,,,,0,0,,,,,,,0,0,,,,,,,0,0,,,,,0,0,0,0,0,0,0,0,"16,7","17,44","3,95","3,95",0,0,0,0,0,"14,79",0,0,65-020326,65-020326,65-020326,,
,62,03/03/2026,62-030326,62-NUCLEO CAMASI GRIS-CALFERQUIM 1-G,818ad5b2,6:00:00,22:00:00,35,74,74-KIESERITA-MANUCHAR 1-P,"0,05",1750,14/02/2026,,,,274,274-SILICATO MAGNESIO-JULIAN SALDARRIAGA 1-P,"0,1",3500,17/02/2026,,,,105,105-CARBONATO CALCIO-JAMAROL 3-P,"0,85",29750,02/03/2026,,,,,,0,0,,,,,,,0,0,,,,,,,0,0,,,,,,,0,0,,,,,,,0,0,,,,,,,0,0,,,,,,,0,0,,,,,,,0,0,,,,,0,0,0,0,0,0,0,0,34,"4,64",1,1,0,0,0,0,0,"3,7",0,0,62-030326,62-030326,62-030326,,
,65,03/03/2026,65-030326,65-NUCLEO 4-CALFERQUIM 1-G,b8888d93,6:00:00,22:00:00,35,74,74-KIESERITA-MANUCHAR 1-P,"0,1",3500,14/02/2026,,,,05,5-SULFATO CALCIO-AGROINSUMOS 2-P,"0,15",5250,04/02/2026,,,,274,274-SILICATO MAGNESIO-JULIAN SALDARRIAGA 1-P,"0,4",14000,17/03/2026,,,,105,105-CARBONATO CALCIO-JAMAROL 3-P,"0,25",8750,02/03/2026,03/03/2026,,,120,120-CAL DOLOMITA-BM 1-P,"0,1",3500,17/02/2026,,,,,,0,0,,,,,,,0,0,,,,,,,0,0,,,,,,,0,0,,,,,,,0,0,,,,,,,0,0,,,,,0,0,0,0,0,0,0,0,"16,7","17,44","3,95","3,95",0,0,0,0,0,"14,79",0,0,65-030326,65-030326,65-030326,,
,677,03/03/2026,677-030326,677-MFE 25N-6P-0K+EM-CALFERQUIM 1-G,3ec8ddae,,,1,164,164-MICRON C-CALFERQUIM 1-G,"0,45",,,,,,97,97-DAP-CIAMSA 4-G,"0,05",,,,,,32,32-SAM-EVOAGRO 3-G,"0,15",,,,,,155,155-RAIFOS 20-CALFERQUIM 1-G,"0,15",,,,,,160,160-ZUELO CA-CALFERQUIM 1-G,"0,2",,,,,,,,0,,,,,,,,0,,,,,,,,0,,,,,,,,0,,,,,,,,0,,,,,,,,0,,,,,,1,25,4,0,0,0,"5,3",1,"8,85","2,63","4,55",5,0,0,0,0,0,"3,95",0,0,677-030326,677-030326,677-030326,,
,679,04/03/2026,679-040326,679-NUCLEO FOSFORO 10-CALFERQUIM 1-G,eb47d71e,6:00:00,22:00:00,35,74,74-KIESERITA-MANUCHAR 1-P,"0,05",1750,14/02/2026,,,,5,5-SULFATO CALCIO-ANIBAL ARANGO 1-P,"0,3",10500,07/02/2026,,,,105,105-CARBONATO CALCIO-JAMAROL 3-P,"0,15",5250,03/03/2026,,,,111,370-BENTONITA GRIS-COMERCIALIZADORA HA 4-P,"0,05",1750,03/03/2026,,,,290,290-ROCA FOSFORICA-26-PRACO 1-P,"0,45",15750,17/01/2026,,,,,,0,0,,,,,,,0,0,,,,,,,0,0,,,,,,,0,0,,,,,,,0,0,,,,,,,0,0,,,,,0,0,0,0,0,0,"11,7","0,1","29,1","1,45","4,9","4,9",0,0,0,0,0,"2,85",0,0,679-040326,679-040326,679-040326,,
,62,04/03/2026,62-040326,62-NUCLEO CAMASI GRIS-CALFERQUIM 1-G,818ad5b2,6:00:00,22:00:00,35,74,74-KIESERITA-MANUCHAR 1-P,"0,05",1750,14/02/2026,,,,274,274-SILICATO MAGNESIO-JULIAN SALDARRIAGA 1-P,"0,1",3500,17/02/2026,,,,105,105-CARBONATO CALCIO-JAMAROL 3-P,"0,85",29750,03/03/2026,,,,,,0,0,,,,,,,0,0,,,,,,,0,0,,,,,,,0,0,,,,,,,0,0,,,,,,,0,0,,,,,,,0,0,,,,,,,0,0,,,,,0,0,0,0,0,0,0,0,34,"4,64",1,1,0,0,0,0,0,"3,7",0,0,62-040326,62-040326,62-040326,,
,65,05/03/2026,65-050326,65-NUCLEO 4-CALFERQUIM 1-G,b8888d93,6:00:00,22:00:00,35,74,74-KIESERITA-MANUCHAR 1-P,"0,1",3500,14/03/2026,,,,05,5-SULFATO CALCIO-AGROINSUMOS 2-P,"0,15",5250,04/02/2026,,,,274,274-SILICATO MAGNESIO-JULIAN SALDARRIAGA 1-P,"0,4",14000,17/02/2026,,,,105,105-CARBONATO CALCIO-JAMAROL 3-P,"0,25",8750,03/03/2026,,,,120,120-CAL DOLOMITA-BM 1-P,"0,1",3500,24/02/2026,,,,,,0,0,,,,,,,0,0,,,,,,,0,0,,,,,,,0,0,,,,,,,0,0,,,,,,,0,0,,,,,0,0,0,0,0,0,0,0,"16,7","17,44","3,95","3,95",0,0,0,0,0,"14,79",0,0,65-050326,65-050326,65-050326,,
,62,05/03/2026,62-050326,62-NUCLEO CAMASI GRIS-CALFERQUIM 1-G,818ad5b2,6:00:00,22:00:00,35,74,74-KIESERITA-MANUCHAR 1-P,"0,05",1750,14/02/2026,,,,274,274-SILICATO MAGNESIO-JULIAN SALDARRIAGA 1-P,"0,1",3500,17/03/2026,,,,105,105-CARBONATO CALCIO-JAMAROL 3-P,"0,85",29750,03/03/2026,05/03/2026,05/03/2026,,,,0,0,,,,,,,0,0,,,,,,,0,0,,,,,,,0,0,,,,,,,0,0,,,,,,,0,0,,,,,,,0,0,,,,,,,0,0,,,,,0,0,0,0,0,0,0,0,34,"4,64",1,1,0,0,0,0,0,"3,7",0,0,62-050326,62-050326,62-050326,,
,82,05/03/2026,82-050326,82-MF 25-4-24-CALFERQUIM 1-G,224f518c,6:00:00,22:00:00,35,12,12-UREA-CIAMSA 7-G,"0,46",16100,24/02/2026,,,,65,65-NUCLEO 4-CALFERQUIM 1-G,"0,1",3500,03/03/2026,,,,97,97-DAP-EVOAGRO 5-G,"0,08",2800,17/03/2026,,,,144,144-KCL-DISAN 6-G,"0,36",12600,03/03/2026,,,,,,0,0,,,,,,,0,0,,,,,,,0,0,,,,,,,0,0,,,,,,,0,0,,,,,,,0,0,,,,,,,0,0,,,,,0,"22,6","1,44",0,0,"21,16","3,68","21,6","1,8","1,8","0,4","0,4",0,0,0,0,0,"1,4",0,0,82-050326,82-050326,82-050326,,
,65,06/03/2026,65-060326,65-NUCLEO 4-CALFERQUIM 1-G,b8888d93,6:00:00,22:00:00,35,74,74-KIESERITA-MANUCHAR 1-P,"0,1",3500,18/03/2026,,,,05,5-SULFATO CALCIO-AGROINSUMOS 2-P,"0,15",5250,07/01/2026,,,,274,274-SILICATO MAGNESIO-JULIAN SALDARRIAGA 1-P,"0,4",14000,19/02/2026,,,,105,105-CARBONATO CALCIO-JAMAROL 3-P,"0,25",8750,05/03/2026,06/03/2026,,,120,120-CAL DOLOMITA-BM 1-P,"0,1",3500,17/01/2026,,,,,,0,0,,,,,,,0,0,,,,,,,0,0,,,,,,,0,0,,,,,,,0,0,,,,,,,0,0,,,,,0,0,0,0,0,0,0,0,"16,7","17,44","3,95","3,95",0,0,0,0,0,"14,79",0,0,65-060326,65-060326,65-060326,,
,558,06/03/2026,558-060326,558-NUCLEO MAGNESIO-SILICIO EM-CALFERQUIM 1-G,c61b89df,6:00:00,22:00:00,35,74,74-KIESERITA-MANUCHAR 1-P,"0,05",1750,18/02/2026,,,,274,274-SILICATO MAGNESIO-JULIAN SALDARRIAGA 1-P,"0,9",31500,19/02/2026,18/03/2026,,,110,111-BENTONITA ROJA-COMERCIALIZADORA HA 3-P,"0,05",1750,05/03/2026,,,,,,0,0,,,,,,,0,0,,,,,,,0,0,,,,,,,0,0,,,,,,,0,0,,,,,,,0,0,,,,,,,0,0,,,,,,,0,0,,,,,0,0,0,0,0,0,0,0,0,"31,77",1,1,0,0,0,0,0,"35,63",0,0,558-060326,558-060326,558-060326,,
,82,06/03/2026,82-060326,82-MF 25-4-24-CALFERQUIM 1-G,224f518c,6:00:00,22:00:00,35,12,12-UREA-CIAMSA 7-G,"0,46",16100,04/02/2026,,,,65,65-NUCLEO 4-CALFERQUIM 1-G,"0,1",3500,05/03/2026,,,,97,97-DAP-EVOAGRO 5-G,"0,08",2800,21/02/2026,,,,144,144-KCL-DISAN 6-G,"0,36",12600,03/02/2026,,,,,,0,0,,,,,,,0,0,,,,,,,0,0,,,,,,,0,0,,,,,,,0,0,,,,,,,0,0,,,,,,,0,0,,,,,0,"22,6","1,44",0,0,"21,16","3,68","21,6","1,8","1,8","0,4","0,4",0,0,0,0,0,"1,4",0,0,82-060326,82-060326,82-060326,,
,558,07/03/2026,558-070326,558-NUCLEO MAGNESIO-SILICIO EM-CALFERQUIM 1-G,c61b89df,6:00:00,22:00:00,35,74,74-KIESERITA-MANUCHAR 1-P,"0,05",1750,18/03/2026,,,,274,274-SILICATO MAGNESIO-JULIAN SALDARRIAGA 1-P,"0,9",31500,18/02/2026,19/02/2026,,,110,111-BENTONITA ROJA-COMERCIALIZADORA HA 3-P,"0,05",1750,04/03/2026,,,,,,0,0,,,,,,,0,0,,,,,,,0,0,,,,,,,0,0,,,,,,,0,0,,,,,,,0,0,,,,,,,0,0,,,,,,,0,0,,,,,0,0,0,0,0,0,0,0,0,"31,77",1,1,0,0,0,0,0,"35,63",0,0,558-070326,558-070326,558-070326,,
,558,08/03/2026,558-080326,558-NUCLEO MAGNESIO-SILICIO EM-CALFERQUIM 1-G,c61b89df,6:00:00,22:00:00,35,74,74-KIESERITA-MANUCHAR 1-P,"0,05",1750,17/03/2026,,,,274,274-SILICATO MAGNESIO-JULIAN SALDARRIAGA 1-P,"0,9",31500,18/02/2026,19/02/2026,,,110,111-BENTONITA ROJA-COMERCIALIZADORA HA 3-P,"0,05",1750,04/03/2026,,,,,,0,0,,,,,,,0,0,,,,,,,0,0,,,,,,,0,0,,,,,,,0,0,,,,,,,0,0,,,,,,,0,0,,,,,,,0,0,,,,,0,0,0,0,0,0,0,0,0,"31,77",1,1,0,0,0,0,0,"35,63",0,0,558-080326,558-080326,558-080326,,
,65,09/03/2026,65-090326,65-NUCLEO 4-CALFERQUIM 1-G,b8888d93,6:00:00,22:00:00,35,74,74-KIESERITA-MANUCHAR 1-P,"0,1",3500,18/03/2026,,,,05,5-SULFATO CALCIO-AGROINSUMOS 2-P,"0,15",5250,03/02/2026,,,,274,274-SILICATO MAGNESIO-JULIAN SALDARRIAGA 1-P,"0,4",14000,07/03/2026,09/03/2026,,,105,105-CARBONATO CALCIO-JAMAROL 3-P,"0,25",8750,06/03/2026,,,,120,120-CAL DOLOMITA-BM 1-P,"0,1",3500,17/02/2026,,,,,,0,0,,,,,,,0,0,,,,,,,0,0,,,,,,,0,0,,,,,,,0,0,,,,,,,0,0,,,,,0,0,0,0,0,0,0,0,"16,7","17,44","3,95","3,95",0,0,0,0,0,"14,79",0,0,65-090326,65-090326,65-090326,,
,82,09/03/2026,82-090326,82-MF 25-4-24-CALFERQUIM 1-G,224f518c,6:00:00,22:00:00,35,12,12-UREA-CIAMSA 7-G,"0,46",16100,02/03/2026,,,,65,65-NUCLEO 4-CALFERQUIM 1-G,"0,1",3500,09/03/2026,,,,97,97-DAP-EVOAGRO 5-G,"0,08",2800,17/02/2026,,,,144,144-KCL-DISAN 6-G,"0,36",12600,07/03/2026,,,,,,0,0,,,,,,,0,0,,,,,,,0,0,,,,,,,0,0,,,,,,,0,0,,,,,,,0,0,,,,,,,0,0,,,,,0,"22,6","1,44",0,0,"21,16","3,68","21,6","1,8","1,8","0,4","0,4",0,0,0,0,0,"1,4",0,0,82-090326,82-090326,82-090326,,
,65,10/03/2026,65-100326,65-NUCLEO 4-CALFERQUIM 1-G,b8888d93,6:00:00,22:00:00,35,74,74-KIESERITA-MANUCHAR 1-P,"0,1",3500,19/02/2026,,,,05,5-SULFATO CALCIO-AGROINSUMOS 2-P,"0,15",5250,03/02/2026,,,,274,274-SILICATO MAGNESIO-JULIAN SALDARRIAGA 1-P,"0,4",14000,09/03/2026,,,,105,105-CARBONATO CALCIO-JAMAROL 3-P,"0,25",8750,06/03/2026,,,,120,120-CAL DOLOMITA-BM 1-P,"0,1",3500,17/02/2026,,,,,,0,0,,,,,,,0,0,,,,,,,0,0,,,,,,,0,0,,,,,,,0,0,,,,,,,0,0,,,,,0,0,0,0,0,0,0,0,"16,7","17,44","3,95","3,95",0,0,0,0,0,"14,79",0,0,65-100326,65-100326,65-100326,,
,62,10/03/2026,62-100326,62-NUCLEO CAMASI GRIS-CALFERQUIM 1-G,818ad5b2,6:00:00,22:00:00,35,74,74-KIESERITA-MANUCHAR 1-P,"0,05",1750,18/03/2026,,,,274,274-SILICATO MAGNESIO-JULIAN SALDARRIAGA 1-P,"0,1",3500,09/03/2026,,,,105,105-CARBONATO CALCIO-JAMAROL 3-P,"0,85",29750,06/03/2026,07/03/2026,,,,,0,0,,,,,,,0,0,,,,,,,0,0,,,,,,,0,0,,,,,,,0,0,,,,,,,0,0,,,,,,,0,0,,,,,,,0,0,,,,,0,0,0,0,0,0,0,0,34,"4,64",1,1,0,0,0,0,0,"3,7",0,0,62-100326,62-100326,62-100326,,
,679,11/03/2026,679-110326,679-NUCLEO FOSFORO 10-CALFERQUIM 1-G,eb47d71e,6:00:00,22:00:00,35,74,74-KIESERITA-MANUCHAR 1-P,"0,05",1750,18/03/2026,,,,5,5-SULFATO CALCIO-ANIBAL ARANGO 1-P,"0,3",10500,07/01/2026,,,,105,105-CARBONATO CALCIO-JAMAROL 3-P,"0,15",5250,10/03/2026,,,,111,370-BENTONITA GRIS-COMERCIALIZADORA HA 4-P,"0,05",1750,09/03/2026,,,,290,290-ROCA FOSFORICA-26-PRACO 1-P,"0,45",15750,17/01/2026,,,,,,0,0,,,,,,,0,0,,,,,,,0,0,,,,,,,0,0,,,,,,,0,0,,,,,,,0,0,,,,,0,0,0,0,0,0,"11,7","0,1","29,1","1,45","4,9","4,9",0,0,0,0,0,"2,85",0,0,679-110326,679-110326,679-110326,,
,65,11/03/2026,65-110326,65-NUCLEO 4-CALFERQUIM 1-G,b8888d93,6:00:00,22:00:00,35,74,74-KIESERITA-MANUCHAR 1-P,"0,1",3500,18/02/2026,,,,05,5-SULFATO CALCIO-AGROINSUMOS 2-P,"0,15",5250,21/01/2026,,,,274,274-SILICATO MAGNESIO-JULIAN SALDARRIAGA 1-P,"0,4",14000,10/03/2026,09/03/2026,,,105,105-CARBONATO CALCIO-JAMAROL 3-P,"0,25",8750,06/03/2026,,,,120,120-CAL DOLOMITA-BM 1-P,"0,1",3500,17/02/2026,,,,,,0,0,,,,,,,0,0,,,,,,,0,0,,,,,,,0,0,,,,,,,0,0,,,,,,,0,0,,,,,0,0,0,0,0,0,0,0,"16,7","17,44","3,95","3,95",0,0,0,0,0,"14,79",0,0,65-110326,65-110326,65-110326,,
,1410,11/03/2026,1410-110326,,56f5a732,6:00:00,22:00:00,35,164,164-MICRON C-CALFERQUIM 1-G,"0,42",14700,04/03/2026,,,,144,144-KCL-ABOCAR 4-G,"0,08",2800,07/03/2026,,,,300,300-K2K-CALFERQUIM 1-G,"0,08",2800,25/10/2025,,,,32,32-SAM-CALFERQUIM 4-G,"0,14",4900,10/02/2026,,,,150,150-CALFERZINC P-CALFERQUIM 1-G,"0,02",700,27/01/2026,,,,123,123-BORO G-CALFERQUIM 1-G,"0,01",350,10/03/2026,,,,155,155-RAIFOS 20-CALFERQUIM 1-G,"0,16",5600,28/02/2026,,,,160,160-ZUELO CA-CALFERQUIM 1-G,"0,03",1050,20/02/2026,,,,655,655-FE NUCLEO N-CALFERQUIM 1-G,"0,07",2450,09/03/2026,,,,,,0,0,,,,,,,0,0,,,,,"1,2","22,26","2,94",0,0,0,"3,2","7,25","4,72","0,6","4,05","4,05",0,0,0,0,0,"3,56","0,44","0,02",1410-110326,1410-110326,1410-110326,,
,62,12/03/2026,62-120326,62-NUCLEO CAMASI GRIS-CALFERQUIM 1-G,54fc2528,6:00:00,22:00:00,35,74,74-KIESERITA-MANUCHAR 1-P,"0,05",1750,18/03/2026,,,,110,110-CAOLIN GRIS- 1-P,"0,6",21000,09/03/2026,03/03/2026,,,105,105-CARBONATO CALCIO-JAMAROL 3-P,"0,35",12250,09/03/2026,10/03/2026,,,,,0,0,,,,,,,0,0,,,,,,,0,0,,,,,,,0,0,,,,,,,0,0,,,,,,,0,0,,,,,,,0,0,,,,,,,0,0,,,,,0,0,0,0,0,0,0,0,14,"1,25",1,1,0,0,0,0,0,0,0,0,62-120326,62-120326,62-120326,,
,155,12/03/2026,155-120326,155-RAIFOS 20-CALFERQUIM 1-G,e697eecd,6:00:00,22:00:00,35,74,74-KIESERITA-MANUCHAR 1-P,"0,05",1750,18/02/2026,,,,111,111-BENTONITA ROJA-FERTICAUCA 4-P,"0,09",3150,26/02/2026,,,,152,152-LEONARDITA- 1-P,"0,1",3500,,,,,193,193-MAP IMPORTADO- 3-G,"0,05",1750,24/09/2025,,,,650,31-ROCA FOSFÓRICA-FOSFATOS HUILA 1-P,"0,65",22750,17/01/2026,,,,678,678-ABONO ORGANICO-CALFERQUIM 1-G,"0,06",2100,10/10/2025,,,,,,0,0,,,,,,,0,0,,,,,,,0,0,,,,,,,0,0,,,,,,,0,0,,,,,0,0,0,0,0,0,"20,15",0,"24,05","1,34",1,1,0,0,0,0,0,"4,23",0,0,155-120326,155-120326,155-120326,,
,480,13/03/2026,480-130326,480-MF 27N-9K-10S+EM-CALFERQUIM 1-G,d2214511,,,1,12,12-UREA-CIAMSA 7-G,"0,06",60,05/03/2026,,,,164,164-MICRON C-CALFERQUIM 1-G,"0,45",450,05/03/2026,,,,97,97-DAP-CIAMSA 4-G,"0,05",50,17/03/2026,,,,32,32-SAM-EVOAGRO 3-G,"0,15",150,10/03/2026,,,,155,155-RAIFOS 20-CALFERQUIM 1-G,"0,1",100,12/03/2026,,,,35,35-SILIMAGRAN-CALFERQUIM 1-G,"0,1",100,25/02/2026,,,,,,0,0,,,,,,,0,0,,,,,,,0,0,,,,,,,0,0,,,,,,,0,0,,,,,"0,5","27,51","4,05",0,0,"2,76","4,8",0,"2,3","3,15","3,7","3,7",0,0,0,0,0,"5,1",0,0,480-130326,480-130326,480-130326,,
,65,13/03/2026,65-130326,65-NUCLEO 4-CALFERQUIM 1-G,b8888d93,6:00:00,22:00:00,35,74,74-KIESERITA-MANUCHAR 1-P,"0,1",3500,18/02/2026,,,,05,5-SULFATO CALCIO-AGROINSUMOS 2-P,"0,15",5250,21/01/2026,,,,274,274-SILICATO MAGNESIO-JULIAN SALDARRIAGA 1-P,"0,4",14000,11/03/2026,,,,105,105-CARBONATO CALCIO-JAMAROL 3-P,"0,25",8750,10/03/2026,,,,120,120-CAL DOLOMITA-BM 1-P,"0,1",3500,12/03/2026,,,,,,0,0,,,,,,,0,0,,,,,,,0,0,,,,,,,0,0,,,,,,,0,0,,,,,,,0,0,,,,,0,0,0,0,0,0,0,0,"16,7","17,44","3,95","3,95",0,0,0,0,0,"14,79",0,0,65-130326,65-130326,65-130326,,
,62,13/03/2026,62-130326,62-NUCLEO CAMASI GRIS-CALFERQUIM 1-G,818ad5b2,6:00:00,22:00:00,35,74,74-KIESERITA-MANUCHAR 1-P,"0,05",1750,18/02/2026,,,,274,274-SILICATO MAGNESIO-JULIAN SALDARRIAGA 1-P,"0,1",3500,19/02/2026,,,,105,105-CARBONATO CALCIO-JAMAROL 3-P,"0,85",29750,10/03/2026,11/03/2026,09/03/2026,,,,0,0,,,,,,,0,0,,,,,,,0,0,,,,,,,0,0,,,,,,,0,0,,,,,,,0,0,,,,,,,0,0,,,,,,,0,0,,,,,0,0,0,0,0,0,0,0,34,"4,64",1,1,0,0,0,0,0,"3,7",0,0,62-130326,62-130326,62-130326,,
,518,13/03/2026,518-130326,518-MF 25N-17P-1K+EM-CALFERQUIM 1-G,5194a74e,6:00:00,22:00:00,35,12,12-UREA-PRECISAGRO 1-G,"0,31",10850,05/03/2026,,,,32,32-SAM-PRECISAGRO 2-G,"0,21",7350,10/02/2026,,,,35,35-SILIMAGRAN-CALFERQUIM 1-G,"0,08",2800,25/02/2026,,,,97,97-DAP-PRECISAGRO 8-G,"0,34",11900,17/02/2026,,,,144,144-KCL GR-CIAMSA 5-G,"0,01",350,07/03/2026,,,,155,155-RAIFOS 20-CALFERQUIM 1-G,"0,05",1750,12/03/2026,,,,,,0,0,,,,,,,0,0,,,,,,,0,0,,,,,,,0,0,,,,,,,0,0,,,,,"0,25","24,79","10,53",0,0,"14,26","17,04","0,6","1,15","2,48","5,09","5,09",0,0,0,0,0,"3,45",0,0,518-130326,518-130326,518-130326,,
,516,13/03/2026,516-130326,516-MF 14N-4P-24K+EM-CALFERQUIM 1-G,55d57aac,6:00:00,22:00:00,35,12,12-UREA-CIAMSA 7-G,"0,2",7000,05/03/2026,,,,32,32-SAM-EVOAGRO 3-G,"0,18",6300,10/02/2026,,,,65,65-NUCLEO 4-CALFERQUIM 1-G,"0,04",1400,09/03/2026,,,,97,97-DAP-CIAMSA 4-G,"0,02",700,17/02/2026,,,,144,144-KCL-DISAN 6-G,"0,39",13650,07/03/2026,,,,155,155-RAIFOS 20-CALFERQUIM 1-G,"0,14",4900,12/03/2026,,,,160,160-ZUELO CA-CALFERQUIM 1-G,"0,03",1050,20/02/2026,,,,450,450-CARBONITRO-CALFERQUIM 1-L,0,0,,,,,,,0,0,,,,,,,0,0,,,,,,,0,0,,,,,"0,7","13,34","4,14",0,0,"9,2","3,72","23,49","4,75","1,29","4,74","4,74",0,0,0,0,0,"3,62",0,0,516-130326,516-130326,516-130326,,
,413,13/03/2026,413-130326,413-MFE 20N-4P-18K+EM-CALFERQUIM 1-G,f8a5ba4d,6:00:00,22:00:00,35,164,164-MICRON C-CALFERQUIM 1-G,"0,26",9100,05/03/2026,,,,188,188-MICRON CS-CALFERQUIM 1-G,"0,18",6300,05/03/2026,10/02/2026,,,35,35-SILIMAGRAN-CALFERQUIM 1-G,"0,1",3500,25/02/2026,,,,97,97-DAP-PRECISAGRO 8-G,"0,05",1750,17/02/2026,,,,123,123-BORO G-CALFERQUIM 1-G,"0,02",700,10/03/2026,,,,144,144-KCL-DISAN 6-G,"0,27",9450,07/03/2026,,,,997,997-SULFATO ZINC 22-CALFERQUIM 1-P,"0,01",350,27/01/2026,,,,155,155-RAIFOS 20-CALFERQUIM 1-G,"0,08",2800,12/03/2026,,,,300,300-K2K-CALFERQUIM 1-G,"0,05",1750,25/10/2025,,,,,,0,0,,,,,,,0,0,,,,,"0,65","20,06","0,9",0,0,0,"4,4","17,64","1,98","3,12","1,33","1,33",0,0,0,0,0,"4,73",0,"0,02",413-130326,413-130326,413-130326,,
,558,14/03/2026,558-140326,558-NUCLEO MAGNESIO-SILICIO EM-CALFERQUIM 1-G,c61b89df,6:00:00,22:00:00,35,74,74-KIESERITA-MANUCHAR 1-P,"0,05",1750,18/02/2026,,,,274,274-SILICATO MAGNESIO-JULIAN SALDARRIAGA 1-P,"0,9",31500,09/03/2026,11/03/2026,,,110,111-BENTONITA ROJA-COMERCIALIZADORA HA 3-P,"0,05",1750,26/02/2026,,,,,,0,0,,,,,,,0,0,,,,,,,0,0,,,,,,,0,0,,,,,,,0,0,,,,,,,0,0,,,,,,,0,0,,,,,,,0,0,,,,,0,0,0,0,0,0,0,0,0,"31,77",1,1,0,0,0,0,0,"35,63",0,0,558-140326,558-140326,558-140326,,
,558,15/03/2026,558-150326,558-NUCLEO MAGNESIO-SILICIO EM-CALFERQUIM 1-G,c61b89df,6:00:00,22:00:00,35,74,74-KIESERITA-MANUCHAR 1-P,"0,05",1750,26/03/2026,,,,274,274-SILICATO MAGNESIO-JULIAN SALDARRIAGA 1-P,"0,9",31500,11/03/2026,13/03/2026,,,110,111-BENTONITA ROJA-COMERCIALIZADORA HA 3-P,"0,05",1750,26/02/2026,,,,,,0,0,,,,,,,0,0,,,,,,,0,0,,,,,,,0,0,,,,,,,0,0,,,,,,,0,0,,,,,,,0,0,,,,,,,0,0,,,,,0,0,0,0,0,0,0,0,0,"31,77",1,1,0,0,0,0,0,"35,63",0,0,558-150326,558-150326,558-150326,,
,62,16/03/2026,62-160326,62-NUCLEO CAMASI GRIS-CALFERQUIM 1-G,818ad5b2,6:00:00,22:00:00,35,74,74-KIESERITA-MANUCHAR 1-P,"0,05",1750,26/02/2026,,,,274,274-SILICATO MAGNESIO-JULIAN SALDARRIAGA 1-P,"0,1",3500,13/03/2026,,,,105,105-CARBONATO CALCIO-JAMAROL 3-P,"0,85",29750,10/03/2026,11/03/2026,13/03/2026,,,,0,0,,,,,,,0,0,,,,,,,0,0,,,,,,,0,0,,,,,,,0,0,,,,,,,0,0,,,,,,,0,0,,,,,,,0,0,,,,,0,0,0,0,0,0,0,0,34,"4,64",1,1,0,0,0,0,0,"3,7",0,0,62-160326,62-160326,62-160326,,
,141,16/03/2026,141-160326,141-FE SULFATO CALCIO P-CALFERQUIM 1-G,31552b24,6:00:00,22:00:00,35,74,74-KIESERITA-MANUCHAR 1-P,"0,1",3500,26/02/2026,,,,,,0,0,,,,,370,370-BENTONITA GRIS-COMERCIALIZADORA HA 4-P,"0,05",1750,09/03/2026,,,,5,5-SULFATO CALCIO-ANIBAL ARANGO 1-P,"0,65",22750,23/02/2026,,,,105,105-CARBONATO CALCIO-AGROCALES 1-P,"0,2",7000,13/03/2026,,,,,,0,0,,,,,,,0,0,,,,,,,0,0,,,,,,,0,0,,,,,,,0,0,,,,,,,0,0,,,,,0,0,0,0,0,0,0,"0,1","22,6","2,7","10,45","10,45",0,0,0,0,0,"2,85",0,0,141-160326,141-160326,141-160326,,
,84,16/03/2026,84-160326,84-MF 17-6-18-2-1-CALFERQUIM 1-G,c446b480,6:00:00,22:00:00,35,12,12-UREA-CIAMSA 7-G,"0,3",10500,05/03/2026,,,,65,65-NUCLEO 4-CALFERQUIM 1-G,"0,31",10850,11/03/2026,,,,97,97-DAP-CIAMSA 4-G,"0,11",3850,17/02/2026,,,,144,144-KCL-DISAN 6-G,"0,28",9800,07/03/2026,,,,,,0,0,,,,,,,0,0,,,,,,,0,0,,,,,,,0,0,,,,,,,0,0,,,,,,,0,0,,,,,,,0,0,,,,,0,"15,78","1,98",0,0,"13,8","5,06","16,8","5,58","5,58","1,24","1,24",0,0,0,0,0,"4,34",0,0,84-160326,84-160326,84-160326,,
,62,17/03/2026,62-170326,62-NUCLEO CAMASI GRIS-CALFERQUIM 1-G,818ad5b2,6:00:00,22:00:00,35,74,74-KIESERITA-MANUCHAR 1-P,"0,05",1750,11/03/2026,,,,274,274-SILICATO MAGNESIO-JULIAN SALDARRIAGA 1-P,"0,1",3500,16/03/2026,,,,105,105-CARBONATO CALCIO-JAMAROL 3-P,"0,85",29750,13/03/2026,14/03/2026,16/03/2026,,,,0,0,,,,,,,0,0,,,,,,,0,0,,,,,,,0,0,,,,,,,0,0,,,,,,,0,0,,,,,,,0,0,,,,,,,0,0,,,,,0,0,0,0,0,0,0,0,34,"4,64",1,1,0,0,0,0,0,"3,7",0,0,62-170326,62-170326,62-170326,,
,558,17/03/2026,558-170326,558-NUCLEO MAGNESIO-SILICIO EM-CALFERQUIM 1-G,c61b89df,6:00:00,22:00:00,35,74,74-KIESERITA-MANUCHAR 1-P,"0,05",1750,11/03/2026,,,,274,274-SILICATO MAGNESIO-JULIAN SALDARRIAGA 1-P,"0,9",31500,14/03/2026,16/03/2026,,,110,111-BENTONITA ROJA-COMERCIALIZADORA HA 3-P,"0,05",1750,05/03/2026,,,,,,0,0,,,,,,,0,0,,,,,,,0,0,,,,,,,0,0,,,,,,,0,0,,,,,,,0,0,,,,,,,0,0,,,,,,,0,0,,,,,0,0,0,0,0,0,0,0,0,"31,77",1,1,0,0,0,0,0,"35,63",0,0,558-170326,558-170326,558-170326,,
,65,17/03/2026,65-170326,65-NUCLEO 4-CALFERQUIM 1-G,b8888d93,6:00:00,22:00:00,35,74,74-KIESERITA-MANUCHAR 1-P,"0,1",3500,11/03/2026,,,,05,5-SULFATO CALCIO-AGROINSUMOS 2-P,"0,15",5250,21/01/2026,,,,274,274-SILICATO MAGNESIO-JULIAN SALDARRIAGA 1-P,"0,4",14000,16/03/2026,,,,105,105-CARBONATO CALCIO-JAMAROL 3-P,"0,25",8750,16/03/2026,,,,120,120-CAL DOLOMITA-BM 1-P,"0,1",3500,16/03/2026,,,,,,0,0,,,,,,,0,0,,,,,,,0,0,,,,,,,0,0,,,,,,,0,0,,,,,,,0,0,,,,,0,0,0,0,0,0,0,0,"16,7","17,44","3,95","3,95",0,0,0,0,0,"14,79",0,0,65-170326,65-170326,65-170326,,
,213,17/03/2026,213-170326,213-FE SULFATO CALCIO Z-CALFERQUIM 1-P,1d6b2804,6:00:00,22:00:00,35,05,5-SULFATO CALCIO-ANIBAL ARANGO 1-P,1,35000,18/02/2026,07/03/2026,,,,,0,0,,,,,,,0,0,,,,,,,0,0,,,,,,,0,0,,,,,,,0,0,,,,,,,0,0,,,,,,,0,0,,,,,,,0,0,,,,,,,0,0,,,,,,,0,0,,,,,0,0,0,0,0,0,0,0,22,0,13,13,0,0,0,0,0,0,0,0,213-170326,213-170326,213-170326,,
,679,18/03/2026,679-180326,679-NUCLEO FOSFORO 10-CALFERQUIM 1-G,eb47d71e,6:00:00,22:00:00,35,74,74-KIESERITA-MANUCHAR 1-P,"0,05",1750,11/03/2026,,,,5,5-SULFATO CALCIO-ANIBAL ARANGO 1-P,"0,3",10500,21/01/2026,,,,105,105-CARBONATO CALCIO-JAMAROL 3-P,"0,15",5250,17/03/2026,,,,111,370-BENTONITA GRIS-COMERCIALIZADORA HA 4-P,"0,05",1750,16/03/2026,,,,290,290-ROCA FOSFORICA-26-PRACO 1-P,"0,45",15750,17/01/2026,,,,,,0,0,,,,,,,0,0,,,,,,,0,0,,,,,,,0,0,,,,,,,0,0,,,,,,,0,0,,,,,0,0,0,0,0,0,"11,7","0,1","29,1","1,45","4,9","4,9",0,0,0,0,0,"2,85",0,0,679-180326,679-180326,679-180326,,
,558,18/03/2026,558-180326,558-NUCLEO MAGNESIO-SILICIO EM-CALFERQUIM 1-G,c61b89df,6:00:00,22:00:00,35,74,74-KIESERITA-MANUCHAR 1-P,"0,05",1750,11/03/2026,,,,274,274-SILICATO MAGNESIO-JULIAN SALDARRIAGA 1-P,"0,9",31500,14/03/2026,09/03/2026,,,110,111-BENTONITA ROJA-COMERCIALIZADORA HA 3-P,"0,05",1750,05/03/2026,,,,,,0,0,,,,,,,0,0,,,,,,,0,0,,,,,,,0,0,,,,,,,0,0,,,,,,,0,0,,,,,,,0,0,,,,,,,0,0,,,,,0,0,0,0,0,0,0,0,0,"31,77",1,1,0,0,0,0,0,"35,63",0,0,558-180326,558-180326,558-180326,,
,,,,,,,,,,,,,,,,,,,,,,,,,,,,,,,,,,,,,,,,,,,,,,,,,,,,,,,,,,,,,,,,,,,,,,,,,,,,,,,,,,,,,,,,,,,,,,,,,,,,,,,,,,,,,,,,,,,,,,,,,
,1410,17/03/2026,1410-170326,1410,8fc41c40,,,1,164,164-MICRON C-CALFERQUIM 1-G,"0,42",,,,,,144,144-KCL-SQM 1-G,"0,08",,,,,,300,300-K2K-CALFERQUIM 1-G,"0,08",,,,,,32,32-SAM-CALFERQUIM -g,"0,14",,,,,,150,150-CALFERZINC P-CALFERQUIM 1-G,"0,02",,,,,,123,123-BORO G-CALFERQUIM 1-G,"0,01",,,,,,155,155-RAIFOS 20-CALFERQUIM 1-G,"0,16",,,,,,160,160-ZUELO CA-CALFERQUIM 1-G,"0,03",,,,,,65,65-NUCLEO 4-CALFERQUIM 1-G,"0,07",,,,,,,,0,,,,,,,,0,,,,,,1,19,0,0,0,0,"3,2",7,"5,98","1,86","0,97",1,0,0,0,0,0,"4,54",0,0,1410-170326,1410-170326,1410-170326,,
,83,18/03/2026,83-180326,83-MF 18-18-18-CALFERQUIM 1-G,5d486148,,,,12,12-UREA-EVOAGRO 2-G,"0,23",,,,,,97,97-DAP-EVOAGRO 5-G,"0,35",,,,,,144,144-KCL-NUTRICION PLANTAS 2-G,"0,28",,,,,,65,65-NUCLEO 4-CALFERQUIM 1-G,"0,14",,,,,,,,0,,,,,,,,0,,,,,,,,0,,,,,,,,0,,,,,,,,0,,,,,,,,0,,,,,,,,0,,,,,,0,17,6,0,0,11,"16,1",17,"2,52","2,52","0,56",1,0,0,0,0,0,"1,96",0,0,83-180326,83-180326,83-180326,,
,85,18/03/2026,85-180326,85-MF 15-15-15-CALFERQUIM 1-G,2d7e6870,,,1,12,12-UREA-CIAMSA 7-G,"0,18",,,,,,97,97-DAP-CALFERQUIM 2-G,"0,3",,,,,,144,144-KCL-ABOCAR 4-G,"0,23",,,,,,65,65-NUCLEO 4-CALFERQUIM 1-G,"0,29",,,,,,236,,0,,,,,,,,0,,,,,,,,0,,,,,,,,0,,,,,,,,0,,,,,,,,0,,,,,,,,0,,,,,,0,14,5,0,0,8,"13,8",14,"5,22","5,22","1,16",1,0,0,0,0,0,"4,06",0,0,85-180326,85-180326,85-180326,,
,558,19/03/2026,558-190326,558-NUCLEO MAGNESIO-SILICIO EM-CALFERQUIM 1-G,c61b89df,6:00:00,22:00:00,35,74,74-KIESERITA-MANUCHAR 1-P,"0,05",1750,11/03/2026,,,,274,274-SILICATO MAGNESIO-JULIAN SALDARRIAGA 1-P,"0,9",31500,13/03/2026,14/03/2026,,,110,111-BENTONITA ROJA-COMERCIALIZADORA HA 3-P,"0,05",1750,05/03/2026,,,,,,0,0,,,,,,,0,0,,,,,,,0,0,,,,,,,0,0,,,,,,,0,0,,,,,,,0,0,,,,,,,0,0,,,,,,,0,0,,,,,0,0,0,0,0,0,0,0,0,"31,77",1,1,0,0,0,0,0,"35,63",0,0,558-190326,558-190326,558-190326,,
,803,19/03/2026,803-190326,803-NUCLEO MAGNESIO-S-CALFERQUIM 1-G,36dd6618,6:00:00,22:00:00,35,05,5-SULFATO CALCIO-ANIBAL ARANGO 1-P,"0,44",15400,21/01/2026,,,,74,74-KIESERITA-MANUCHAR 1-P,"0,18",6300,11/03/2026,,,,111,111-BENTONITA ROJA-COMERCIALIZADORA HA 3-P,"0,07",2450,05/03/2026,,,,274,274-SILICATO MAGNESIO-JULIAN SALDARRIAGA 1-P,"0,31",10850,14/03/2026,,,,,,0,0,,,,,,,0,0,,,,,,,0,0,,,,,,,0,0,,,,,,,0,0,,,,,,,0,0,,,,,,,0,0,,,,,0,0,0,0,0,0,0,0,"9,68","15,07","9,32","9,32",0,0,0,0,0,"14,75",0,0,803-190326,803-190326,803-190326,,
,1410,18/03/2026,1410-180326,,56f5a732,6:00:00,22:00:00,35,164,164-MICRON C-CALFERQUIM 1-G,"0,42",14700,12/03/2026,,,,144,144-KCL-ABOCAR 4-G,"0,08",2800,07/03/2026,,,,300,300-K2K-CALFERQUIM 1-G,"0,08",2800,17/03/2026,,,,32,32-SAM-PRECISAGRO 2-G,"0,14",4900,28/02/2026,,,,150,150-CALFERZINC P-CALFERQUIM 1-G,"0,02",700,25/01/2026,,,,123,123-BORO G-CALFERQUIM 1-G,"0,01",350,10/03/2026,,,,155,155-RAIFOS 20-CALFERQUIM 1-G,"0,16",5600,12/03/2026,,,,160,160-ZUELO CA-CALFERQUIM 1-G,"0,03",1050,20/02/2026,,,,655,655-FE NUCLEO N-CALFERQUIM 1-G,"0,07",2450,17/03/2026,,,,,,0,0,,,,,,,0,0,,,,,"1,2","22,26","2,94",0,0,0,"3,2","7,25","4,72","0,6","4,05","4,05",0,0,0,0,0,"3,56","0,44","0,02",1410-180326,1410-180326,1410-180326,,
,65,20/03/2026,65-200326,65-NUCLEO 4-CALFERQUIM 1-G,b8888d93,6:00:00,22:00:00,35,74,74-KIESERITA-MANUCHAR 1-P,"0,1",3500,07/03/2026,,,,05,5-SULFATO CALCIO-AGROINSUMOS 2-P,"0,15",5250,21/01/2026,,,,274,274-SILICATO MAGNESIO-JULIAN SALDARRIAGA 1-P,"0,4",14000,09/03/2026,,,,105,105-CARBONATO CALCIO-JAMAROL 3-P,"0,25",8750,18/03/2026,,,,120,120-CAL DOLOMITA-BM 1-P,"0,1",3500,16/03/2026,,,,,,0,0,,,,,,,0,0,,,,,,,0,0,,,,,,,0,0,,,,,,,0,0,,,,,,,0,0,,,,,0,0,0,0,0,0,0,0,"16,7","17,44","3,95","3,95",0,0,0,0,0,"14,79",0,0,65-200326,65-200326,65-200326,,
,558,20/03/2026,558-200326,558-NUCLEO MAGNESIO-SILICIO EM-CALFERQUIM 1-G,c61b89df,6:00:00,22:00:00,35,74,74-KIESERITA-MANUCHAR 1-P,"0,05",1750,07/03/2026,,,,274,274-SILICATO MAGNESIO-JULIAN SALDARRIAGA 1-P,"0,9",31500,14/03/2026,18/03/2026,,,110,111-BENTONITA ROJA-COMERCIALIZADORA HA 3-P,"0,05",1750,17/02/2026,,,,,,0,0,,,,,,,0,0,,,,,,,0,0,,,,,,,0,0,,,,,,,0,0,,,,,,,0,0,,,,,,,0,0,,,,,,,0,0,,,,,0,0,0,0,0,0,0,0,0,"31,77",1,1,0,0,0,0,0,"35,63",0,0,558-200326,558-200326,558-200326,,
,679,20/03/2026,679-200326,679-NUCLEO FOSFORO 10-CALFERQUIM 1-G,66920a78,6:00:00,22:00:00,35,74,74-KIESERITA-MANUCHAR 1-P,"0,05",1750,07/03/2026,,,,111,111-BENTONITA ROJA-FERTICAUCA 4-P,"0,05",1750,17/03/2026,,,,105,105-CARBONATO CALCIO-JAMAROL 3-P,"0,15",5250,18/03/2026,,,,05,5-SULFATO CALCIO-ANIBAL ARANGO 1-P,"0,3",10500,21/01/2026,,,,290,31-ROCA FOSFÓRICA-FOSFATOS HUILA 1-P,"0,45",15750,17/03/2026,,,,,,0,0,,,,,,,0,0,,,,,,,0,0,,,,,,,0,0,,,,,,,0,0,,,,,,,0,0,,,,,0,0,0,0,0,0,"13,95",0,"29,25","1,3","4,9","4,9",0,0,0,0,0,"2,35",0,0,679-200326,679-200326,679-200326,,
,558,21/03/2026,558-210326,558-NUCLEO MAGNESIO-SILICIO EM-CALFERQUIM 1-G,c61b89df,6:00:00,22:00:00,35,74,74-KIESERITA-MANUCHAR 1-P,"0,05",1750,11/03/2026,,,,274,274-SILICATO MAGNESIO-JULIAN SALDARRIAGA 1-P,"0,9",31500,13/03/2026,14/03/2026,16/03/2026,,110,111-BENTONITA ROJA-COMERCIALIZADORA HA 3-P,"0,05",1750,,,,,,,0,0,,,,,,,0,0,,,,,,,0,0,,,,,,,0,0,,,,,,,0,0,,,,,,,0,0,,,,,,,0,0,,,,,,,0,0,,,,,0,0,0,0,0,0,0,0,0,"31,77",1,1,0,0,0,0,0,"35,63",0,0,558-210326,558-210326,558-210326,,
,679,21/03/2026,679-210326,679-NUCLEO FOSFORO 10-CALFERQUIM 1-G,eb47d71e,6:00:00,22:00:00,35,74,74-KIESERITA-MANUCHAR 1-P,"0,05",1750,07/03/2026,,,,5,5-SULFATO CALCIO-ANIBAL ARANGO 1-P,"0,3",10500,21/01/2026,,,,105,105-CARBONATO CALCIO-JAMAROL 3-P,"0,15",5250,19/03/2026,,,,111,370-BENTONITA GRIS-COMERCIALIZADORA HA 4-P,"0,05",1750,16/03/2026,,,,290,290-ROCA FOSFORICA-26-PRACO 1-P,"0,45",15750,17/03/2026,,,,,,0,0,,,,,,,0,0,,,,,,,0,0,,,,,,,0,0,,,,,,,0,0,,,,,,,0,0,,,,,0,0,0,0,0,0,"11,7","0,1","29,1","1,45","4,9","4,9",0,0,0,0,0,"2,85",0,0,679-210326,679-210326,679-210326,,
,997,22/03/2026,997-220326,997-SULFATO ZINC 22-CALFERQUIM 1-P,15fbab7a,6:00:00,22:00:00,35,23,23-SULFATO DE ZINC 35%-IMPORTADO 2-P,"0,68",23800,17/03/2026,18/03/2026,,,74,74-KIESERITA-MANUCHAR 1-P,"0,05",1750,07/03/2026,,,,105,105-CARBONATO CALCIO-JAMAROL 3-P,"0,08",2800,20/03/2026,,,,370,370-BENTONITA GRIS-COMERCIALIZADORA HA 4-P,"0,2",7000,16/03/2026,,,,,,0,0,,,,,,,0,0,,,,,,,0,0,,,,,,,0,0,,,,,,,0,0,,,,,,,0,0,,,,,,,0,0,,,,,0,0,0,0,0,0,0,"0,4","4,4","2,05",1,1,0,0,0,0,0,"11,4","23,8",0,997-220326,997-220326,997-220326,,
,123,23/03/2026,123-220326,123-BORO G-CALFERQUIM 1-G,73709fd2,6:00:00,22:00:00,35,53,53-POLVILLO BORO-CALFERQUIM 1-,0,0,,,,,,,0,0,,,,,,,0,0,,,,,,,0,0,,,,,,,0,0,,,,,,,0,0,,,,,,,0,0,,,,,,,0,0,,,,,,,0,0,,,,,,,0,0,,,,,,,0,0,,,,,0,0,0,0,0,0,0,0,0,0,0,0,0,0,0,0,0,0,0,0,123-220326,123-220326,123-220326,,
,65,24/03/2026,65-230326,65-NUCLEO 4-CALFERQUIM 1-G,b8888d93,6:00:00,22:00:00,35,74,74-KIESERITA-MANUCHAR 1-P,"0,1",3500,07/03/2026,,,,05,5-SULFATO CALCIO-AGROINSUMOS 2-P,"0,15",5250,21/01/2026,,,21/03/2026,274,274-SILICATO MAGNESIO-JULIAN SALDARRIAGA 1-P,"0,4",14000,19/03/2026,,,,105,105-CARBONATO CALCIO-JAMAROL 3-P,"0,25",8750,20/03/2026,,,,120,120-CAL DOLOMITA-BM 1-P,"0,1",3500,24/03/2026,,,,,,0,0,,,,,,,0,0,,,,,,,0,0,,,,,,,0,0,,,,,,,0,0,,,,,,,0,0,,,,,0,0,0,0,0,0,0,0,"16,7","17,44","3,95","3,95",0,0,0,0,0,"14,79",0,0,65-230326,65-230326,65-230326,,
,679,24/03/2026,679-230326,679-NUCLEO FOSFORO 10-CALFERQUIM 1-G,eb47d71e,6:00:00,22:00:00,35,74,74-KIESERITA-MANUCHAR 1-P,"0,05",1750,07/03/2026,,,,5,5-SULFATO CALCIO-ANIBAL ARANGO 1-P,"0,3",10500,21/01/2026,,,,105,105-CARBONATO CALCIO-JAMAROL 3-P,"0,15",5250,20/03/2026,,,,111,370-BENTONITA GRIS-COMERCIALIZADORA HA 4-P,"0,05",1750,25/03/2026,,,,290,290-ROCA FOSFORICA-26-PRACO 1-P,"0,45",15750,17/03/2026,,,,,,0,0,,,,,,,0,0,,,,,,,0,0,,,,,,,0,0,,,,,,,0,0,,,,,,,0,0,,,,,0,0,0,0,0,0,"11,7","0,1","29,1","1,45","4,9","4,9",0,0,0,0,0,"2,85",0,0,679-230326,679-230326,679-230326,,
,558,24/03/2026,558-240326,,,6:00:00,22:00:00,35,,,0,0,,,,,,,0,0,,,,,,,0,0,,,,,,,0,0,,,,,,,0,0,,,,,,,0,0,,,,,,,0,0,,,,,,,0,0,,,,,,,0,0,,,,,,,0,0,,,,,,,0,0,,,,,0,0,0,0,0,0,0,0,0,0,0,0,0,0,0,0,0,0,0,0,558-240326,558-240326,558-240326,,
,85,24/03/2026,85-240326,85-MF 15-15-15-CALFERQUIM 1-G,9e2106d1,6:00:00,22:00:00,35,97,97-DAP-PRECISAGRO 7-G,"0,3",10500,14/02/2026,,,,Pto0431,,0,0,24/03/2026,,,,144,144-KCL GR-CIAMSA 5-G,"0,21",7350,07/03/2026,11/03/2026,,,65,655-FE NUCLEO N-CALFERQUIM 1-G,"0,29",10150,24/03/2026,,,,,,0,0,,,,,,,0,0,,,,,,,0,0,,,,,,,0,0,,,,,,,0,0,,,,,,,0,0,,,,,,,0,0,,,,,0,"5,4","5,4",0,0,0,"13,8","12,6",0,0,0,0,0,0,0,0,0,0,0,0,85-240326,85-240326,85-240326,,
,141,25/03/2026,141-250326,141-FE SULFATO CALCIO P-CALFERQUIM 1-G,31552b24,6:00:00,22:00:00,35,74,74-KIESERITA-MANUCHAR 1-P,"0,1",3500,07/03/2026,,,,,,0,0,,,,,370,370-BENTONITA GRIS-COMERCIALIZADORA HA 4-P,"0,05",1750,16/03/2026,,,,5,5-SULFATO CALCIO-ANIBAL ARANGO 1-P,"0,65",22750,23/02/2026,,,,105,105-CARBONATO CALCIO-AGROCALES 1-P,"0,2",7000,16/03/2026,,,,,,0,0,,,,,,,0,0,,,,,,,0,0,,,,,,,0,0,,,,,,,0,0,,,,,,,0,0,,,,,0,0,0,0,0,0,0,"0,1","22,6","2,7","10,45","10,45",0,0,0,0,0,"2,85",0,0,141-250326,141-250326,141-250326,,
,679,25/03/2026,679-250326,679-NUCLEO FOSFORO 10-CALFERQUIM 1-G,eb47d71e,6:00:00,22:00:00,35,74,74-KIESERITA-MANUCHAR 1-P,"0,05",1750,07/03/2026,,,,5,5-SULFATO CALCIO-ANIBAL ARANGO 1-P,"0,3",10500,10/01/2026,,,,105,105-CARBONATO CALCIO-JAMAROL 3-P,"0,15",5250,16/03/2026,,,,111,370-BENTONITA GRIS-COMERCIALIZADORA HA 4-P,"0,05",1750,16/03/2026,,,,290,290-ROCA FOSFORICA-26-PRACO 1-P,"0,45",15750,17/01/2026,,,,,,0,0,,,,,,,0,0,,,,,,,0,0,,,,,,,0,0,,,,,,,0,0,,,,,,,0,0,,,,,0,0,0,0,0,0,"11,7","0,1","29,1","1,45","4,9","4,9",0,0,0,0,0,"2,85",0,0,679-250326,679-250326,679-250326,,
,563,25/03/2026,563-250326,563-NUCLEO CAMASI YARA-CALFERQUIM 1-G,2973a862,6:00:00,22:00:00,35,74,74-KIESERITA-MANUCHAR 1-P,"0,05",1750,07/03/2026,,,,105,105-CARBONATO CALCIO-JAMAROL 3-P,"0,6",21000,16/03/2026,,,,370,370-BENTONITA GRIS-FERTICAUCA 3-P,"0,25",8750,16/03/2026,,,,274,274-SILICATO MAGNESIO-JULIAN SALDARRIAGA 1-P,"0,1",3500,18/03/2026,,,,,,0,0,,,,,,,0,0,,,,,,,0,0,,,,,,,0,0,,,,,,,0,0,,,,,,,0,0,,,,,,,0,0,,,,,0,0,0,0,0,0,0,"0,5","25,5","5,64",1,1,0,0,0,0,0,"17,95",0,0,563-250326,563-250326,563-250326,,
,213,25/03/2026,213-250326,213-FE SULFATO CALCIO Z-CALFERQUIM 1-P,1d6b2804,6:00:00,22:00:00,35,05,5-SULFATO CALCIO-ANIBAL ARANGO 1-P,1,35000,21/01/2026,,,,,,0,0,,,,,,,0,0,,,,,,,0,0,,,,,,,0,0,,,,,,,0,0,,,,,,,0,0,,,,,,,0,0,,,,,,,0,0,,,,,,,0,0,,,,,,,0,0,,,,,0,0,0,0,0,0,0,0,22,0,13,13,0,0,0,0,0,0,0,0,213-250326,213-250326,213-250326,,
,65,26/03/2026,65-250326,65-NUCLEO 4-CALFERQUIM 1-G,b8888d93,6:00:00,22:00:00,35,74,74-KIESERITA-MANUCHAR 1-P,"0,1",3500,07/03/2026,,,,05,5-SULFATO CALCIO-AGROINSUMOS 2-P,"0,15",5250,21/01/2026,,,,274,274-SILICATO MAGNESIO-JULIAN SALDARRIAGA 1-P,"0,4",14000,18/03/2026,19/03/2026,,,105,105-CARBONATO CALCIO-JAMAROL 3-P,"0,25",8750,16/03/2026,,,,120,120-CAL DOLOMITA-BM 1-P,"0,1",3500,16/03/2026,,,,,,0,0,,,,,,,0,0,,,,,,,0,0,,,,,,,0,0,,,,,,,0,0,,,,,,,0,0,,,,,0,0,0,0,0,0,0,0,"16,7","17,44","3,95","3,95",0,0,0,0,0,"14,79",0,0,65-250326,65-250326,65-250326,,
,563,26/03/2026,563-260326,563-NUCLEO CAMASI YARA-CALFERQUIM 1-G,2973a862,6:00:00,22:00:00,35,74,74-KIESERITA-MANUCHAR 1-P,"0,05",1750,07/03/2026,,,,105,105-CARBONATO CALCIO-JAMAROL 3-P,"0,6",21000,16/03/2026,17/03/2026,,,370,370-BENTONITA GRIS-FERTICAUCA 3-P,"0,25",8750,16/03/2026,,,,274,274-SILICATO MAGNESIO-JULIAN SALDARRIAGA 1-P,"0,1",3500,19/03/2026,,,,,,0,0,,,,,,,0,0,,,,,,,0,0,,,,,,,0,0,,,,,,,0,0,,,,,,,0,0,,,,,,,0,0,,,,,0,0,0,0,0,0,0,"0,5","25,5","5,64",1,1,0,0,0,0,0,"17,95",0,0,563-260326,563-260326,563-260326,,
,62,26/03/2026,62-260326,62-NUCLEO CAMASI GRIS-CALFERQUIM 1-G,54fc2528,6:00:00,22:00:00,35,74,74-KIESERITA-MANUCHAR 1-P,"0,05",1750,11/03/2026,,,,110,110-CAOLIN GRIS- 1-P,"0,6",21000,12/03/2026,13/03/2026,19/03/2026,,105,105-CARBONATO CALCIO-JAMAROL 3-P,"0,35",12250,18/03/2026,,,,,,0,0,,,,,,,0,0,,,,,,,0,0,,,,,,,0,0,,,,,,,0,0,,,,,,,0,0,,,,,,,0,0,,,,,,,0,0,,,,,0,0,0,0,0,0,0,0,"14,3","1,37",1,1,0,0,"0,3",0,0,"28,2",0,0,62-260326,62-260326,62-260326,,
,997,26/03/2026,997-260326,997-SULFATO ZINC 22-CALFERQUIM 1-P,15fbab7a,6:00:00,22:00:00,35,23,23-SULFATO DE ZINC 35%-IMPORTADO 2-P,"0,68",23800,,,,,74,74-KIESERITA-MANUCHAR 1-P,"0,05",1750,,,,,105,105-CARBONATO CALCIO-JAMAROL 3-P,"0,08",2800,,,,,370,370-BENTONITA GRIS-COMERCIALIZADORA HA 4-P,"0,2",7000,,,,,,,0,0,,,,,,,0,0,,,,,,,0,0,,,,,,,0,0,,,,,,,0,0,,,,,,,0,0,,,,,,,0,0,,,,,0,0,0,0,0,0,0,"0,4","4,4","2,05",1,1,0,0,0,0,0,"11,4","23,8",0,997-260326,997-260326,997-260326,,
,,,,,,,,,,,,,,,,,,,,,,,,,,,,,,,,,,,,,,,,,,,,,,,,,,,,,,,,,,,,,,,,,,,,,,,,,,,,,,,,,,,,,,,,,,,,,,,,,,,,,,,,,,,,,,,,,,,,,,,,,
,679,27/03/2026,679-270326,679-NUCLEO FOSFORO 10-CALFERQUIM 1-G,eb47d71e,6:00:00,22:00:00,35,74,74-KIESERITA-MANUCHAR 1-P,"0,05",1750,07/03/2026,,,,5,5-SULFATO CALCIO-ANIBAL ARANGO 1-P,"0,3",10500,21/01/2026,,,,105,105-CARBONATO CALCIO-JAMAROL 3-P,"0,15",5250,18/03/2026,,,,111,370-BENTONITA GRIS-COMERCIALIZADORA HA 4-P,"0,05",1750,25/03/2026,,,,290,290-ROCA FOSFORICA-26-PRACO 1-P,"0,45",15750,17/01/2026,,,,,,0,0,,,,,,,0,0,,,,,,,0,0,,,,,,,0,0,,,,,,,0,0,,,,,,,0,0,,,,,0,0,0,0,0,0,"11,7","0,1","29,1","1,45","4,9","4,9",0,0,0,0,0,"2,85",0,0,679-270326,679-270326,679-270326,,
,65,27/03/2026,65-270326,65-NUCLEO 4-CALFERQUIM 1-G,b8888d93,6:00:00,22:00:00,35,74,74-KIESERITA-MANUCHAR 1-P,"0,1",3500,26/02/2026,,,,05,5-SULFATO CALCIO-AGROINSUMOS 2-P,"0,15",5250,21/01/2026,,,,274,274-SILICATO MAGNESIO-JULIAN SALDARRIAGA 1-P,"0,4",14000,20/03/2026,,,,105,105-CARBONATO CALCIO-JAMAROL 3-P,"0,25",8750,18/03/2026,,,,120,120-CAL DOLOMITA-BM 1-P,"0,1",3500,25/03/2026,,,,,,0,0,,,,,,,0,0,,,,,,,0,0,,,,,,,0,0,,,,,,,0,0,,,,,,,0,0,,,,,0,0,0,0,0,0,0,0,"16,7","17,44","3,95","3,95",0,0,0,0,0,"14,79",0,0,65-270326,65-270326,65-270326,,
,62,27/03/2026,62-270326,62-NUCLEO CAMASI GRIS-CALFERQUIM 1-G,54fc2528,6:00:00,22:00:00,35,74,74-KIESERITA-MANUCHAR 1-P,"0,05",1750,26/02/2026,,,,110,110-CAOLIN GRIS- 1-P,"0,6",21000,19/03/2026,20/03/2026,,,105,105-CARBONATO CALCIO-JAMAROL 3-P,"0,35",12250,18/03/2026,19/03/2026,20/03/2026,,,,0,0,,,,,,,0,0,,,,,,,0,0,,,,,,,0,0,,,,,,,0,0,,,,,,,0,0,,,,,,,0,0,,,,,,,0,0,,,,,0,0,0,0,0,0,0,0,"14,3","1,37",1,1,0,0,"0,3",0,0,"28,2",0,0,62-270326,62-270326,62-270326,,
,65,28/03/2026,65-280326,65-NUCLEO 4-CALFERQUIM 1-G,b8888d93,6:00:00,22:00:00,35,74,74-KIESERITA-MANUCHAR 1-P,"0,1",3500,26/02/2026,,,,05,5-SULFATO CALCIO-AGROINSUMOS 2-P,"0,15",5250,21/01/2026,,,,274,274-SILICATO MAGNESIO-JULIAN SALDARRIAGA 1-P,"0,4",14000,18/03/2026,18/03/2026,,,105,105-CARBONATO CALCIO-JAMAROL 3-P,"0,25",8750,25/03/2026,,,,120,120-CAL DOLOMITA-BM 1-P,"0,1",3500,25/03/2026,,,,,,0,0,,,,,,,0,0,,,,,,,0,0,,,,,,,0,0,,,,,,,0,0,,,,,,,0,0,,,,,0,0,0,0,0,0,0,0,"16,7","17,44","3,95","3,95",0,0,0,0,0,"14,79",0,0,65-280326,65-280326,65-280326,,
,62,28/03/2026,62-280326,62-NUCLEO CAMASI GRIS-CALFERQUIM 1-G,818ad5b2,6:00:00,22:00:00,35,74,74-KIESERITA-MANUCHAR 1-P,"0,05",1750,26/02/2026,,,,274,274-SILICATO MAGNESIO-JULIAN SALDARRIAGA 1-P,"0,1",3500,20/03/2026,,,,105,105-CARBONATO CALCIO-JAMAROL 3-P,"0,85",29750,20/03/2026,25/03/2026,,,,,0,0,,,,,,,0,0,,,,,,,0,0,,,,,,,0,0,,,,,,,0,0,,,,,,,0,0,,,,,,,0,0,,,,,,,0,0,,,,,0,0,0,0,0,0,0,0,34,"4,64",1,1,0,0,0,0,0,"3,7",0,0,62-280326,62-280326,62-280326,,
,563,28/03/2026,563-280326,563-NUCLEO CAMASI YARA-CALFERQUIM 1-G,2973a862,6:00:00,22:00:00,35,74,74-KIESERITA-MANUCHAR 1-P,"0,05",1750,26/02/2026,,,,105,105-CARBONATO CALCIO-JAMAROL 3-P,"0,6",21000,25/03/2026,27/03/2026,,,370,370-BENTONITA GRIS-FERTICAUCA 3-P,"0,25",8750,27/03/2026,,,,274,274-SILICATO MAGNESIO-JULIAN SALDARRIAGA 1-P,"0,1",3500,20/03/2026,,,,,,0,0,,,,,,,0,0,,,,,,,0,0,,,,,,,0,0,,,,,,,0,0,,,,,,,0,0,,,,,,,0,0,,,,,0,0,0,0,0,0,0,"0,5","25,5","5,64",1,1,0,0,0,0,0,"17,95",0,0,563-280326,563-280326,563-280326,,
,558,29/03/2026,558-290326,558-NUCLEO MAGNESIO-SILICIO EM-CALFERQUIM 1-G,c61b89df,6:00:00,22:00:00,35,74,74-KIESERITA-MANUCHAR 1-P,"0,05",1750,26/02/2026,,,,274,274-SILICATO MAGNESIO-JULIAN SALDARRIAGA 1-P,"0,9",31500,20/03/2026,21/03/2026,,,110,111-BENTONITA ROJA-COMERCIALIZADORA HA 3-P,"0,05",1750,24/03/2026,,,,,,0,0,,,,,,,0,0,,,,,,,0,0,,,,,,,0,0,,,,,,,0,0,,,,,,,0,0,,,,,,,0,0,,,,,,,0,0,,,,,0,0,0,0,0,0,0,0,0,"31,77",1,1,0,0,0,0,0,"35,63",0,0,558-290326,558-290326,558-290326,,
,563,30/03/2026,563-300326,563-NUCLEO CAMASI YARA-CALFERQUIM 1-G,2973a862,6:00:00,22:00:00,35,74,74-KIESERITA-MANUCHAR 1-P,"0,05",1750,17/02/2026,,,,105,105-CARBONATO CALCIO-JAMAROL 3-P,"0,6",21000,28/03/2026,,,,370,370-BENTONITA GRIS-FERTICAUCA 3-P,"0,25",8750,25/03/2026,30/03/2026,,,274,274-SILICATO MAGNESIO-JULIAN SALDARRIAGA 1-P,"0,1",3500,21/03/2026,,,,,,0,0,,,,,,,0,0,,,,,,,0,0,,,,,,,0,0,,,,,,,0,0,,,,,,,0,0,,,,,,,0,0,,,,,0,0,0,0,0,0,0,"0,5","25,5","5,64",1,1,0,0,0,0,0,"17,95",0,0,563-300326,563-300326,563-300326,,
,65,30/03/2026,65-300326,65-NUCLEO 4-CALFERQUIM 1-G,b8888d93,6:00:00,22:00:00,35,74,74-KIESERITA-MANUCHAR 1-P,"0,1",3500,17/03/2026,,,,05,5-SULFATO CALCIO-AGROINSUMOS 2-P,"0,15",5250,21/01/2026,,,,274,274-SILICATO MAGNESIO-JULIAN SALDARRIAGA 1-P,"0,4",14000,21/03/2026,,,,105,105-CARBONATO CALCIO-JAMAROL 3-P,"0,25",8750,28/03/2026,,,,120,120-CAL DOLOMITA-BM 1-P,"0,1",3500,25/03/2026,,,,,,0,0,,,,,,,0,0,,,,,,,0,0,,,,,,,0,0,,,,,,,0,0,,,,,,,0,0,,,,,0,0,0,0,0,0,0,0,"16,7","17,44","3,95","3,95",0,0,0,0,0,"14,79",0,0,65-300326,65-300326,65-300326,,
,155,30/03/2026,155-300326,141-FE SULFATO CALCIO P-CALFERQUIM 1-G,31552b24,6:00:00,22:00:00,35,74,74-KIESERITA-MANUCHAR 1-P,"0,1",3500,17/02/2026,,,,,,0,0,,,,,370,370-BENTONITA GRIS-COMERCIALIZADORA HA 4-P,"0,05",1750,25/03/2026,,,,5,5-SULFATO CALCIO-ANIBAL ARANGO 1-P,"0,65",22750,23/02/2026,,,,105,105-CARBONATO CALCIO-AGROCALES 1-P,"0,2",7000,28/03/2026,,,,,,0,0,,,,,,,0,0,,,,,,,0,0,,,,,,,0,0,,,,,,,0,0,,,,,,,0,0,,,,,0,0,0,0,0,0,0,"0,1","22,6","2,7","10,45","10,45",0,0,0,0,0,"2,85",0,0,155-300326,155-300326,155-300326,,
,62,30/03/2026,62-300326,62-NUCLEO CAMASI GRIS-CALFERQUIM 1-G,818ad5b2,6:00:00,22:00:00,35,74,74-KIESERITA-MANUCHAR 1-P,"0,05",1750,17/02/2026,,,,274,274-SILICATO MAGNESIO-JULIAN SALDARRIAGA 1-P,"0,1",3500,21/03/2026,,,,105,105-CARBONATO CALCIO-JAMAROL 3-P,"0,85",29750,28/03/2026,,,,,,0,0,,,,,,,0,0,,,,,,,0,0,,,,,,,0,0,,,,,,,0,0,,,,,,,0,0,,,,,,,0,0,,,,,,,0,0,,,,,0,0,0,0,0,0,0,0,34,"4,64",1,1,0,0,0,0,0,"3,7",0,0,62-300326,62-300326,62-300326,,
,65,31/03/2026,65-310326,65-NUCLEO 4-CALFERQUIM 1-G,b8888d93,6:00:00,22:00:00,35,74,74-KIESERITA-MANUCHAR 1-P,"0,1",3500,17/02/2026,,,,05,5-SULFATO CALCIO-AGROINSUMOS 2-P,"0,15",5250,21/01/2026,,,,274,274-SILICATO MAGNESIO-JULIAN SALDARRIAGA 1-P,"0,4",14000,21/03/2026,,,,105,105-CARBONATO CALCIO-JAMAROL 3-P,"0,25",8750,28/03/2026,,,,120,120-CAL DOLOMITA-BM 1-P,"0,1",3500,25/03/2026,,,,,,0,0,,,,,,,0,0,,,,,,,0,0,,,,,,,0,0,,,,,,,0,0,,,,,,,0,0,,,,,0,0,0,0,0,0,0,0,"16,7","17,44","3,95","3,95",0,0,0,0,0,"14,79",0,0,65-310326,65-310326,65-310326,,
,141,31/03/2026,141-310326,141-FE SULFATO CALCIO P-CALFERQUIM 1-G,31552b24,6:00:00,22:00:00,35,74,74-KIESERITA-MANUCHAR 1-P,"0,1",3500,18/02/2026,,,,,,0,0,,,,,370,370-BENTONITA GRIS-COMERCIALIZADORA HA 4-P,"0,05",1750,30/03/2026,,,,5,5-SULFATO CALCIO-ANIBAL ARANGO 1-P,"0,65",22750,23/02/2026,,,,105,105-CARBONATO CALCIO-AGROCALES 1-P,"0,2",7000,30/03/2026,,,,,,0,0,,,,,,,0,0,,,,,,,0,0,,,,,,,0,0,,,,,,,0,0,,,,,,,0,0,,,,,0,0,0,0,0,0,0,"0,1","22,6","2,7","10,45","10,45",0,0,0,0,0,"2,85",0,0,141-310326,141-310326,141-310326,,
,563,31/03/2026,563-310326,563-NUCLEO CAMASI YARA-CALFERQUIM 1-G,2973a862,6:00:00,22:00:00,35,74,74-KIESERITA-MANUCHAR 1-P,"0,05",1750,17/02/2026,,,,105,105-CARBONATO CALCIO-JAMAROL 3-P,"0,6",21000,30/03/2026,,,,370,370-BENTONITA GRIS-FERTICAUCA 3-P,"0,25",8750,30/03/2026,,,,274,274-SILICATO MAGNESIO-JULIAN SALDARRIAGA 1-P,"0,1",3500,21/03/2026,,,,,,0,0,,,,,,,0,0,,,,,,,0,0,,,,,,,0,0,,,,,,,0,0,,,,,,,0,0,,,,,,,0,0,,,,,0,0,0,0,0,0,0,"0,5","25,5","5,64",1,1,0,0,0,0,0,"17,95",0,0,563-310326,563-310326,563-310326,,
,65,01/04/2026,65-010426,65-NUCLEO 4-CALFERQUIM 1-G,b8888d93,6:00:00,22:00:00,35,74,74-KIESERITA-MANUCHAR 1-P,"0,1",3500,28/03/2026,,,,05,5-SULFATO CALCIO-AGROINSUMOS 2-P,"0,15",5250,21/01/2026,,,,274,274-SILICATO MAGNESIO-JULIAN SALDARRIAGA 1-P,"0,4",14000,21/03/2026,,,,105,105-CARBONATO CALCIO-JAMAROL 3-P,"0,25",8750,28/03/2026,,,,120,120-CAL DOLOMITA-BM 1-P,"0,1",3500,25/03/2026,,,,,,0,0,,,,,,,0,0,,,,,,,0,0,,,,,,,0,0,,,,,,,0,0,,,,,,,0,0,,,,,0,0,0,0,0,0,0,0,"16,7","17,44","3,95","3,95",0,0,0,0,0,"14,79",0,0,65-010426,65-010426,65-010426,,
,141,01/04/2026,141-010426,141-FE SULFATO CALCIO P-CALFERQUIM 1-G,31552b24,6:00:00,22:00:00,35,74,74-KIESERITA-MANUCHAR 1-P,"0,1",3500,28/03/2026,,,,,,0,0,,,,,370,370-BENTONITA GRIS-COMERCIALIZADORA HA 4-P,"0,05",1750,30/03/2026,,,,5,5-SULFATO CALCIO-ANIBAL ARANGO 1-P,"0,65",22750,23/02/2026,,,,105,105-CARBONATO CALCIO-AGROCALES 1-P,"0,2",7000,30/03/2026,,,,,,0,0,,,,,,,0,0,,,,,,,0,0,,,,,,,0,0,,,,,,,0,0,,,,,,,0,0,,,,,0,0,0,0,0,0,0,"0,1","22,6","2,7","10,45","10,45",0,0,0,0,0,"2,85",0,0,141-010426,141-010426,141-010426,,
,62,01/04/2026,62-010426,62-NUCLEO CAMASI GRIS-CALFERQUIM 1-G,818ad5b2,6:00:00,22:00:00,35,74,74-KIESERITA-MANUCHAR 1-P,"0,05",1750,28/03/2026,,,,274,274-SILICATO MAGNESIO-JULIAN SALDARRIAGA 1-P,"0,1",3500,21/03/2026,,,,105,105-CARBONATO CALCIO-JAMAROL 3-P,"0,85",29750,30/03/2026,31/03/2026,,,,,0,0,,,,,,,0,0,,,,,,,0,0,,,,,,,0,0,,,,,,,0,0,,,,,,,0,0,,,,,,,0,0,,,,,,,0,0,,,,,0,0,0,0,0,0,0,0,34,"4,64",1,1,0,0,0,0,0,"3,7",0,0,62-010426,62-010426,62-010426,,
,574,01/04/2026,574-010426,574-NUCLEO FOSFORO 1-CALFERQUIM 1-G,8c6f2572,6:00:00,22:00:00,35,74,74-KIESERITA-MANUCHAR 1-P,"0,05",1750,28/03/2026,,,,111,111-BENTONITA ROJA-COMERCIALIZADORA HA 3-P,"0,1",3500,26/03/2026,,,,120,120-CAL DOLOMITA-BM 1-P,"0,05",1750,25/03/2026,,,,274,274-SILICATO MAGNESIO-JULIAN SALDARRIAGA 1-P,"0,05",1750,21/03/2026,,,,290,290-ROCA FOSFORICA-26-PRACO 1-P,"0,75",26250,17/01/2026,,,,,,0,0,,,,,,,0,0,,,,,,,0,0,,,,,,,0,0,,,,,,,0,0,,,,,,,0,0,,,,,0,0,0,0,0,0,"19,5",0,"28,7","3,74",1,1,0,0,0,0,0,"6,55",0,0,574-010426,574-010426,574-010426,,
,141,04/04/2026,141-040426,141-FE SULFATO CALCIO P-CALFERQUIM 1-G,31552b24,6:00:00,22:00:00,35,74,74-KIESERITA-MANUCHAR 1-P,"0,1",3500,28/03/2026,,,,,,0,0,,,,,370,370-BENTONITA GRIS-COMERCIALIZADORA HA 4-P,"0,05",1750,30/03/2026,,,,5,5-SULFATO CALCIO-ANIBAL ARANGO 1-P,"0,65",22750,23/02/2026,,,,105,105-CARBONATO CALCIO-AGROCALES 1-P,"0,2",7000,31/03/2026,01/04/2026,,,,,0,0,,,,,,,0,0,,,,,,,0,0,,,,,,,0,0,,,,,,,0,0,,,,,,,0,0,,,,,0,0,0,0,0,0,0,"0,1","22,6","2,7","10,45","10,45",0,0,0,0,0,"2,85",0,0,141-040426,141-040426,141-040426,,
,62,04/04/2026,62-040426,62-NUCLEO CAMASI GRIS-CALFERQUIM 1-G,54fc2528,6:00:00,22:00:00,35,74,74-KIESERITA-MANUCHAR 1-P,"0,05",1750,28/03/2026,,,,110,110-CAOLIN GRIS- 1-P,"0,6",21000,31/03/2026,,,,105,105-CARBONATO CALCIO-JAMAROL 3-P,"0,35",12250,01/04/2026,,,,,,0,0,,,,,,,0,0,,,,,,,0,0,,,,,,,0,0,,,,,,,0,0,,,,,,,0,0,,,,,,,0,0,,,,,,,0,0,,,,,0,0,0,0,0,0,0,0,"14,3","1,37",1,1,0,0,"0,3",0,0,"28,2",0,0,62-040426,62-040426,62-040426,,
,563,04/04/2026,563-040426,563-NUCLEO CAMASI YARA-CALFERQUIM 1-G,2973a862,6:00:00,22:00:00,35,74,74-KIESERITA-MANUCHAR 1-P,"0,05",1750,28/03/2026,,,,105,105-CARBONATO CALCIO-JAMAROL 3-P,"0,6",21000,01/04/2026,,,,370,370-BENTONITA GRIS-FERTICAUCA 3-P,"0,25",8750,30/03/2026,,,,274,274-SILICATO MAGNESIO-JULIAN SALDARRIAGA 1-P,"0,1",3500,21/03/2026,,,,,,0,0,,,,,,,0,0,,,,,,,0,0,,,,,,,0,0,,,,,,,0,0,,,,,,,0,0,,,,,,,0,0,,,,,0,0,0,0,0,0,0,"0,5","25,5","5,64",1,1,0,0,0,0,0,"17,95",0,0,563-040426,563-040426,563-040426,,
,563,05/04/2026,563-050426,563-NUCLEO CAMASI YARA-CALFERQUIM 1-G,2973a862,6:00:00,22:00:00,35,74,74-KIESERITA-MANUCHAR 1-P,"0,05",1750,28/03/2026,,,,105,105-CARBONATO CALCIO-JAMAROL 3-P,"0,6",21000,31/03/2026,01/04/2026,,,370,370-BENTONITA GRIS-FERTICAUCA 3-P,"0,25",8750,30/03/2026,,,,274,274-SILICATO MAGNESIO-JULIAN SALDARRIAGA 1-P,"0,1",3500,21/03/2026,,,,,,0,0,,,,,,,0,0,,,,,,,0,0,,,,,,,0,0,,,,,,,0,0,,,,,,,0,0,,,,,,,0,0,,,,,0,0,0,0,0,0,0,"0,5","25,5","5,64",1,1,0,0,0,0,0,"17,95",0,0,563-050426,563-050426,563-050426,,
,65,06/04/2026,65-060426,65-NUCLEO 4-CALFERQUIM 1-G,b8888d93,6:00:00,22:00:00,35,74,74-KIESERITA-MANUCHAR 1-P,"0,1",3500,28/03/2026,,,,05,5-SULFATO CALCIO-AGROINSUMOS 2-P,"0,15",5250,21/01/2026,,,,274,274-SILICATO MAGNESIO-JULIAN SALDARRIAGA 1-P,"0,4",14000,21/03/2026,,,,105,105-CARBONATO CALCIO-JAMAROL 3-P,"0,25",8750,01/04/2026,,,,120,120-CAL DOLOMITA-BM 1-P,"0,1",3500,25/03/2026,,,,,,0,0,,,,,,,0,0,,,,,,,0,0,,,,,,,0,0,,,,,,,0,0,,,,,,,0,0,,,,,0,0,0,0,0,0,0,0,"16,7","17,44","3,95","3,95",0,0,0,0,0,"14,79",0,0,65-060426,65-060426,65-060426,,
,62,06/04/2026,62-060426,62-NUCLEO CAMASI GRIS-CALFERQUIM 1-G,54fc2528,6:00:00,22:00:00,35,74,74-KIESERITA-MANUCHAR 1-P,"0,05",1750,28/03/2026,,,,110,110-CAOLIN GRIS- 1-P,"0,6",21000,31/03/2026,04/04/2026,,,105,105-CARBONATO CALCIO-JAMAROL 3-P,"0,35",12250,01/04/2026,,,,,,0,0,,,,,,,0,0,,,,,,,0,0,,,,,,,0,0,,,,,,,0,0,,,,,,,0,0,,,,,,,0,0,,,,,,,0,0,,,,,0,0,0,0,0,0,0,0,"14,3","1,37",1,1,0,0,"0,3",0,0,"28,2",0,0,62-060426,62-060426,62-060426,,
,141,06/04/2026,141-060426,141-FE SULFATO CALCIO P-CALFERQUIM 1-G,31552b24,6:00:00,22:00:00,35,74,74-KIESERITA-MANUCHAR 1-P,"0,1",3500,28/03/2026,,,,,,0,0,,,,,370,370-BENTONITA GRIS-COMERCIALIZADORA HA 4-P,"0,05",1750,30/03/2026,,,,5,5-SULFATO CALCIO-ANIBAL ARANGO 1-P,"0,65",22750,23/02/2026,,,,105,105-CARBONATO CALCIO-AGROCALES 1-P,"0,2",7000,01/04/2026,,,,,,0,0,,,,,,,0,0,,,,,,,0,0,,,,,,,0,0,,,,,,,0,0,,,,,,,0,0,,,,,0,0,0,0,0,0,0,"0,1","22,6","2,7","10,45","10,45",0,0,0,0,0,"2,85",0,0,141-060426,141-060426,141-060426,,
,65,07/04/2026,65-070426,65-NUCLEO 4-CALFERQUIM 1-G,b8888d93,6:00:00,22:00:00,35,74,74-KIESERITA-MANUCHAR 1-P,"0,1",3500,28/03/2026,,,,05,5-SULFATO CALCIO-AGROINSUMOS 2-P,"0,15",5250,21/01/2026,,,,274,274-SILICATO MAGNESIO-JULIAN SALDARRIAGA 1-P,"0,4",14000,21/03/2026,,,,105,105-CARBONATO CALCIO-JAMAROL 3-P,"0,25",8750,01/04/2026,,,,120,120-CAL DOLOMITA-BM 1-P,"0,1",3500,25/03/2026,,,,,,0,0,,,,,,,0,0,,,,,,,0,0,,,,,,,0,0,,,,,,,0,0,,,,,,,0,0,,,,,0,0,0,0,0,0,0,0,"16,7","17,44","3,95","3,95",0,0,0,0,0,"14,79",0,0,65-070426,65-070426,65-070426,,
,141,07/04/2026,141-070426,141-FE SULFATO CALCIO P-CALFERQUIM 1-G,31552b24,6:00:00,22:00:00,35,74,74-KIESERITA-MANUCHAR 1-P,"0,1",3500,28/03/2026,,,,,,0,0,,,,,370,370-BENTONITA GRIS-COMERCIALIZADORA HA 4-P,"0,05",1750,06/04/2026,,,,5,5-SULFATO CALCIO-ANIBAL ARANGO 1-P,"0,65",22750,21/01/2026,,,,105,105-CARBONATO CALCIO-AGROCALES 1-P,"0,2",7000,01/04/2026,,,,,,0,0,,,,,,,0,0,,,,,,,0,0,,,,,,,0,0,,,,,,,0,0,,,,,,,0,0,,,,,0,0,0,0,0,0,0,"0,1","22,6","2,7","10,45","10,45",0,0,0,0,0,"2,85",0,0,141-070426,141-070426,141-070426,,
,674,07/04/2026,674-070426,574-NUCLEO FOSFORO 1-CALFERQUIM 1-G,8c6f2572,6:00:00,22:00:00,35,74,74-KIESERITA-MANUCHAR 1-P,"0,05",1750,28/03/2026,,,,111,111-BENTONITA ROJA-COMERCIALIZADORA HA 3-P,"0,1",3500,21/03/2026,,,,120,120-CAL DOLOMITA-BM 1-P,"0,05",1750,25/03/2026,,,,274,274-SILICATO MAGNESIO-JULIAN SALDARRIAGA 1-P,"0,05",1750,24/02/2026,,,,290,290-ROCA FOSFORICA-26-PRACO 1-P,"0,75",26250,17/01/2026,,,,,,0,0,,,,,,,0,0,,,,,,,0,0,,,,,,,0,0,,,,,,,0,0,,,,,,,0,0,,,,,0,0,0,0,0,0,"19,5",0,"28,7","3,74",1,1,0,0,0,0,0,"6,55",0,0,674-070426,674-070426,674-070426,,
,65,08/04/2026,65-080426,65-NUCLEO 4-CALFERQUIM 1-G,b8888d93,6:00:00,22:00:00,35,74,74-KIESERITA-MANUCHAR 1-P,"0,1",3500,18/01/2026,,,,05,5-SULFATO CALCIO-AGROINSUMOS 2-P,"0,15",5250,23/02/2026,,,,274,274-SILICATO MAGNESIO-JULIAN SALDARRIAGA 1-P,"0,4",14000,24/03/2026,,,,105,105-CARBONATO CALCIO-JAMAROL 3-P,"0,25",8750,01/04/2026,,,,120,120-CAL DOLOMITA-BM 1-P,"0,1",3500,25/03/2026,,,,,,0,0,,,,,,,0,0,,,,,,,0,0,,,,,,,0,0,,,,,,,0,0,,,,,,,0,0,,,,,0,0,0,0,0,0,0,0,"16,7","17,44","3,95","3,95",0,0,0,0,0,"14,79",0,0,65-080426,65-080426,65-080426,,
,141,08/04/2026,141-080426,141-FE SULFATO CALCIO P-CALFERQUIM 1-G,31552b24,6:00:00,22:00:00,35,74,74-KIESERITA-MANUCHAR 1-P,"0,1",3500,18/02/2026,,,,,,0,0,,,,,370,370-BENTONITA GRIS-COMERCIALIZADORA HA 4-P,"0,05",1750,06/04/2026,,,,5,5-SULFATO CALCIO-ANIBAL ARANGO 1-P,"0,65",22750,21/01/2026,,,,105,105-CARBONATO CALCIO-AGROCALES 1-P,"0,2",7000,01/04/2026,,,,,,0,0,,,,,,,0,0,,,,,,,0,0,,,,,,,0,0,,,,,,,0,0,,,,,,,0,0,,,,,0,0,0,0,0,0,0,"0,1","22,6","2,7","10,45","10,45",0,0,0,0,0,"2,85",0,0,141-080426,141-080426,141-080426,,
,62,08/04/2026,62-080426,62-NUCLEO CAMASI GRIS-CALFERQUIM 1-G,818ad5b2,6:00:00,22:00:00,35,74,74-KIESERITA-MANUCHAR 1-P,"0,05",1750,18/02/2026,,,,274,274-SILICATO MAGNESIO-JULIAN SALDARRIAGA 1-P,"0,1",3500,24/03/2026,,,,105,105-CARBONATO CALCIO-JAMAROL 3-P,"0,85",29750,01/04/2026,06/04/2026,,,,,0,0,,,,,,,0,0,,,,,,,0,0,,,,,,,0,0,,,,,,,0,0,,,,,,,0,0,,,,,,,0,0,,,,,,,0,0,,,,,0,0,0,0,0,0,0,0,34,"4,64",1,1,0,0,0,0,0,"3,7",0,0,62-080426,62-080426,62-080426,,
,563,08/04/2026,563-080426,563-NUCLEO CAMASI YARA-CALFERQUIM 1-G,2973a862,6:00:00,22:00:00,35,74,74-KIESERITA-MANUCHAR 1-P,"0,05",1750,18/02/2026,,,,105,105-CARBONATO CALCIO-JAMAROL 3-P,"0,6",21000,06/04/2026,,,,370,370-BENTONITA GRIS-FERTICAUCA 3-P,"0,25",8750,06/04/2026,,,,274,274-SILICATO MAGNESIO-JULIAN SALDARRIAGA 1-P,"0,1",3500,24/03/2026,,,,,,0,0,,,,,,,0,0,,,,,,,0,0,,,,,,,0,0,,,,,,,0,0,,,,,,,0,0,,,,,,,0,0,,,,,0,0,0,0,0,0,0,"0,5","25,5","5,64",1,1,0,0,0,0,0,"17,95",0,0,563-080426,563-080426,563-080426,,
,65,09/04/2026,65-090426,65-NUCLEO 4-CALFERQUIM 1-G,b8888d93,6:00:00,22:00:00,35,74,74-KIESERITA-MANUCHAR 1-P,"0,1",3500,18/03/2026,,,,05,5-SULFATO CALCIO-AGROINSUMOS 2-P,"0,15",5250,06/04/2026,,,,274,274-SILICATO MAGNESIO-JULIAN SALDARRIAGA 1-P,"0,4",14000,25/03/2026,,,,105,105-CARBONATO CALCIO-JAMAROL 3-P,"0,25",8750,06/04/2026,,,,120,120-CAL DOLOMITA-BM 1-P,"0,1",3500,25/03/2026,,,,,,0,0,,,,,,,0,0,,,,,,,0,0,,,,,,,0,0,,,,,,,0,0,,,,,,,0,0,,,,,0,0,0,0,0,0,0,0,"16,7","17,44","3,95","3,95",0,0,0,0,0,"14,79",0,0,65-090426,65-090426,65-090426,,
,679,09/04/2026,679-090426,679-NUCLEO FOSFORO 10-CALFERQUIM 1-G,eb47d71e,6:00:00,22:00:00,35,74,74-KIESERITA-MANUCHAR 1-P,"0,05",1750,18/02/2026,,,,5,5-SULFATO CALCIO-ANIBAL ARANGO 1-P,"0,3",10500,06/04/2026,,,,105,105-CARBONATO CALCIO-JAMAROL 3-P,"0,15",5250,01/04/2026,,,,111,370-BENTONITA GRIS-COMERCIALIZADORA HA 4-P,"0,05",1750,08/04/2026,,,,290,290-ROCA FOSFORICA-26-PRACO 1-P,"0,45",15750,17/01/2026,,,,,,0,0,,,,,,,0,0,,,,,,,0,0,,,,,,,0,0,,,,,,,0,0,,,,,,,0,0,,,,,0,0,0,0,0,0,"11,7","0,1","29,1","1,45","4,9","4,9",0,0,0,0,0,"2,85",0,0,679-090426,679-090426,679-090426,,
,141,09/04/2026,141-090426,141-FE SULFATO CALCIO P-CALFERQUIM 1-G,31552b24,6:00:00,22:00:00,35,74,74-KIESERITA-MANUCHAR 1-P,"0,1",3500,18/02/2026,,,,,,0,0,,,,,370,370-BENTONITA GRIS-COMERCIALIZADORA HA 4-P,"0,05",1750,08/04/2026,,,,5,5-SULFATO CALCIO-ANIBAL ARANGO 1-P,"0,65",22750,06/04/2026,,,,105,105-CARBONATO CALCIO-AGROCALES 1-P,"0,2",7000,01/04/2026,,,,,,0,0,,,,,,,0,0,,,,,,,0,0,,,,,,,0,0,,,,,,,0,0,,,,,,,0,0,,,,,0,0,0,0,0,0,0,"0,1","22,6","2,7","10,45","10,45",0,0,0,0,0,"2,85",0,0,141-090426,141-090426,141-090426,,
,563,09/04/2026,563-090426,563-NUCLEO CAMASI YARA-CALFERQUIM 1-G,2973a862,6:00:00,22:00:00,35,74,74-KIESERITA-MANUCHAR 1-P,"0,05",1750,18/02/2026,,,,105,105-CARBONATO CALCIO-JAMAROL 3-P,"0,6",21000,07/04/2026,08/04/2026,09/04/2026,,370,370-BENTONITA GRIS-FERTICAUCA 3-P,"0,25",8750,08/04/2026,,,,274,274-SILICATO MAGNESIO-JULIAN SALDARRIAGA 1-P,"0,1",3500,25/03/2026,,,,,,0,0,,,,,,,0,0,,,,,,,0,0,,,,,,,0,0,,,,,,,0,0,,,,,,,0,0,,,,,,,0,0,,,,,0,0,0,0,0,0,0,"0,5","25,5","5,64",1,1,0,0,0,0,0,"17,95",0,0,563-090426,563-090426,563-090426,,
,65,10/04/2026,65-100426,65-NUCLEO 4-CALFERQUIM 1-G,b8888d93,6:00:00,22:00:00,35,74,74-KIESERITA-MANUCHAR 1-P,"0,1",3500,18/02/2026,,,,05,5-SULFATO CALCIO-AGROINSUMOS 2-P,"0,15",5250,06/04/2026,,,,274,274-SILICATO MAGNESIO-JULIAN SALDARRIAGA 1-P,"0,4",14000,25/03/2026,,,,105,105-CARBONATO CALCIO-JAMAROL 3-P,"0,25",8750,08/04/2026,,,,120,120-CAL DOLOMITA-BM 1-P,"0,1",3500,25/03/2026,,,,,,0,0,,,,,,,0,0,,,,,,,0,0,,,,,,,0,0,,,,,,,0,0,,,,,,,0,0,,,,,0,0,0,0,0,0,0,0,"16,7","17,44","3,95","3,95",0,0,0,0,0,"14,79",0,0,65-100426,65-100426,65-100426,,
,141,10/04/2026,141-100426,141-FE SULFATO CALCIO P-CALFERQUIM 1-G,31552b24,6:00:00,22:00:00,35,74,74-KIESERITA-MANUCHAR 1-P,"0,1",3500,18/02/2026,,,,,,0,0,,,,,370,370-BENTONITA GRIS-COMERCIALIZADORA HA 4-P,"0,05",1750,08/04/2026,,,,5,5-SULFATO CALCIO-ANIBAL ARANGO 1-P,"0,65",22750,06/04/2026,,,,105,105-CARBONATO CALCIO-AGROCALES 1-P,"0,2",7000,08/04/2026,,,,,,0,0,,,,,,,0,0,,,,,,,0,0,,,,,,,0,0,,,,,,,0,0,,,,,,,0,0,,,,,0,0,0,0,0,0,0,"0,1","22,6","2,7","10,45","10,45",0,0,0,0,0,"2,85",0,0,141-100426,141-100426,141-100426,,
,558,10/04/2026,558-100426,558-NUCLEO MAGNESIO-SILICIO EM-CALFERQUIM 1-G,c61b89df,6:00:00,22:00:00,35,74,74-KIESERITA-MANUCHAR 1-P,"0,05",1750,18/02/2026,,,,274,274-SILICATO MAGNESIO-JULIAN SALDARRIAGA 1-P,"0,9",31500,25/03/2026,26/03/2026,,,110,111-BENTONITA ROJA-COMERCIALIZADORA HA 3-P,"0,05",1750,07/04/2026,,,,,,0,0,,,,,,,0,0,,,,,,,0,0,,,,,,,0,0,,,,,,,0,0,,,,,,,0,0,,,,,,,0,0,,,,,,,0,0,,,,,0,0,0,0,0,0,0,0,0,"31,77",1,1,0,0,0,0,0,"35,63",0,0,558-100426,558-100426,558-100426,,
,574,10/04/2026,574-100426,574-NUCLEO FOSFORO 1-CALFERQUIM 1-G,8c6f2572,6:00:00,22:00:00,35,74,74-KIESERITA-MANUCHAR 1-P,"0,05",1750,18/02/2026,,,,111,111-BENTONITA ROJA-COMERCIALIZADORA HA 3-P,"0,1",3500,07/04/2026,,,,120,120-CAL DOLOMITA-BM 1-P,"0,05",1750,25/03/2026,,,,274,274-SILICATO MAGNESIO-JULIAN SALDARRIAGA 1-P,"0,05",1750,26/03/2026,,,,290,290-ROCA FOSFORICA-26-PRACO 1-P,"0,75",26250,17/01/2026,,,,,,0,0,,,,,,,0,0,,,,,,,0,0,,,,,,,0,0,,,,,,,0,0,,,,,,,0,0,,,,,0,0,0,0,0,0,"19,5",0,"28,7","3,74",1,1,0,0,0,0,0,"6,55",0,0,574-100426,574-100426,574-100426,,
,65,11/04/2026,65-110426,65-NUCLEO 4-CALFERQUIM 1-G,b8888d93,6:00:00,22:00:00,35,74,74-KIESERITA-MANUCHAR 1-P,"0,1",3500,18/02/2026,,,,05,5-SULFATO CALCIO-AGROINSUMOS 2-P,"0,15",5250,06/04/2026,,,,274,274-SILICATO MAGNESIO-JULIAN SALDARRIAGA 1-P,"0,4",14000,26/03/2026,,,,105,105-CARBONATO CALCIO-JAMAROL 3-P,"0,25",8750,08/04/2026,,,,120,120-CAL DOLOMITA-BM 1-P,"0,1",3500,25/03/2026,,,,,,0,0,,,,,,,0,0,,,,,,,0,0,,,,,,,0,0,,,,,,,0,0,,,,,,,0,0,,,,,0,0,0,0,0,0,0,0,"16,7","17,44","3,95","3,95",0,0,0,0,0,"14,79",0,0,65-110426,65-110426,65-110426,,
,574,11/04/2026,574-110426,574-NUCLEO FOSFORO 1-CALFERQUIM 1-G,8c6f2572,6:00:00,22:00:00,35,74,74-KIESERITA-MANUCHAR 1-P,"0,05",1750,18/02/2026,,,,111,111-BENTONITA ROJA-COMERCIALIZADORA HA 3-P,"0,1",3500,07/04/2026,,,,120,120-CAL DOLOMITA-BM 1-P,"0,05",1750,25/03/2026,,,,274,274-SILICATO MAGNESIO-JULIAN SALDARRIAGA 1-P,"0,05",1750,26/03/2026,28/03/2026,,,290,290-ROCA FOSFORICA-26-PRACO 1-P,"0,75",26250,17/02/2026,,,,,,0,0,,,,,,,0,0,,,,,,,0,0,,,,,,,0,0,,,,,,,0,0,,,,,,,0,0,,,,,0,0,0,0,0,0,"19,5",0,"28,7","3,74",1,1,0,0,0,0,0,"6,55",0,0,574-110426,574-110426,574-110426,,
,65,12/04/2026,65-120426,65-NUCLEO 4-CALFERQUIM 1-G,b8888d93,6:00:00,22:00:00,35,74,74-KIESERITA-MANUCHAR 1-P,"0,1",3500,19/02/2026,,,,05,5-SULFATO CALCIO-AGROINSUMOS 2-P,"0,15",5250,06/04/2026,,,,274,274-SILICATO MAGNESIO-JULIAN SALDARRIAGA 1-P,"0,4",14000,26/03/2026,,,,105,105-CARBONATO CALCIO-JAMAROL 3-P,"0,25",8750,09/04/2026,,,,120,120-CAL DOLOMITA-BM 1-P,"0,1",3500,25/03/2026,,,,,,0,0,,,,,,,0,0,,,,,,,0,0,,,,,,,0,0,,,,,,,0,0,,,,,,,0,0,,,,,0,0,0,0,0,0,0,0,"16,7","17,44","3,95","3,95",0,0,0,0,0,"14,79",0,0,65-120426,65-120426,65-120426,,
,563,12/04/2026,563-120426,563-NUCLEO CAMASI YARA-CALFERQUIM 1-G,2973a862,6:00:00,22:00:00,35,74,74-KIESERITA-MANUCHAR 1-P,"0,05",1750,19/02/2026,,,,105,105-CARBONATO CALCIO-JAMAROL 3-P,"0,6",21000,09/04/2026,,,,370,370-BENTONITA GRIS-FERTICAUCA 3-P,"0,25",8750,08/04/2026,,,,274,274-SILICATO MAGNESIO-JULIAN SALDARRIAGA 1-P,"0,1",3500,26/03/2026,,,,,,0,0,,,,,,,0,0,,,,,,,0,0,,,,,,,0,0,,,,,,,0,0,,,,,,,0,0,,,,,,,0,0,,,,,0,0,0,0,0,0,0,"0,5","25,5","5,64",1,1,0,0,0,0,0,"17,95",0,0,563-120426,563-120426,563-120426,,
,65,13/04/2026,65-130426,65-NUCLEO 4-CALFERQUIM 1-G,b8888d93,6:00:00,22:00:00,35,74,74-KIESERITA-MANUCHAR 1-P,"0,1",3500,19/02/2026,,,,05,5-SULFATO CALCIO-AGROINSUMOS 2-P,"0,15",5250,06/04/2026,,,,274,274-SILICATO MAGNESIO-JULIAN SALDARRIAGA 1-P,"0,4",14000,28/03/2026,,,,105,105-CARBONATO CALCIO-JAMAROL 3-P,"0,25",8750,09/04/2026,,,,120,120-CAL DOLOMITA-BM 1-P,"0,1",3500,25/03/2026,,,,,,0,0,,,,,,,0,0,,,,,,,0,0,,,,,,,0,0,,,,,,,0,0,,,,,,,0,0,,,,,0,0,0,0,0,0,0,0,"16,7","17,44","3,95","3,95",0,0,0,0,0,"14,79",0,0,65-130426,65-130426,65-130426,,
,141,13/04/2026,141-130426,141-FE SULFATO CALCIO P-CALFERQUIM 1-G,31552b24,6:00:00,22:00:00,35,74,74-KIESERITA-MANUCHAR 1-P,"0,1",3500,19/02/2026,,,,,,0,0,,,,,370,370-BENTONITA GRIS-COMERCIALIZADORA HA 4-P,"0,05",1750,08/04/2026,,,,5,5-SULFATO CALCIO-ANIBAL ARANGO 1-P,"0,65",22750,06/04/2026,,,,105,105-CARBONATO CALCIO-AGROCALES 1-P,"0,2",7000,09/04/2026,,,,,,0,0,,,,,,,0,0,,,,,,,0,0,,,,,,,0,0,,,,,,,0,0,,,,,,,0,0,,,,,0,0,0,0,0,0,0,"0,1","22,6","2,7","10,45","10,45",0,0,0,0,0,"2,85",0,0,141-130426,141-130426,141-130426,,
,62,13/04/2026,62-130426,62-NUCLEO CAMASI GRIS-CALFERQUIM 1-G,54fc2528,6:00:00,22:00:00,35,74,74-KIESERITA-MANUCHAR 1-P,"0,05",1750,19/02/2026,,,,110,110-CAOLIN GRIS- 1-P,"0,6",21000,09/04/2026,11/04/2026,,,105,105-CARBONATO CALCIO-JAMAROL 3-P,"0,35",12250,09/04/2026,10/04/2026,,,,,0,0,,,,,,,0,0,,,,,,,0,0,,,,,,,0,0,,,,,,,0,0,,,,,,,0,0,,,,,,,0,0,,,,,,,0,0,,,,,0,0,0,0,0,0,0,0,"14,3","1,37",1,1,0,0,"0,3",0,0,"28,2",0,0,62-130426,62-130426,62-130426,,
,563,13/04/2026,563-130426,563-NUCLEO CAMASI YARA-CALFERQUIM 1-G,2973a862,6:00:00,22:00:00,35,74,74-KIESERITA-MANUCHAR 1-P,"0,05",1750,19/02/2026,,,,105,105-CARBONATO CALCIO-JAMAROL 3-P,"0,6",21000,10/04/2026,11/04/2026,,,370,370-BENTONITA GRIS-FERTICAUCA 3-P,"0,25",8750,08/04/2026,,,,274,274-SILICATO MAGNESIO-JULIAN SALDARRIAGA 1-P,"0,1",3500,28/03/2026,,,,,,0,0,,,,,,,0,0,,,,,,,0,0,,,,,,,0,0,,,,,,,0,0,,,,,,,0,0,,,,,,,0,0,,,,,0,0,0,0,0,0,0,"0,5","25,5","5,64",1,1,0,0,0,0,0,"17,95",0,0,563-130426,563-130426,563-130426,,
,65,14/04/2026,65-140426,65-NUCLEO 4-CALFERQUIM 1-G,b8888d93,6:00:00,22:00:00,35,74,74-KIESERITA-MANUCHAR 1-P,"0,1",3500,18/02/2026,,,,05,5-SULFATO CALCIO-AGROINSUMOS 2-P,"0,15",5250,06/04/2026,,,,274,274-SILICATO MAGNESIO-JULIAN SALDARRIAGA 1-P,"0,4",14000,28/03/2026,,,,105,105-CARBONATO CALCIO-JAMAROL 3-P,"0,25",8750,08/04/2026,,,,120,120-CAL DOLOMITA-BM 1-P,"0,1",3500,25/03/2026,,,,,,0,0,,,,,,,0,0,,,,,,,0,0,,,,,,,0,0,,,,,,,0,0,,,,,,,0,0,,,,,0,0,0,0,0,0,0,0,"16,7","17,44","3,95","3,95",0,0,0,0,0,"14,79",0,0,65-140426,65-140426,65-140426,,
,563,14/04/2026,563-140426,563-NUCLEO CAMASI YARA-CALFERQUIM 1-G,2973a862,6:00:00,22:00:00,35,74,74-KIESERITA-MANUCHAR 1-P,"0,05",1750,18/02/2026,,,,105,105-CARBONATO CALCIO-JAMAROL 3-P,"0,6",21000,09/04/2026,10/04/2026,,,370,370-BENTONITA GRIS-FERTICAUCA 3-P,"0,25",8750,06/04/2026,,,,274,274-SILICATO MAGNESIO-JULIAN SALDARRIAGA 1-P,"0,1",3500,26/03/2026,,,,,,0,0,,,,,,,0,0,,,,,,,0,0,,,,,,,0,0,,,,,,,0,0,,,,,,,0,0,,,,,,,0,0,,,,,0,0,0,0,0,0,0,"0,5","25,5","5,64",1,1,0,0,0,0,0,"17,95",0,0,563-140426,563-140426,563-140426,,
,141,14/04/2026,141-140426,141-FE SULFATO CALCIO P-CALFERQUIM 1-G,31552b24,6:00:00,22:00:00,35,74,74-KIESERITA-MANUCHAR 1-P,"0,1",3500,18/02/2026,,,,,,0,0,,,,,370,370-BENTONITA GRIS-COMERCIALIZADORA HA 4-P,"0,05",1750,06/04/2026,,,,5,5-SULFATO CALCIO-ANIBAL ARANGO 1-P,"0,65",22750,06/04/2026,,,,105,105-CARBONATO CALCIO-AGROCALES 1-P,"0,2",7000,10/04/2026,,,,,,0,0,,,,,,,0,0,,,,,,,0,0,,,,,,,0,0,,,,,,,0,0,,,,,,,0,0,,,,,0,0,0,0,0,0,0,"0,1","22,6","2,7","10,45","10,45",0,0,0,0,0,"2,85",0,0,141-140426,141-140426,141-140426,,
,141,15/04/2026,141-150426,141-FE SULFATO CALCIO P-CALFERQUIM 1-G,31552b24,6:00:00,22:00:00,35,74,74-KIESERITA-MANUCHAR 1-P,"0,1",3500,19/02/2026,,,,,,0,0,,,,,370,370-BENTONITA GRIS-COMERCIALIZADORA HA 4-P,"0,05",1750,07/04/2026,,,,5,5-SULFATO CALCIO-ANIBAL ARANGO 1-P,"0,65",22750,06/04/2026,,,,105,105-CARBONATO CALCIO-AGROCALES 1-P,"0,2",7000,10/04/2026,,,,,,0,0,,,,,,,0,0,,,,,,,0,0,,,,,,,0,0,,,,,,,0,0,,,,,,,0,0,,,,,0,0,0,0,0,0,0,"0,1","22,6","2,7","10,45","10,45",0,0,0,0,0,"2,85",0,0,141-150426,141-150426,141-150426,,
,62,15/04/2026,62-150426,62-NUCLEO CAMASI GRIS-CALFERQUIM 1-G,818ad5b2,6:00:00,22:00:00,35,74,74-KIESERITA-MANUCHAR 1-P,"0,05",1750,19/02/2026,,,,274,274-SILICATO MAGNESIO-JULIAN SALDARRIAGA 1-P,"0,1",3500,28/03/2026,,,,105,105-CARBONATO CALCIO-JAMAROL 3-P,"0,85",29750,10/04/2026,11/04/2026,,,,,0,0,,,,,,,0,0,,,,,,,0,0,,,,,,,0,0,,,,,,,0,0,,,,,,,0,0,,,,,,,0,0,,,,,,,0,0,,,,,0,0,0,0,0,0,0,0,34,"4,64",1,1,0,0,0,0,0,"3,7",0,0,62-150426,62-150426,62-150426,,
,679,15/04/2026,679-150426,679-NUCLEO FOSFORO 10-CALFERQUIM 1-G,eb47d71e,6:00:00,22:00:00,35,74,74-KIESERITA-MANUCHAR 1-P,"0,05",1750,18/02/2026,,,,5,5-SULFATO CALCIO-ANIBAL ARANGO 1-P,"0,3",10500,06/04/2026,10/04/2026,,,105,105-CARBONATO CALCIO-JAMAROL 3-P,"0,15",5250,11/04/2026,,,,111,370-BENTONITA GRIS-COMERCIALIZADORA HA 4-P,"0,05",1750,11/04/2026,,,,290,290-ROCA FOSFORICA-26-PRACO 1-P,"0,45",15750,17/01/2026,14/04/2026,,,,,0,0,,,,,,,0,0,,,,,,,0,0,,,,,,,0,0,,,,,,,0,0,,,,,,,0,0,,,,,0,0,0,0,0,0,"11,7","0,1","29,1","1,45","4,9","4,9",0,0,0,0,0,"2,85",0,0,679-150426,679-150426,679-150426,,
,141,16/04/2026,141-160426,141-FE SULFATO CALCIO P-CALFERQUIM 1-G,31552b24,6:00:00,22:00:00,35,74,74-KIESERITA-MANUCHAR 1-P,"0,1",3500,19/02/2026,,,,,,0,0,,,,,370,370-BENTONITA GRIS-COMERCIALIZADORA HA 4-P,"0,05",1750,08/04/2026,,,,5,5-SULFATO CALCIO-ANIBAL ARANGO 1-P,"0,65",22750,10/04/2026,06/04/2026,,,105,105-CARBONATO CALCIO-AGROCALES 1-P,"0,2",7000,11/04/2026,14/04/2026,,,,,0,0,,,,,,,0,0,,,,,,,0,0,,,,,,,0,0,,,,,,,0,0,,,,,,,0,0,,,,,0,0,0,0,0,0,0,"0,1","22,6","2,7","10,45","10,45",0,0,0,0,0,"2,85",0,0,141-160426,141-160426,141-160426,,
,65,16/04/2026,65-160426,65-NUCLEO 4-CALFERQUIM 1-G,b8888d93,6:00:00,22:00:00,35,74,74-KIESERITA-MANUCHAR 1-P,"0,1",3500,19/02/2026,,,,05,5-SULFATO CALCIO-AGROINSUMOS 2-P,"0,15",5250,10/04/2026,,,,274,274-SILICATO MAGNESIO-JULIAN SALDARRIAGA 1-P,"0,4",14000,28/03/2026,,,,105,105-CARBONATO CALCIO-JAMAROL 3-P,"0,25",8750,11/04/2026,,,,120,120-CAL DOLOMITA-BM 1-P,"0,1",3500,25/03/2026,,,,,,0,0,,,,,,,0,0,,,,,,,0,0,,,,,,,0,0,,,,,,,0,0,,,,,,,0,0,,,,,0,0,0,0,0,0,0,0,"16,7","17,44","3,95","3,95",0,0,0,0,0,"14,79",0,0,65-160426,65-160426,65-160426,,
,574,16/04/2026,574-160426,574-NUCLEO FOSFORO 1-CALFERQUIM 1-G,8c6f2572,6:00:00,22:00:00,35,74,74-KIESERITA-MANUCHAR 1-P,"0,05",1750,18/02/2026,,,,111,111-BENTONITA ROJA-COMERCIALIZADORA HA 3-P,"0,1",3500,08/04/2026,,,,120,120-CAL DOLOMITA-BM 1-P,"0,05",1750,25/03/2026,,,,274,274-SILICATO MAGNESIO-JULIAN SALDARRIAGA 1-P,"0,05",1750,28/03/2026,,,,290,290-ROCA FOSFORICA-26-PRACO 1-P,"0,75",26250,17/01/2026,14/04/2026,,,,,0,0,,,,,,,0,0,,,,,,,0,0,,,,,,,0,0,,,,,,,0,0,,,,,,,0,0,,,,,0,0,0,0,0,0,"19,5",0,"28,7","3,74",1,1,0,0,0,0,0,"6,55",0,0,574-160426,574-160426,574-160426,,
,155,16/04/2026,155-160426,155-RAIFOS 20-CALFERQUIM 1-G,e697eecd,6:00:00,22:00:00,35,74,74-KIESERITA-MANUCHAR 1-P,"0,05",1750,19/02/2026,,,,111,111-BENTONITA ROJA-FERTICAUCA 4-P,"0,09",3150,08/04/2026,,,,152,152-LEONARDITA- 1-P,"0,1",3500,,,,,193,193-MAP IMPORTADO- 3-G,"0,05",1750,24/09/2025,,,,650,31-ROCA FOSFÓRICA-FOSFATOS HUILA 1-P,"0,65",22750,14/04/2026,17/01/2026,,,678,678-ABONO ORGANICO-CALFERQUIM 1-G,"0,06",2100,26/03/2026,,,,,,0,0,,,,,,,0,0,,,,,,,0,0,,,,,,,0,0,,,,,,,0,0,,,,,0,0,0,0,0,0,"20,15",0,"24,05","1,34",1,1,0,0,0,0,0,"4,23",0,0,155-160426,155-160426,155-160426,,
,65,17/04/2026,65-170426,65-NUCLEO 4-CALFERQUIM 1-G,b8888d93,6:00:00,22:00:00,35,74,74-KIESERITA-MANUCHAR 1-P,"0,1",3500,19/02/2026,,,,05,5-SULFATO CALCIO-AGROINSUMOS 2-P,"0,15",5250,10/04/2026,,,,274,274-SILICATO MAGNESIO-JULIAN SALDARRIAGA 1-P,"0,4",14000,28/03/2026,,,,105,105-CARBONATO CALCIO-JAMAROL 3-P,"0,25",8750,11/04/2026,,,,120,120-CAL DOLOMITA-BM 1-P,"0,1",3500,25/03/2026,,,,,,0,0,,,,,,,0,0,,,,,,,0,0,,,,,,,0,0,,,,,,,0,0,,,,,,,0,0,,,,,0,0,0,0,0,0,0,0,"16,7","17,44","3,95","3,95",0,0,0,0,0,"14,79",0,0,65-170426,65-170426,65-170426,,
,141,17/04/2026,141-170426,141-FE SULFATO CALCIO P-CALFERQUIM 1-G,31552b24,6:00:00,22:00:00,35,74,74-KIESERITA-MANUCHAR 1-P,"0,1",3500,18/02/2026,,,,,,0,0,,,,,370,370-BENTONITA GRIS-COMERCIALIZADORA HA 4-P,"0,05",1750,08/04/2026,,,,5,5-SULFATO CALCIO-ANIBAL ARANGO 1-P,"0,65",22750,06/04/2026,,,,105,105-CARBONATO CALCIO-AGROCALES 1-P,"0,2",7000,14/04/2026,,,,,,0,0,,,,,,,0,0,,,,,,,0,0,,,,,,,0,0,,,,,,,0,0,,,,,,,0,0,,,,,0,0,0,0,0,0,0,"0,1","22,6","2,7","10,45","10,45",0,0,0,0,0,"2,85",0,0,141-170426,141-170426,141-170426,,
,574,17/04/2026,574-170426,574-NUCLEO FOSFORO 1-CALFERQUIM 1-G,8c6f2572,6:00:00,22:00:00,35,74,74-KIESERITA-MANUCHAR 1-P,"0,05",1750,18/02/2026,,,,111,111-BENTONITA ROJA-COMERCIALIZADORA HA 3-P,"0,1",3500,08/04/2026,,,,120,120-CAL DOLOMITA-BM 1-P,"0,05",1750,25/03/2026,,,,274,274-SILICATO MAGNESIO-JULIAN SALDARRIAGA 1-P,"0,05",1750,28/03/2026,,,,290,290-ROCA FOSFORICA-26-PRACO 1-P,"0,75",26250,14/04/2026,17/01/2026,,,,,0,0,,,,,,,0,0,,,,,,,0,0,,,,,,,0,0,,,,,,,0,0,,,,,,,0,0,,,,,0,0,0,0,0,0,"19,5",0,"28,7","3,74",1,1,0,0,0,0,0,"6,55",0,0,574-170426,574-170426,574-170426,,
,558,17/04/2026,558-170426,558-NUCLEO MAGNESIO-SILICIO EM-CALFERQUIM 1-G,c61b89df,6:00:00,22:00:00,35,74,74-KIESERITA-MANUCHAR 1-P,"0,05",1750,19/02/2026,,,,274,274-SILICATO MAGNESIO-JULIAN SALDARRIAGA 1-P,"0,9",31500,28/03/2026,31/03/2026,,,110,111-BENTONITA ROJA-COMERCIALIZADORA HA 3-P,"0,05",1750,08/04/2026,,,,,,0,0,,,,,,,0,0,,,,,,,0,0,,,,,,,0,0,,,,,,,0,0,,,,,,,0,0,,,,,,,0,0,,,,,,,0,0,,,,,0,0,0,0,0,0,0,0,0,"31,77",1,1,0,0,0,0,0,"35,63",0,0,558-170426,558-170426,558-170426,,
,62,17/04/2026,62-170426,62-NUCLEO CAMASI GRIS-CALFERQUIM 1-G,818ad5b2,6:00:00,22:00:00,35,74,74-KIESERITA-MANUCHAR 1-P,"0,05",1750,18/02/2026,,,,274,274-SILICATO MAGNESIO-JULIAN SALDARRIAGA 1-P,"0,1",3500,31/03/2026,06/04/2026,,,105,105-CARBONATO CALCIO-JAMAROL 3-P,"0,85",29750,14/04/2026,15/04/2026,16/04/2026,,,,0,0,,,,,,,0,0,,,,,,,0,0,,,,,,,0,0,,,,,,,0,0,,,,,,,0,0,,,,,,,0,0,,,,,,,0,0,,,,,0,0,0,0,0,0,0,0,34,"4,64",1,1,0,0,0,0,0,"3,7",0,0,62-170426,62-170426,62-170426,,
,803,18/04/2026,803-180426,803-NUCLEO MAGNESIO-S-CALFERQUIM 1-G,36dd6618,6:00:00,22:00:00,35,05,5-SULFATO CALCIO-ANIBAL ARANGO 1-P,"0,44",15400,10/04/2026,,,,74,74-KIESERITA-MANUCHAR 1-P,"0,18",6300,18/02/2026,,,,111,111-BENTONITA ROJA-COMERCIALIZADORA HA 3-P,"0,07",2450,15/04/2026,,,,274,274-SILICATO MAGNESIO-JULIAN SALDARRIAGA 1-P,"0,31",10850,28/04/2026,,,,,,0,0,,,,,,,0,0,,,,,,,0,0,,,,,,,0,0,,,,,,,0,0,,,,,,,0,0,,,,,,,0,0,,,,,0,0,0,0,0,0,0,0,"9,68","15,07","9,32","9,32",0,0,0,0,0,"14,75",0,0,803-180426,803-180426,803-180426,,
,62,18/04/2026,62-180426,62-NUCLEO CAMASI GRIS-CALFERQUIM 1-G,818ad5b2,6:00:00,22:00:00,35,74,74-KIESERITA-MANUCHAR 1-P,"0,05",1750,18/02/2026,,,,274,274-SILICATO MAGNESIO-JULIAN SALDARRIAGA 1-P,"0,1",3500,31/03/2026,,,,105,105-CARBONATO CALCIO-JAMAROL 3-P,"0,85",29750,,,,,,,0,0,,,,,,,0,0,,,,,,,0,0,,,,,,,0,0,,,,,,,0,0,,,,,,,0,0,,,,,,,0,0,,,,,,,0,0,,,,,0,0,0,0,0,0,0,0,34,"4,64",1,1,0,0,0,0,0,"3,7",0,0,62-180426,62-180426,62-180426,,
,803,19/04/2026,803-190426,803-NUCLEO MAGNESIO-S-CALFERQUIM 1-G,36dd6618,6:00:00,22:00:00,35,05,5-SULFATO CALCIO-ANIBAL ARANGO 1-P,"0,44",15400,13/04/2026,,,,74,74-KIESERITA-MANUCHAR 1-P,"0,18",6300,18/02/2026,,,,111,111-BENTONITA ROJA-COMERCIALIZADORA HA 3-P,"0,07",2450,10/04/2026,,,,274,274-SILICATO MAGNESIO-JULIAN SALDARRIAGA 1-P,"0,31",10850,06/04/2026,,,,,,0,0,,,,,,,0,0,,,,,,,0,0,,,,,,,0,0,,,,,,,0,0,,,,,,,0,0,,,,,,,0,0,,,,,0,0,0,0,0,0,0,0,"9,68","15,07","9,32","9,32",0,0,0,0,0,"14,75",0,0,803-190426,803-190426,803-190426,,
,65,20/04/2026,65-200426,65-NUCLEO 4-CALFERQUIM 1-G,b8888d93,6:00:00,22:00:00,35,74,74-KIESERITA-MANUCHAR 1-P,"0,1",3500,18/02/2026,,,,05,5-SULFATO CALCIO-AGROINSUMOS 2-P,"0,15",5250,13/04/2026,,,,274,274-SILICATO MAGNESIO-JULIAN SALDARRIAGA 1-P,"0,4",14000,31/03/2026,,,,105,105-CARBONATO CALCIO-JAMAROL 3-P,"0,25",8750,14/04/2026,,,,120,120-CAL DOLOMITA-BM 1-P,"0,1",3500,25/03/2026,,,,,,0,0,,,,,,,0,0,,,,,,,0,0,,,,,,,0,0,,,,,,,0,0,,,,,,,0,0,,,,,0,0,0,0,0,0,0,0,"16,7","17,44","3,95","3,95",0,0,0,0,0,"14,79",0,0,65-200426,65-200426,65-200426,,
,62,21/04/2026,62-210426,62-NUCLEO CAMASI GRIS-CALFERQUIM 1-G,818ad5b2,6:00:00,22:00:00,35,74,74-KIESERITA-MANUCHAR 1-P,"0,05",1750,21/04/2026,,,,274,274-SILICATO MAGNESIO-JULIAN SALDARRIAGA 1-P,"0,1",3500,06/04/2026,,,,105,105-CARBONATO CALCIO-JAMAROL 3-P,"0,85",29750,17/04/2026,,,,,,0,0,,,,,,,0,0,,,,,,,0,0,,,,,,,0,0,,,,,,,0,0,,,,,,,0,0,,,,,,,0,0,,,,,,,0,0,,,,,0,0,0,0,0,0,0,0,34,"4,64",1,1,0,0,0,0,0,"3,7",0,0,62-210426,62-210426,62-210426,,.
,574,21/04/2026,574-210426,574-NUCLEO FOSFORO 1-CALFERQUIM 1-G,8c6f2572,6:00:00,22:00:00,35,74,74-KIESERITA-MANUCHAR 1-P,"0,05",1750,21/04/2026,,,,111,111-BENTONITA ROJA-COMERCIALIZADORA HA 3-P,"0,1",3500,10/04/2026,,,,120,120-CAL DOLOMITA-BM 1-P,"0,05",1750,25/03/2026,,,,274,274-SILICATO MAGNESIO-JULIAN SALDARRIAGA 1-P,"0,05",1750,06/04/2026,,,,290,290-ROCA FOSFORICA-26-PRACO 1-P,"0,75",26250,14/04/2026,,,,,,0,0,,,,,,,0,0,,,,,,,0,0,,,,,,,0,0,,,,,,,0,0,,,,,,,0,0,,,,,0,0,0,0,0,0,"19,5",0,"28,7","3,74",1,1,0,0,0,0,0,"6,55",0,0,574-210426,574-210426,574-210426,,
,997,21/04/2026,997-210426,997-SULFATO ZINC 22-CALFERQUIM 1-P,15fbab7a,6:00:00,22:00:00,35,23,23-SULFATO DE ZINC 35%-IMPORTADO 2-P,"0,68",23800,,,,,74,74-KIESERITA-MANUCHAR 1-P,"0,05",1750,,,,,105,105-CARBONATO CALCIO-JAMAROL 3-P,"0,08",2800,,,,,370,370-BENTONITA GRIS-COMERCIALIZADORA HA 4-P,"0,2",7000,,,,,,,0,0,,,,,,,0,0,,,,,,,0,0,,,,,,,0,0,,,,,,,0,0,,,,,,,0,0,,,,,,,0,0,,,,,0,0,0,0,0,0,0,"0,4","4,4","2,05",1,1,0,0,0,0,0,"11,4","23,8",0,997-210426,997-210426,997-210426,,
,62,22/04/2026,62-220426,62-NUCLEO CAMASI GRIS-CALFERQUIM 1-G,818ad5b2,6:00:00,22:00:00,35,74,74-KIESERITA-MANUCHAR 1-P,"0,05",1750,22/04/2026,,,,274,274-SILICATO MAGNESIO-JULIAN SALDARRIAGA 1-P,"0,1",3500,06/04/2026,,,,105,105-CARBONATO CALCIO-JAMAROL 3-P,"0,85",29750,16/04/2026,,,,,,0,0,,,,,,,0,0,,,,,,,0,0,,,,,,,0,0,,,,,,,0,0,,,,,,,0,0,,,,,,,0,0,,,,,,,0,0,,,,,0,0,0,0,0,0,0,0,34,"4,64",1,1,0,0,0,0,0,"3,7",0,0,62-220426,62-220426,62-220426,,
,997,22/04/2026,997-220426,997-SULFATO ZINC 22-CALFERQUIM 1-P,15fbab7a,6:00:00,22:00:00,35,23,23-SULFATO DE ZINC 35%-IMPORTADO 2-P,"0,68",23800,26/03/2026,,,,74,74-KIESERITA-MANUCHAR 1-P,"0,05",1750,22/04/2026,,,,105,105-CARBONATO CALCIO-JAMAROL 3-P,"0,08",2800,16/04/2026,,,,370,370-BENTONITA GRIS-COMERCIALIZADORA HA 4-P,"0,2",7000,20/04/2026,,,,,,0,0,,,,,,,0,0,,,,,,,0,0,,,,,,,0,0,,,,,,,0,0,,,,,,,0,0,,,,,,,0,0,,,,,0,0,0,0,0,0,0,"0,4","4,4","2,05",1,1,0,0,0,0,0,"11,4","23,8",0,997-220426,997-220426,997-220426,,
,574,22/04/2026,574-220426,574-NUCLEO FOSFORO 1-CALFERQUIM 1-G,8c6f2572,6:00:00,22:00:00,35,74,74-KIESERITA-MANUCHAR 1-P,"0,05",1750,22/04/2026,,,,111,111-BENTONITA ROJA-COMERCIALIZADORA HA 3-P,"0,1",3500,10/04/2026,,,,120,120-CAL DOLOMITA-BM 1-P,"0,05",1750,25/03/2026,,,,274,274-SILICATO MAGNESIO-JULIAN SALDARRIAGA 1-P,"0,05",1750,06/04/2026,,,,290,290-ROCA FOSFORICA-26-PRACO 1-P,"0,75",26250,14/04/2026,,,,,,0,0,,,,,,,0,0,,,,,,,0,0,,,,,,,0,0,,,,,,,0,0,,,,,,,0,0,,,,,0,0,0,0,0,0,"19,5",0,"28,7","3,74",1,1,0,0,0,0,0,"6,55",0,0,574-220426,574-220426,574-220426,,
,803,22/04/2026,803-220426,803-NUCLEO MAGNESIO-S-CALFERQUIM 1-G,36dd6618,6:00:00,22:00:00,35,05,5-SULFATO CALCIO-ANIBAL ARANGO 1-P,"0,44",15400,13/04/2026,,,,74,74-KIESERITA-MANUCHAR 1-P,"0,18",6300,22/04/2026,,,,111,111-BENTONITA ROJA-COMERCIALIZADORA HA 3-P,"0,07",2450,10/04/2026,,,,274,274-SILICATO MAGNESIO-JULIAN SALDARRIAGA 1-P,"0,31",10850,06/04/2026,,,,,,0,0,,,,,,,0,0,,,,,,,0,0,,,,,,,0,0,,,,,,,0,0,,,,,,,0,0,,,,,,,0,0,,,,,0,0,0,0,0,0,0,0,"9,68","15,07","9,32","9,32",0,0,0,0,0,"14,75",0,0,803-220426,803-220426,803-220426,,
,452,23/04/2026,452-230426,452-NUCLEO CAMASI ROJO-CALFERQUIM 1-G,f2428711,6:00:00,22:00:00,35,74,74-KIESERITA-MANUCHAR 1-P,"0,05",1750,22/04/2026,,,,111,370-BENTONITA GRIS-FERTICAUCA 3-P,"0,6",21000,10/04/2026,14/04/2026,,,105,105-CARBONATO CALCIO-JAMAROL 3-P,"0,35",12250,20/04/2026,,,,,,0,0,,,,,,,0,0,,,,,,,0,0,,,,,,,0,0,,,,,,,0,0,,,,,,,0,0,,,,,,,0,0,,,,,,,0,0,,,,,0,0,0,0,0,0,0,"1,2","17,6","3,65",1,1,0,0,0,0,0,"34,2",0,0,452-230426,452-230426,452-230426,,
,62,23/04/2026,62-230426,62-NUCLEO CAMASI GRIS-CALFERQUIM 1-G,54fc2528,6:00:00,22:00:00,35,74,74-KIESERITA-MANUCHAR 1-P,"0,05",1750,22/04/2026,,,,110,110-CAOLIN GRIS- 1-P,"0,6",21000,20/04/2026,22/04/2026,,,105,105-CARBONATO CALCIO-JAMAROL 3-P,"0,35",12250,18/04/2026,,,,,,0,0,,,,,,,0,0,,,,,,,0,0,,,,,,,0,0,,,,,,,0,0,,,,,,,0,0,,,,,,,0,0,,,,,,,0,0,,,,,0,0,0,0,0,0,0,0,"14,3","1,37",1,1,0,0,"0,3",0,0,"28,2",0,0,62-230426,62-230426,62-230426,,
,558,23/04/2026,558-230426,558-NUCLEO MAGNESIO-SILICIO EM-CALFERQUIM 1-G,c61b89df,6:00:00,22:00:00,35,74,74-KIESERITA-MANUCHAR 1-P,"0,05",1750,22/04/2026,,,,274,274-SILICATO MAGNESIO-JULIAN SALDARRIAGA 1-P,"0,9",31500,07/04/2026,,,,110,111-BENTONITA ROJA-COMERCIALIZADORA HA 3-P,"0,05",1750,10/04/2026,,,,,,0,0,,,,,,,0,0,,,,,,,0,0,,,,,,,0,0,,,,,,,0,0,,,,,,,0,0,,,,,,,0,0,,,,,,,0,0,,,,,0,0,0,0,0,0,0,0,0,"31,77",1,1,0,0,0,0,0,"35,63",0,0,558-230426,558-230426,558-230426,,
,,,,,,,,,,,,,,,,,,,,,,,,,,,,,,,,,,,,,,,,,,,,,,,,,,,,,,,,,,,,,,,,,,,,,,,,,,,,,,,,,,,,,,,,,,,,,,,,,,,,,,,,,,,,,,,,,,,,,,,,,
,558,24/04/2026,558-240426,558-NUCLEO MAGNESIO-SILICIO EM-CALFERQUIM 1-G,c61b89df,6:00:00,22:00:00,35,74,74-KIESERITA-MANUCHAR 1-P,"0,05",1750,22/04/2026,,,,274,274-SILICATO MAGNESIO-JULIAN SALDARRIAGA 1-P,"0,9",31500,07/04/2026,,,,110,111-BENTONITA ROJA-COMERCIALIZADORA HA 3-P,"0,05",1750,10/04/2026,,,,,,0,0,,,,,,,0,0,,,,,,,0,0,,,,,,,0,0,,,,,,,0,0,,,,,,,0,0,,,,,,,0,0,,,,,,,0,0,,,,,0,0,0,0,0,0,0,0,0,"31,77",1,1,0,0,0,0,0,"35,63",0,0,558-240426,558-240426,558-240426,,
,65,24/04/2026,65-240426,65-NUCLEO 4-CALFERQUIM 1-G,b8888d93,6:00:00,22:00:00,35,74,74-KIESERITA-MANUCHAR 1-P,"0,1",3500,22/04/2026,,,,05,5-SULFATO CALCIO-AGROINSUMOS 2-P,"0,15",5250,13/04/2026,,,,274,274-SILICATO MAGNESIO-JULIAN SALDARRIAGA 1-P,"0,4",14000,09/04/2026,,,,105,105-CARBONATO CALCIO-JAMAROL 3-P,"0,25",8750,21/04/2026,,,,120,120-CAL DOLOMITA-BM 1-P,"0,1",3500,25/03/2026,,,,,,0,0,,,,,,,0,0,,,,,,,0,0,,,,,,,0,0,,,,,,,0,0,,,,,,,0,0,,,,,0,0,0,0,0,0,0,0,"16,7","17,44","3,95","3,95",0,0,0,0,0,"14,79",0,0,65-240426,65-240426,65-240426,,
,62,24/04/2026,62-240426,62-NUCLEO CAMASI GRIS-CALFERQUIM 1-G,54fc2528,6:00:00,22:00:00,35,74,74-KIESERITA-MANUCHAR 1-P,"0,05",1750,22/04/2026,,,,110,110-CAOLIN GRIS- 1-P,"0,6",21000,22/04/2026,23/04/2026,,,105,105-CARBONATO CALCIO-JAMAROL 3-P,"0,35",12250,21/04/2026,,,,,,0,0,,,,,,,0,0,,,,,,,0,0,,,,,,,0,0,,,,,,,0,0,,,,,,,0,0,,,,,,,0,0,,,,,,,0,0,,,,,0,0,0,0,0,0,0,0,"14,3","1,37",1,1,0,0,"0,3",0,0,"28,2",0,0,62-240426,62-240426,62-240426,,
,574,24/04/2026,574-240426,574-NUCLEO FOSFORO 1-CALFERQUIM 1-G,8c6f2572,6:00:00,22:00:00,35,74,74-KIESERITA-MANUCHAR 1-P,"0,05",1750,22/04/2026,,,,111,111-BENTONITA ROJA-COMERCIALIZADORA HA 3-P,"0,1",3500,15/04/2026,,,,120,120-CAL DOLOMITA-BM 1-P,"0,05",1750,25/03/2026,,,,274,274-SILICATO MAGNESIO-JULIAN SALDARRIAGA 1-P,"0,05",1750,07/04/2026,,,,290,290-ROCA FOSFORICA-26-PRACO 1-P,"0,75",26250,14/04/2026,,,,,,0,0,,,,,,,0,0,,,,,,,0,0,,,,,,,0,0,,,,,,,0,0,,,,,,,0,0,,,,,0,0,0,0,0,0,"19,5",0,"28,7","3,74",1,1,0,0,0,0,0,"6,55",0,0,574-240426,574-240426,574-240426,,
,563,26/04/2026,563-260426,563-NUCLEO CAMASI YARA-CALFERQUIM 1-G,2973a862,6:00:00,22:00:00,35,74,74-KIESERITA-MANUCHAR 1-P,"0,05",1750,22/04/2026,,,,105,105-CARBONATO CALCIO-JAMAROL 3-P,"0,6",21000,24/04/2026,,,,370,370-BENTONITA GRIS-FERTICAUCA 3-P,"0,25",8750,23/04/2026,,,,274,274-SILICATO MAGNESIO-JULIAN SALDARRIAGA 1-P,"0,1",3500,11/04/2026,,,,,,0,0,,,,,,,0,0,,,,,,,0,0,,,,,,,0,0,,,,,,,0,0,,,,,,,0,0,,,,,,,0,0,,,,,0,0,0,0,0,0,0,"0,5","25,5","5,64",1,1,0,0,0,0,0,"17,95",0,0,563-260426,563-260426,563-260426,,
,141,27/04/2026,141-270426,141-FE SULFATO CALCIO P-CALFERQUIM 1-G,31552b24,6:00:00,22:00:00,35,74,74-KIESERITA-MANUCHAR 1-P,"0,1",3500,22/04/2026,,,,,,0,0,,,,,370,370-BENTONITA GRIS-COMERCIALIZADORA HA 4-P,"0,05",1750,15/04/2026,,,,5,5-SULFATO CALCIO-ANIBAL ARANGO 1-P,"0,65",22750,13/04/2026,,,,105,105-CARBONATO CALCIO-AGROCALES 1-P,"0,2",7000,24/04/2026,,,,,,0,0,,,,,,,0,0,,,,,,,0,0,,,,,,,0,0,,,,,,,0,0,,,,,,,0,0,,,,,0,0,0,0,0,0,0,"0,1","22,6","2,7","10,45","10,45",0,0,0,0,0,"2,85",0,0,141-270426,141-270426,141-270426,,
,160,27/04/2026,160-270426,160-ZUELO CA-CALFERQUIM 1-G,478c4161,6:00:00,22:00:00,35,05,5-SULFATO CALCIO-ANIBAL ARANGO 1-P,"0,25",8750,,,,,16,16-ULEXITA-ULEXANDER/IMPORTADA 3-P,"0,02",700,,,,,74,74-KIESERITA-MANUCHAR 1-P,"0,05",1750,22/04/2026,,,,370,110-CAOLIN GRIS- 1-P,"0,1",3500,27/04/2026,,,,120,120-CAL DOLOMITA-BM 1-P,"0,4",14000,25/03/2026,,,,274,274-SILICATO MAGNESIO-JULIAN SALDARRIAGA 1-P,"0,05",1750,11/04/2026,,,,290,31-ROCA FOSFÓRICA-FOSFATOS HUILA 1-P,"0,13",4550,27/04/2026,,,,,,0,0,,,,,,,0,0,,,,,,,0,0,,,,,,,0,0,,,,,0,0,0,0,0,0,"4,03",0,"23,96","8,56","4,25","4,25",0,0,"0,05",0,0,"6,55",0,0,160-270426,160-270426,160-270426,,
,563,27/04/2026,563-270426,563-NUCLEO CAMASI YARA-CALFERQUIM 1-G,2973a862,6:00:00,22:00:00,35,74,74-KIESERITA-MANUCHAR 1-P,"0,05",1750,22/04/2026,,,,105,105-CARBONATO CALCIO-JAMAROL 3-P,"0,6",21000,24/04/2026,25/04/2026,,,370,370-BENTONITA GRIS-FERTICAUCA 3-P,"0,25",8750,27/04/2026,,,,274,274-SILICATO MAGNESIO-JULIAN SALDARRIAGA 1-P,"0,1",3500,11/04/2026,,,,,,0,0,,,,,,,0,0,,,,,,,0,0,,,,,,,0,0,,,,,,,0,0,,,,,,,0,0,,,,,,,0,0,,,,,0,0,0,0,0,0,0,"0,5","25,5","5,64",1,1,0,0,0,0,0,"17,95",0,0,563-270426,563-270426,563-270426,,
,574,28/04/2026,574-280426,574-NUCLEO FOSFORO 1-CALFERQUIM 1-G,8c6f2572,6:00:00,22:00:00,35,74,74-KIESERITA-MANUCHAR 1-P,"0,05",1750,22/04/2026,,,,111,111-BENTONITA ROJA-COMERCIALIZADORA HA 3-P,"0,1",3500,16/04/2026,,,,120,120-CAL DOLOMITA-BM 1-P,"0,05",1750,25/03/2026,,,,274,274-SILICATO MAGNESIO-JULIAN SALDARRIAGA 1-P,"0,05",1750,11/04/2026,,,,290,290-ROCA FOSFORICA-26-PRACO 1-P,"0,75",26250,27/04/2026,,,,,,0,0,,,,,,,0,0,,,,,,,0,0,,,,,,,0,0,,,,,,,0,0,,,,,,,0,0,,,,,0,0,0,0,0,0,"19,5",0,"28,7","3,74",1,1,0,0,0,0,0,"6,55",0,0,574-280426,574-280426,574-280426,,
,155,28/04/2026,155-280426,155-RAIFOS 20-CALFERQUIM 1-G,e697eecd,6:00:00,22:00:00,35,74,74-KIESERITA-MANUCHAR 1-P,"0,05",1750,22/04/2026,,,,111,111-BENTONITA ROJA-FERTICAUCA 4-P,"0,09",3150,16/04/2026,,,,152,152-LEONARDITA- 1-P,"0,1",3500,,,,,193,193-MAP IMPORTADO- 3-G,"0,05",1750,24/09/2025,,,,650,31-ROCA FOSFÓRICA-FOSFATOS HUILA 1-P,"0,65",22750,27/04/2026,,,,678,678-ABONO ORGANICO-CALFERQUIM 1-G,"0,06",2100,26/03/2026,,,,,,0,0,,,,,,,0,0,,,,,,,0,0,,,,,,,0,0,,,,,,,0,0,,,,,0,0,0,0,0,0,"20,15",0,"24,05","1,34",1,1,0,0,0,0,0,"4,23",0,0,155-280426,155-280426,155-280426,,
,62,28/04/2026,62-280426,62-NUCLEO CAMASI GRIS-CALFERQUIM 1-G,818ad5b2,6:00:00,22:00:00,35,74,74-KIESERITA-MANUCHAR 1-P,"0,05",1750,22/04/2026,,,,274,274-SILICATO MAGNESIO-JULIAN SALDARRIAGA 1-P,"0,1",3500,11/04/2026,,,,105,105-CARBONATO CALCIO-JAMAROL 3-P,"0,85",29750,24/04/2026,25/04/2026,,,,,0,0,,,,,,,0,0,,,,,,,0,0,,,,,,,0,0,,,,,,,0,0,,,,,,,0,0,,,,,,,0,0,,,,,,,0,0,,,,,0,0,0,0,0,0,0,0,34,"4,64",1,1,0,0,0,0,0,"3,7",0,0,62-280426,62-280426,62-280426,,
,62,29/04/2026,62-290426,62-NUCLEO CAMASI GRIS-CALFERQUIM 1-G,818ad5b2,6:00:00,22:00:00,35,74,74-KIESERITA-MANUCHAR 1-P,"0,05",1750,27/04/2026,,,,274,274-SILICATO MAGNESIO-JULIAN SALDARRIAGA 1-P,"0,1",3500,15/04/2026,,,,105,105-CARBONATO CALCIO-JAMAROL 3-P,"0,85",29750,25/04/2026,,,,,,0,0,,,,,,,0,0,,,,,,,0,0,,,,,,,0,0,,,,,,,0,0,,,,,,,0,0,,,,,,,0,0,,,,,,,0,0,,,,,0,0,0,0,0,0,0,0,34,"4,64",1,1,0,0,0,0,0,"3,7",0,0,62-290426,62-290426,62-290426,,
,65,29/04/2026,65-290426,65-NUCLEO 4-CALFERQUIM 1-G,b8888d93,6:00:00,22:00:00,35,74,74-KIESERITA-MANUCHAR 1-P,"0,1",3500,27/04/2026,,,,05,5-SULFATO CALCIO-AGROINSUMOS 2-P,"0,15",5250,20/04/2026,,,,274,274-SILICATO MAGNESIO-JULIAN SALDARRIAGA 1-P,"0,4",14000,15/04/2026,,,,105,105-CARBONATO CALCIO-JAMAROL 3-P,"0,25",8750,25/04/2026,,,,120,120-CAL DOLOMITA-BM 1-P,"0,1",3500,25/03/2026,,,,,,0,0,,,,,,,0,0,,,,,,,0,0,,,,,,,0,0,,,,,,,0,0,,,,,,,0,0,,,,,0,0,0,0,0,0,0,0,"16,7","17,44","3,95","3,95",0,0,0,0,0,"14,79",0,0,65-290426,65-290426,65-290426,,
,574,29/04/2026,574-290426,574-NUCLEO FOSFORO 1-CALFERQUIM 1-G,8c6f2572,6:00:00,22:00:00,35,74,74-KIESERITA-MANUCHAR 1-P,"0,05",1750,27/04/2026,,,,111,111-BENTONITA ROJA-COMERCIALIZADORA HA 3-P,"0,1",3500,16/04/2026,,,,120,120-CAL DOLOMITA-BM 1-P,"0,05",1750,25/03/2026,,,,274,274-SILICATO MAGNESIO-JULIAN SALDARRIAGA 1-P,"0,05",1750,16/04/2026,,,,290,290-ROCA FOSFORICA-26-PRACO 1-P,"0,75",26250,27/04/2026,,,,,,0,0,,,,,,,0,0,,,,,,,0,0,,,,,,,0,0,,,,,,,0,0,,,,,,,0,0,,,,,0,0,0,0,0,0,"19,5",0,"28,7","3,74",1,1,0,0,0,0,0,"6,55",0,0,574-290426,574-290426,574-290426,,
,679,29/04/2026,679-290426,679-NUCLEO FOSFORO 10-CALFERQUIM 1-G,eb47d71e,6:00:00,22:00:00,35,74,74-KIESERITA-MANUCHAR 1-P,"0,05",1750,27/04/2026,,,,5,5-SULFATO CALCIO-ANIBAL ARANGO 1-P,"0,3",10500,20/04/2026,,,,105,105-CARBONATO CALCIO-JAMAROL 3-P,"0,15",5250,25/04/2026,27/04/2026,,,111,370-BENTONITA GRIS-COMERCIALIZADORA HA 4-P,"0,05",1750,27/04/2026,,,,290,290-ROCA FOSFORICA-26-PRACO 1-P,"0,45",15750,27/04/2026,,,,,,0,0,,,,,,,0,0,,,,,,,0,0,,,,,,,0,0,,,,,,,0,0,,,,,,,0,0,,,,,0,0,0,0,0,0,"11,7","0,1","29,1","1,45","4,9","4,9",0,0,0,0,0,"2,85",0,0,679-290426,679-290426,679-290426,,
,997,30/04/2026,997-300426,997-SULFATO ZINC 22-CALFERQUIM 1-P,15fbab7a,6:00:00,22:00:00,35,23,23-SULFATO DE ZINC 35%-IMPORTADO 2-P,"0,68",23800,,,,,74,74-KIESERITA-MANUCHAR 1-P,"0,05",1750,,,,,105,105-CARBONATO CALCIO-JAMAROL 3-P,"0,08",2800,,,,,370,370-BENTONITA GRIS-COMERCIALIZADORA HA 4-P,"0,2",7000,,,,,,,0,0,,,,,,,0,0,,,,,,,0,0,,,,,,,0,0,,,,,,,0,0,,,,,,,0,0,,,,,,,0,0,,,,,0,0,0,0,0,0,0,"0,4","4,4","2,05",1,1,0,0,0,0,0,"11,4","23,8",0,997-300426,997-300426,997-300426,,
,65,30/04/2026,65-300426,65-NUCLEO 4-CALFERQUIM 1-G,b8888d93,6:00:00,22:00:00,35,74,74-KIESERITA-MANUCHAR 1-P,"0,1",3500,27/04/2026,,,,05,5-SULFATO CALCIO-AGROINSUMOS 2-P,"0,15",5250,13/04/2026,,,,274,274-SILICATO MAGNESIO-JULIAN SALDARRIAGA 1-P,"0,4",14000,15/04/2026,,,,105,105-CARBONATO CALCIO-JAMAROL 3-P,"0,25",8750,27/04/2026,,,,120,120-CAL DOLOMITA-BM 1-P,"0,1",3500,25/03/2026,,,,,,0,0,,,,,,,0,0,,,,,,,0,0,,,,,,,0,0,,,,,,,0,0,,,,,,,0,0,,,,,0,0,0,0,0,0,0,0,"16,7","17,44","3,95","3,95",0,0,0,0,0,"14,79",0,0,65-300426,65-300426,65-300426,,
,803,01/05/2026,803-010526,803-NUCLEO MAGNESIO-S-CALFERQUIM 1-G,36dd6618,6:00:00,22:00:00,35,05,5-SULFATO CALCIO-ANIBAL ARANGO 1-P,"0,44",15400,18/04/2026,,,,74,74-KIESERITA-MANUCHAR 1-P,"0,18",6300,27/04/2026,,,,111,111-BENTONITA ROJA-COMERCIALIZADORA HA 3-P,"0,07",2450,16/04/2026,,,,274,274-SILICATO MAGNESIO-JULIAN SALDARRIAGA 1-P,"0,31",10850,18/04/2026,,,,,,0,0,,,,,,,0,0,,,,,,,0,0,,,,,,,0,0,,,,,,,0,0,,,,,,,0,0,,,,,,,0,0,,,,,0,0,0,0,0,0,0,0,"9,68","15,07","9,32","9,32",0,0,0,0,0,"14,75",0,0,803-010526,803-010526,803-010526,,
,65,03/05/2026,65-030526,65-NUCLEO 4-CALFERQUIM 1-G,b8888d93,6:00:00,22:00:00,35,74,74-KIESERITA-MANUCHAR 1-P,"0,1",3500,27/04/2026,,,,05,5-SULFATO CALCIO-AGROINSUMOS 2-P,"0,15",5250,13/04/2026,,,,274,274-SILICATO MAGNESIO-JULIAN SALDARRIAGA 1-P,"0,4",14000,09/04/2026,,,,105,105-CARBONATO CALCIO-JAMAROL 3-P,"0,25",8750,27/05/2026,,,,120,120-CAL DOLOMITA-BM 1-P,"0,1",3500,25/03/2026,,,,,,0,0,,,,,,,0,0,,,,,,,0,0,,,,,,,0,0,,,,,,,0,0,,,,,,,0,0,,,,,0,0,0,0,0,0,0,0,"16,7","17,44","3,95","3,95",0,0,0,0,0,"14,79",0,0,65-030526,65-030526,65-030526,,
,563,04/05/2026,563-040526,563-NUCLEO CAMASI YARA-CALFERQUIM 1-G,2973a862,6:00:00,22:00:00,35,74,74-KIESERITA-MANUCHAR 1-P,"0,05",1750,27/04/2026,,,,105,105-CARBONATO CALCIO-JAMAROL 3-P,"0,6",21000,28/04/2026,,,,370,370-BENTONITA GRIS-FERTICAUCA 3-P,"0,25",8750,27/04/2026,,,,274,274-SILICATO MAGNESIO-JULIAN SALDARRIAGA 1-P,"0,1",3500,07/04/2026,,,,,,0,0,,,,,,,0,0,,,,,,,0,0,,,,,,,0,0,,,,,,,0,0,,,,,,,0,0,,,,,,,0,0,,,,,0,0,0,0,0,0,0,"0,5","25,5","5,64",1,1,0,0,0,0,0,"17,95",0,0,563-040526,563-040526,563-040526,,
,62,04/05/2026,62-040526,62-NUCLEO CAMASI GRIS-CALFERQUIM 1-G,818ad5b2,6:00:00,22:00:00,35,74,74-KIESERITA-MANUCHAR 1-P,"0,05",1750,27/04/2026,,,,274,274-SILICATO MAGNESIO-JULIAN SALDARRIAGA 1-P,"0,1",3500,07/04/2026,,,,105,105-CARBONATO CALCIO-JAMAROL 3-P,"0,85",29750,28/05/2026,29/05/2026,,,,,0,0,,,,,,,0,0,,,,,,,0,0,,,,,,,0,0,,,,,,,0,0,,,,,,,0,0,,,,,,,0,0,,,,,,,0,0,,,,,0,0,0,0,0,0,0,0,34,"4,64",1,1,0,0,0,0,0,"3,7",0,0,62-040526,62-040526,62-040526,,
,558,05/05/2026,558-050526,558-NUCLEO MAGNESIO-SILICIO EM-CALFERQUIM 1-G,c61b89df,6:00:00,22:00:00,35,74,74-KIESERITA-MANUCHAR 1-P,"0,05",1750,27/04/2026,,,,274,274-SILICATO MAGNESIO-JULIAN SALDARRIAGA 1-P,"0,9",31500,16/04/2026,20/04/2026,,,110,111-BENTONITA ROJA-COMERCIALIZADORA HA 3-P,"0,05",1750,15/04/2026,,,,,,0,0,,,,,,,0,0,,,,,,,0,0,,,,,,,0,0,,,,,,,0,0,,,,,,,0,0,,,,,,,0,0,,,,,,,0,0,,,,,0,0,0,0,0,0,0,0,0,"31,77",1,1,0,0,0,0,0,"35,63",0,0,558-050526,558-050526,558-050526,,
,571,05/05/2026,571-050526,574-NUCLEO FOSFORO 1-CALFERQUIM 1-G,8c6f2572,6:00:00,22:00:00,35,74,74-KIESERITA-MANUCHAR 1-P,"0,05",1750,27/04/2026,,,,111,111-BENTONITA ROJA-COMERCIALIZADORA HA 3-P,"0,1",3500,15/04/2026,,,,120,120-CAL DOLOMITA-BM 1-P,"0,05",1750,25/03/2026,,,,274,274-SILICATO MAGNESIO-JULIAN SALDARRIAGA 1-P,"0,05",1750,18/04/2026,,,,290,290-ROCA FOSFORICA-26-PRACO 1-P,"0,75",26250,27/04/2026,,,,,,0,0,,,,,,,0,0,,,,,,,0,0,,,,,,,0,0,,,,,,,0,0,,,,,,,0,0,,,,,0,0,0,0,0,0,"19,5",0,"28,7","3,74",1,1,0,0,0,0,0,"6,55",0,0,571-050526,571-050526,571-050526,,
,123,05/05/2026,123-050526,123-BORO G-CALFERQUIM 1-G,2a778117,6:00:00,22:00:00,35,53,53-POLVILLO BORO-CALFERQUIM 1-,0,0,,,,,,,0,0,,,,,,,0,0,,,,,,,0,0,,,,,,,0,0,,,,,,,0,0,,,,,,,0,0,,,,,,,0,0,,,,,,,0,0,,,,,,,0,0,,,,,,,0,0,,,,,0,0,0,0,0,0,0,0,0,0,0,0,0,0,0,0,0,0,0,0,123-050526,123-050526,123-050526,,
,65,05/05/2026,65-050526,65-NUCLEO 4-CALFERQUIM 1-G,b8888d93,6:00:00,22:00:00,35,74,74-KIESERITA-MANUCHAR 1-P,"0,1",3500,28/04/2026,,,,05,5-SULFATO CALCIO-AGROINSUMOS 2-P,"0,15",5250,24/04/2026,,,,274,274-SILICATO MAGNESIO-JULIAN SALDARRIAGA 1-P,"0,4",14000,25/05/2026,,,,105,105-CARBONATO CALCIO-JAMAROL 3-P,"0,25",8750,05/05/2026,,,,120,120-CAL DOLOMITA-BM 1-P,"0,1",3500,02/05/2026,,,,,,0,0,,,,,,,0,0,,,,,,,0,0,,,,,,,0,0,,,,,,,0,0,,,,,,,0,0,,,,,0,0,0,0,0,0,0,0,"16,7","17,44","3,95","3,95",0,0,0,0,0,"14,79",0,0,65-050526,65-050526,65-050526,,
,65,06/05/2026,65-060526,65-NUCLEO 4-CALFERQUIM 1-G,b8888d93,6:00:00,22:00:00,35,74,74-KIESERITA-MANUCHAR 1-P,"0,1",3500,28/04/2026,,,,05,5-SULFATO CALCIO-AGROINSUMOS 2-P,"0,15",5250,24/04/2026,,,,274,274-SILICATO MAGNESIO-JULIAN SALDARRIAGA 1-P,"0,4",14000,25/04/2026,,,,105,105-CARBONATO CALCIO-JAMAROL 3-P,"0,25",8750,05/05/2026,06/05/2026,,,120,120-CAL DOLOMITA-BM 1-P,"0,1",3500,02/05/2026,,,,,,0,0,,,,,,,0,0,,,,,,,0,0,,,,,,,0,0,,,,,,,0,0,,,,,,,0,0,,,,,0,0,0,0,0,0,0,0,"16,7","17,44","3,95","3,95",0,0,0,0,0,"14,79",0,0,65-060526,65-060526,65-060526,,
,563,06/05/2026,563-060526,563-NUCLEO CAMASI YARA-CALFERQUIM 1-G,2973a862,6:00:00,22:00:00,35,74,74-KIESERITA-MANUCHAR 1-P,"0,05",1750,28/04/2026,,,,105,105-CARBONATO CALCIO-JAMAROL 3-P,"0,6",21000,06/05/2026,,,,370,370-BENTONITA GRIS-FERTICAUCA 3-P,"0,25",8750,04/05/2026,,,,274,274-SILICATO MAGNESIO-JULIAN SALDARRIAGA 1-P,"0,1",3500,25/04/2026,,,,,,0,0,,,,,,,0,0,,,,,,,0,0,,,,,,,0,0,,,,,,,0,0,,,,,,,0,0,,,,,,,0,0,,,,,0,0,0,0,0,0,0,"0,5","25,5","5,64",1,1,0,0,0,0,0,"17,95",0,0,563-060526,563-060526,563-060526,,
,574,06/05/2026,574-060526,574-NUCLEO FOSFORO 1-CALFERQUIM 1-G,8c6f2572,6:00:00,22:00:00,35,74,74-KIESERITA-MANUCHAR 1-P,"0,05",1750,28/04/2026,,,,111,111-BENTONITA ROJA-COMERCIALIZADORA HA 3-P,"0,1",3500,16/04/2026,,,,120,120-CAL DOLOMITA-BM 1-P,"0,05",1750,02/05/2026,,,,274,274-SILICATO MAGNESIO-JULIAN SALDARRIAGA 1-P,"0,05",1750,25/04/2026,,,,290,290-ROCA FOSFORICA-26-PRACO 1-P,"0,75",26250,06/05/2026,,,,,,0,0,,,,,,,0,0,,,,,,,0,0,,,,,,,0,0,,,,,,,0,0,,,,,,,0,0,,,,,0,0,0,0,0,0,"19,5",0,"28,7","3,74",1,1,0,0,0,0,0,"6,55",0,0,574-060526,574-060526,574-060526,,
,65,07/05/2026,65-070526,65-NUCLEO 4-CALFERQUIM 1-G,b8888d93,6:00:00,22:00:00,35,74,74-KIESERITA-MANUCHAR 1-P,"0,1",3500,28/04/2026,,,,05,5-SULFATO CALCIO-AGROINSUMOS 2-P,"0,15",5250,24/04/2026,,,,274,274-SILICATO MAGNESIO-JULIAN SALDARRIAGA 1-P,"0,4",14000,25/04/2026,,,,105,105-CARBONATO CALCIO-JAMAROL 3-P,"0,25",8750,06/05/2026,,,,120,120-CAL DOLOMITA-BM 1-P,"0,1",3500,02/05/2026,,,,,,0,0,,,,,,,0,0,,,,,,,0,0,,,,,,,0,0,,,,,,,0,0,,,,,,,0,0,,,,,0,0,0,0,0,0,0,0,"16,7","17,44","3,95","3,95",0,0,0,0,0,"14,79",0,0,65-070526,65-070526,65-070526,,
,563,07/05/2026,563-070526,563-NUCLEO CAMASI YARA-CALFERQUIM 1-G,2973a862,6:00:00,22:00:00,35,74,74-KIESERITA-MANUCHAR 1-P,"0,05",1750,28/04/2026,,,,105,105-CARBONATO CALCIO-JAMAROL 3-P,"0,6",21000,06/05/2026,,,,370,370-BENTONITA GRIS-FERTICAUCA 3-P,"0,25",8750,04/05/2026,,,,274,274-SILICATO MAGNESIO-JULIAN SALDARRIAGA 1-P,"0,1",3500,25/04/2026,,,,,,0,0,,,,,,,0,0,,,,,,,0,0,,,,,,,0,0,,,,,,,0,0,,,,,,,0,0,,,,,,,0,0,,,,,0,0,0,0,0,0,0,"0,5","25,5","5,64",1,1,0,0,0,0,0,"17,95",0,0,563-070526,563-070526,563-070526,,
,141,07/05/2026,141-070526,141-FE SULFATO CALCIO P-CALFERQUIM 1-G,31552b24,6:00:00,22:00:00,35,74,74-KIESERITA-MANUCHAR 1-P,"0,1",3500,28/04/2026,,,,,,0,0,,,,,370,370-BENTONITA GRIS-COMERCIALIZADORA HA 4-P,"0,05",1750,06/05/2026,,,,5,5-SULFATO CALCIO-ANIBAL ARANGO 1-P,"0,65",22750,24/04/2026,,,,105,105-CARBONATO CALCIO-AGROCALES 1-P,"0,2",7000,06/05/2026,07/05/2026,,,,,0,0,,,,,,,0,0,,,,,,,0,0,,,,,,,0,0,,,,,,,0,0,,,,,,,0,0,,,,,0,0,0,0,0,0,0,"0,1","22,6","2,7","10,45","10,45",0,0,0,0,0,"2,85",0,0,141-070526,141-070526,141-070526,,
,160,07/05/2026,160-070526,160-ZUELO CA-CALFERQUIM 1-G,478c4161,6:00:00,22:00:00,35,05,5-SULFATO CALCIO-ANIBAL ARANGO 1-P,"0,25",8750,24/04/2026,,,,16,16-ULEXITA-ULEXANDER/IMPORTADA 3-P,"0,02",700,25/08/2025,,,,74,74-KIESERITA-MANUCHAR 1-P,"0,05",1750,28/04/2026,,,,370,110-CAOLIN GRIS- 1-P,"0,1",3500,06/05/2026,,,,120,120-CAL DOLOMITA-BM 1-P,"0,4",14000,02/05/2026,,,,274,274-SILICATO MAGNESIO-JULIAN SALDARRIAGA 1-P,"0,05",1750,24/04/2026,,,,290,31-ROCA FOSFÓRICA-FOSFATOS HUILA 1-P,"0,13",4550,06/05/2026,,,,,,0,0,,,,,,,0,0,,,,,,,0,0,,,,,,,0,0,,,,,0,0,0,0,0,0,"4,03",0,"23,96","8,56","4,25","4,25",0,0,"0,05",0,0,"6,55",0,0,160-070526,160-070526,160-070526,,
,574,08/05/2026,574-080526,574-NUCLEO FOSFORO 1-CALFERQUIM 1-G,8c6f2572,6:00:00,22:00:00,35,74,74-KIESERITA-MANUCHAR 1-P,"0,05",1750,28/04/2026,,,,111,111-BENTONITA ROJA-COMERCIALIZADORA HA 3-P,"0,1",3500,28/05/2026,,,,120,120-CAL DOLOMITA-BM 1-P,"0,05",1750,02/05/2026,,,,274,274-SILICATO MAGNESIO-JULIAN SALDARRIAGA 1-P,"0,05",1750,28/04/2026,,,,290,290-ROCA FOSFORICA-26-PRACO 1-P,"0,75",26250,06/05/2026,,,,,,0,0,,,,,,,0,0,,,,,,,0,0,,,,,,,0,0,,,,,,,0,0,,,,,,,0,0,,,,,0,0,0,0,0,0,"19,5",0,"28,7","3,74",1,1,0,0,0,0,0,"6,55",0,0,574-080526,574-080526,574-080526,,
,452,08/05/2026,452-080526,452-NUCLEO CAMASI ROJO-CALFERQUIM 1-G,f2428711,6:00:00,22:00:00,35,74,74-KIESERITA-MANUCHAR 1-P,"0,05",1750,04/05/2026,,,,111,111-BENTONITA ROJA-COMERCIALIZADORA HA 3-P,"0,6",21000,28/04/2026,,,,105,105-CARBONATO CALCIO-JAMAROL 3-P,"0,35",12250,07/05/2026,08/05/2026,,,,,0,0,,,,,,,0,0,,,,,,,0,0,,,,,,,0,0,,,,,,,0,0,,,,,,,0,0,,,,,,,0,0,,,,,,,0,0,,,,,0,0,0,0,0,0,0,0,14,"1,85",1,1,0,0,0,0,0,"28,2",0,0,452-080526,452-080526,452-080526,,
,62,08/05/2026,62-080526,62-NUCLEO CAMASI GRIS-CALFERQUIM 1-G,818ad5b2,6:00:00,22:00:00,35,74,74-KIESERITA-MANUCHAR 1-P,"0,05",1750,04/05/2026,,,,274,274-SILICATO MAGNESIO-JULIAN SALDARRIAGA 1-P,"0,1",3500,28/04/2026,,,,105,105-CARBONATO CALCIO-JAMAROL 3-P,"0,85",29750,07/05/2026,08/05/2026,,,,,0,0,,,,,,,0,0,,,,,,,0,0,,,,,,,0,0,,,,,,,0,0,,,,,,,0,0,,,,,,,0,0,,,,,,,0,0,,,,,0,0,0,0,0,0,0,0,34,"4,64",1,1,0,0,0,0,0,"3,7",0,0,62-080526,62-080526,62-080526,,
,65,09/05/2026,65-090526,65-NUCLEO 4-CALFERQUIM 1-G,b8888d93,6:00:00,22:00:00,35,74,74-KIESERITA-MANUCHAR 1-P,"0,1",3500,04/05/2026,,,,05,5-SULFATO CALCIO-AGROINSUMOS 2-P,"0,15",5250,25/04/2026,,,,274,274-SILICATO MAGNESIO-JULIAN SALDARRIAGA 1-P,"0,4",14000,28/04/2026,,,,105,105-CARBONATO CALCIO-JAMAROL 3-P,"0,25",8750,08/05/2026,09/05/2026,,,120,120-CAL DOLOMITA-BM 1-P,"0,1",3500,02/05/2026,,,,,,0,0,,,,,,,0,0,,,,,,,0,0,,,,,,,0,0,,,,,,,0,0,,,,,,,0,0,,,,,0,0,0,0,0,0,0,0,"16,7","17,44","3,95","3,95",0,0,0,0,0,"14,79",0,0,65-090526,65-090526,65-090526,,
,803,11/05/2026,803-110526,803-NUCLEO MAGNESIO-S-CALFERQUIM 1-G,36dd6618,6:00:00,22:00:00,35,05,5-SULFATO CALCIO-ANIBAL ARANGO 1-P,"0,44",15400,25/04/2026,,,,74,74-KIESERITA-MANUCHAR 1-P,"0,18",6300,04/05/2026,,,,111,111-BENTONITA ROJA-COMERCIALIZADORA HA 3-P,"0,07",2450,28/04/2026,,,,274,274-SILICATO MAGNESIO-JULIAN SALDARRIAGA 1-P,"0,31",10850,29/04/2026,,,,,,0,0,,,,,,,0,0,,,,,,,0,0,,,,,,,0,0,,,,,,,0,0,,,,,,,0,0,,,,,,,0,0,,,,,0,0,0,0,0,0,0,0,"9,68","15,07","9,32","9,32",0,0,0,0,0,"14,75",0,0,803-110526,803-110526,803-110526,,
,62,11/05/2026,62-110526,62-NUCLEO CAMASI GRIS-CALFERQUIM 1-G,818ad5b2,6:00:00,22:00:00,35,74,74-KIESERITA-MANUCHAR 1-P,"0,05",1750,04/05/2026,,,,274,274-SILICATO MAGNESIO-JULIAN SALDARRIAGA 1-P,"0,1",3500,29/04/2026,,,,105,105-CARBONATO CALCIO-JAMAROL 3-P,"0,85",29750,08/05/2026,09/05/2026,,,,,0,0,,,,,,,0,0,,,,,,,0,0,,,,,,,0,0,,,,,,,0,0,,,,,,,0,0,,,,,,,0,0,,,,,,,0,0,,,,,0,0,0,0,0,0,0,0,34,"4,64",1,1,0,0,0,0,0,"3,7",0,0,62-110526,62-110526,62-110526,,
,679,11/05/2026,679-110526,679-NUCLEO FOSFORO 10-CALFERQUIM 1-G,eb47d71e,6:00:00,22:00:00,35,74,74-KIESERITA-MANUCHAR 1-P,"0,05",1750,04/05/2026,,,,5,5-SULFATO CALCIO-ANIBAL ARANGO 1-P,"0,3",10500,29/04/2026,,,,105,105-CARBONATO CALCIO-JAMAROL 3-P,"0,15",5250,09/05/2026,11/05/2026,,,111,370-BENTONITA GRIS-COMERCIALIZADORA HA 4-P,"0,05",1750,08/05/2026,11/05/2026,,,290,290-ROCA FOSFORICA-26-PRACO 1-P,"0,45",15750,06/05/2026,,,,,,0,0,,,,,,,0,0,,,,,,,0,0,,,,,,,0,0,,,,,,,0,0,,,,,,,0,0,,,,,0,0,0,0,0,0,"11,7","0,1","29,1","1,45","4,9","4,9",0,0,0,0,0,"2,85",0,0,679-110526,679-110526,679-110526,,
,62,12/05/2026,62-120526,62-NUCLEO CAMASI GRIS-CALFERQUIM 1-G,818ad5b2,6:00:00,22:00:00,35,74,74-KIESERITA-MANUCHAR 1-P,"0,05",1750,04/05/2026,,,,274,274-SILICATO MAGNESIO-JULIAN SALDARRIAGA 1-P,"0,1",3500,02/05/2026,,,,105,105-CARBONATO CALCIO-JAMAROL 3-P,"0,85",29750,08/05/2026,,,,,,0,0,,,,,,,0,0,,,,,,,0,0,,,,,,,0,0,,,,,,,0,0,,,,,,,0,0,,,,,,,0,0,,,,,,,0,0,,,,,0,0,0,0,0,0,0,0,34,"4,64",1,1,0,0,0,0,0,"3,7",0,0,62-120526,62-120526,62-120526,,
,141,12/05/2026,141-120526,141-FE SULFATO CALCIO P-CALFERQUIM 1-G,31552b24,6:00:00,22:00:00,35,74,74-KIESERITA-MANUCHAR 1-P,"0,1",3500,04/05/2026,,,,,,0,0,,,,,370,370-BENTONITA GRIS-COMERCIALIZADORA HA 4-P,"0,05",1750,11/05/2026,,,,5,5-SULFATO CALCIO-ANIBAL ARANGO 1-P,"0,65",22750,06/05/2026,,,,105,105-CARBONATO CALCIO-AGROCALES 1-P,"0,2",7000,08/05/2026,,,,,,0,0,,,,,,,0,0,,,,,,,0,0,,,,,,,0,0,,,,,,,0,0,,,,,,,0,0,,,,,0,0,0,0,0,0,0,"0,1","22,6","2,7","10,45","10,45",0,0,0,0,0,"2,85",0,0,141-120526,141-120526,141-120526,,
,154,12/05/2026,154-120526,154-MAGNE 3-CALFERQUIM 1-G,7b8b841a,6:00:00,22:00:00,35,05,5-SULFATO CALCIO-ANIBAL ARANGO 1-P,"0,15",5250,06/05/2026,,,,57,57-OXIDO MAGNESIO-ATEQUIMICOS 1-P,"0,1",3500,11/05/2026,,,,74,74-KIESERITA-MANUCHAR 1-P,"0,2",7000,04/05/2026,,,,105,105-CARBONATO CALCIO-AGROCALES 1-P,"0,05",1750,09/05/2026,,,,143,143-KCL STD-DISAN 1-P,"0,05",1750,04/02/2026,,,,274,274-SILICATO MAGNESIO-JULIAN SALDARRIAGA 1-P,"0,4",14000,02/05/2026,,,,370,370-BENTONITA GRIS-COMERCIALIZADORA HA 4-P,"0,05",1750,12/05/2026,,,,,,0,0,,,,,,,0,0,,,,,,,0,0,,,,,,,0,0,,,,,0,0,0,0,0,0,0,"3,1","5,9","27,74","5,95","5,95",0,0,0,0,0,"18,14",0,0,154-120526,154-120526,154-120526,,
,62,13/05/2026,62-130526,62-NUCLEO CAMASI GRIS-CALFERQUIM 1-G,818ad5b2,6:00:00,22:00:00,35,74,74-KIESERITA-MANUCHAR 1-P,"0,05",1750,06/05/2026,,,,274,274-SILICATO MAGNESIO-JULIAN SALDARRIAGA 1-P,"0,1",3500,02/05/2026,,,,105,105-CARBONATO CALCIO-JAMAROL 3-P,"0,85",29750,09/05/2026,11/05/2026,12/05/2026,,,,0,0,,,,,,,0,0,,,,,,,0,0,,,,,,,0,0,,,,,,,0,0,,,,,,,0,0,,,,,,,0,0,,,,,,,0,0,,,,,0,0,0,0,0,0,0,0,34,"4,64",1,1,0,0,0,0,0,"3,7",0,0,62-130526,62-130526,62-130526,,
,65,13/05/2026,65-130526,65-NUCLEO 4-CALFERQUIM 1-G,b8888d93,6:00:00,22:00:00,35,74,74-KIESERITA-MANUCHAR 1-P,"0,1",3500,06/05/2026,,,,05,5-SULFATO CALCIO-AGROINSUMOS 2-P,"0,15",5250,25/04/2026,,,,274,274-SILICATO MAGNESIO-JULIAN SALDARRIAGA 1-P,"0,4",14000,02/05/2026,,,,105,105-CARBONATO CALCIO-JAMAROL 3-P,"0,25",8750,12/05/2026,13/05/2026,,,120,120-CAL DOLOMITA-BM 1-P,"0,1",3500,,,,,,,0,0,,,,,,,0,0,,,,,,,0,0,,,,,,,0,0,,,,,,,0,0,,,,,,,0,0,,,,,0,0,0,0,0,0,0,0,"16,7","17,44","3,95","3,95",0,0,0,0,0,"14,79",0,0,65-130526,65-130526,65-130526,,
,574,13/05/2026,574-130526,574-NUCLEO FOSFORO 1-CALFERQUIM 1-G,8c6f2572,6:00:00,22:00:00,35,74,74-KIESERITA-MANUCHAR 1-P,"0,05",1750,06/05/2026,,,,111,111-BENTONITA ROJA-COMERCIALIZADORA HA 3-P,"0,1",3500,11/05/2026,,,,120,120-CAL DOLOMITA-BM 1-P,"0,05",1750,02/05/2026,,,,274,274-SILICATO MAGNESIO-JULIAN SALDARRIAGA 1-P,"0,05",1750,04/05/2026,,,,290,290-ROCA FOSFORICA-26-PRACO 1-P,"0,75",26250,06/05/2026,13/05/2026,,,,,0,0,,,,,,,0,0,,,,,,,0,0,,,,,,,0,0,,,,,,,0,0,,,,,,,0,0,,,,,0,0,0,0,0,0,"19,5",0,"28,7","3,74",1,1,0,0,0,0,0,"6,55",0,0,574-130526,574-130526,574-130526,,
,679,13/05/2026,679-130526,679-NUCLEO FOSFORO 10-CALFERQUIM 1-G,eb47d71e,6:00:00,22:00:00,35,74,74-KIESERITA-MANUCHAR 1-P,"0,05",1750,06/05/2026,,,,5,5-SULFATO CALCIO-ANIBAL ARANGO 1-P,"0,3",10500,29/04/2026,,,,105,105-CARBONATO CALCIO-JAMAROL 3-P,"0,15",5250,13/05/2026,,,,111,370-BENTONITA GRIS-COMERCIALIZADORA HA 4-P,"0,05",1750,13/05/2026,,,,290,290-ROCA FOSFORICA-26-PRACO 1-P,"0,45",15750,06/05/2026,13/05/2026,,,,,0,0,,,,,,,0,0,,,,,,,0,0,,,,,,,0,0,,,,,,,0,0,,,,,,,0,0,,,,,0,0,0,0,0,0,"11,7","0,1","29,1","1,45","4,9","4,9",0,0,0,0,0,"2,85",0,0,679-130526,679-130526,679-130526,,
,65,14/05/2026,65-140526,65-NUCLEO 4-CALFERQUIM 1-G,b8888d93,6:00:00,22:00:00,35,74,74-KIESERITA-MANUCHAR 1-P,"0,1",3500,06/05/2026,,,,05,5-SULFATO CALCIO-AGROINSUMOS 2-P,"0,15",5250,06/05/2026,,,,274,274-SILICATO MAGNESIO-JULIAN SALDARRIAGA 1-P,"0,4",14000,04/05/2026,,,,105,105-CARBONATO CALCIO-JAMAROL 3-P,"0,25",8750,13/05/2026,14/05/2026,,,120,120-CAL DOLOMITA-BM 1-P,"0,1",3500,14/05/2026,,,,,,0,0,,,,,,,0,0,,,,,,,0,0,,,,,,,0,0,,,,,,,0,0,,,,,,,0,0,,,,,0,0,0,0,0,0,0,0,"16,7","17,44","3,95","3,95",0,0,0,0,0,"14,79",0,0,65-140526,65-140526,65-140526,,
,558,14/05/2026,558-140526,558-NUCLEO MAGNESIO-SILICIO EM-CALFERQUIM 1-G,c61b89df,6:00:00,22:00:00,35,74,74-KIESERITA-MANUCHAR 1-P,"0,05",1750,06/05/2026,,,,274,274-SILICATO MAGNESIO-JULIAN SALDARRIAGA 1-P,"0,9",31500,04/05/2026,,,,110,111-BENTONITA ROJA-COMERCIALIZADORA HA 3-P,"0,05",1750,11/05/2026,,,,,,0,0,,,,,,,0,0,,,,,,,0,0,,,,,,,0,0,,,,,,,0,0,,,,,,,0,0,,,,,,,0,0,,,,,,,0,0,,,,,0,0,0,0,0,0,0,0,0,"31,77",1,1,0,0,0,0,0,"35,63",0,0,558-140526,558-140526,558-140526,,
,65,15/05/2026,65-150526,65-NUCLEO 4-CALFERQUIM 1-G,b8888d93,6:00:00,22:00:00,35,74,74-KIESERITA-MANUCHAR 1-P,"0,1",3500,06/05/2026,,,,05,5-SULFATO CALCIO-AGROINSUMOS 2-P,"0,15",5250,06/05/2026,,,,274,274-SILICATO MAGNESIO-JULIAN SALDARRIAGA 1-P,"0,4",14000,08/05/2026,,,,105,105-CARBONATO CALCIO-JAMAROL 3-P,"0,25",8750,13/05/2026,14/05/2026,,,120,120-CAL DOLOMITA-BM 1-P,"0,1",3500,14/05/2026,,,,,,0,0,,,,,,,0,0,,,,,,,0,0,,,,,,,0,0,,,,,,,0,0,,,,,,,0,0,,,,,0,0,0,0,0,0,0,0,"16,7","17,44","3,95","3,95",0,0,0,0,0,"14,79",0,0,65-150526,65-150526,65-150526,,
,679,15/05/2026,679-150526,679-NUCLEO FOSFORO 10-CALFERQUIM 1-G,eb47d71e,6:00:00,22:00:00,35,74,74-KIESERITA-MANUCHAR 1-P,"0,05",1750,06/05/2026,,,,5,5-SULFATO CALCIO-ANIBAL ARANGO 1-P,"0,3",10500,06/05/2026,,,,105,105-CARBONATO CALCIO-JAMAROL 3-P,"0,15",5250,14/05/2026,,,,111,370-BENTONITA GRIS-COMERCIALIZADORA HA 4-P,"0,05",1750,14/05/2026,,,,290,290-ROCA FOSFORICA-26-PRACO 1-P,"0,45",15750,14/05/2026,,,,,,0,0,,,,,,,0,0,,,,,,,0,0,,,,,,,0,0,,,,,,,0,0,,,,,,,0,0,,,,,0,0,0,0,0,0,"11,7","0,1","29,1","1,45","4,9","4,9",0,0,0,0,0,"2,85",0,0,679-150526,679-150526,679-150526,,
,558,15/05/2026,558-150526,558-NUCLEO MAGNESIO-SILICIO EM-CALFERQUIM 1-G,c61b89df,6:00:00,22:00:00,35,74,74-KIESERITA-MANUCHAR 1-P,"0,05",1750,06/05/2026,,,,274,274-SILICATO MAGNESIO-JULIAN SALDARRIAGA 1-P,"0,9",31500,04/05/2026,08/05/2026,,,110,111-BENTONITA ROJA-COMERCIALIZADORA HA 3-P,"0,05",1750,12/05/2026,,,,,,0,0,,,,,,,0,0,,,,,,,0,0,,,,,,,0,0,,,,,,,0,0,,,,,,,0,0,,,,,,,0,0,,,,,,,0,0,,,,,0,0,0,0,0,0,0,0,0,"31,77",1,1,0,0,0,0,0,"35,63",0,0,558-150526,558-150526,558-150526,,
,62,15/05/2026,62-150526,62-NUCLEO CAMASI GRIS-CALFERQUIM 1-G,818ad5b2,6:00:00,22:00:00,35,74,74-KIESERITA-MANUCHAR 1-P,"0,05",1750,06/05/2026,,,,274,274-SILICATO MAGNESIO-JULIAN SALDARRIAGA 1-P,"0,1",3500,08/05/2026,,,,105,105-CARBONATO CALCIO-JAMAROL 3-P,"0,85",29750,14/05/2026,15/05/2026,,,,,0,0,,,,,,,0,0,,,,,,,0,0,,,,,,,0,0,,,,,,,0,0,,,,,,,0,0,,,,,,,0,0,,,,,,,0,0,,,,,0,0,0,0,0,0,0,0,34,"4,64",1,1,0,0,0,0,0,"3,7",0,0,62-150526,62-150526,62-150526,,
,574,14/05/2026,574-140526,574-NUCLEO FOSFORO 1-CALFERQUIM 1-G,8c6f2572,6:00:00,22:00:00,35,74,74-KIESERITA-MANUCHAR 1-P,"0,05",1750,06/05/2026,,,,111,111-BENTONITA ROJA-COMERCIALIZADORA HA 3-P,"0,1",3500,12/05/2026,,,,120,120-CAL DOLOMITA-BM 1-P,"0,05",1750,14/05/2026,,,,274,274-SILICATO MAGNESIO-JULIAN SALDARRIAGA 1-P,"0,05",1750,08/05/2026,,,,290,290-ROCA FOSFORICA-26-PRACO 1-P,"0,75",26250,14/05/2026,,,,,,0,0,,,,,,,0,0,,,,,,,0,0,,,,,,,0,0,,,,,,,0,0,,,,,,,0,0,,,,,0,0,0,0,0,0,"19,5",0,"28,7","3,74",1,1,0,0,0,0,0,"6,55",0,0,574-140526,574-140526,574-140526,,
,574,16/05/2026,574-160526,574-NUCLEO FOSFORO 1-CALFERQUIM 1-G,8c6f2572,6:00:00,22:00:00,35,74,74-KIESERITA-MANUCHAR 1-P,"0,05",1750,06/05/2026,,,,111,111-BENTONITA ROJA-COMERCIALIZADORA HA 3-P,"0,1",3500,12/05/2026,,,,120,120-CAL DOLOMITA-BM 1-P,"0,05",1750,14/05/2026,,,,274,274-SILICATO MAGNESIO-JULIAN SALDARRIAGA 1-P,"0,05",1750,08/05/2026,,,,290,290-ROCA FOSFORICA-26-PRACO 1-P,"0,75",26250,14/05/2026,,,,,,0,0,,,,,,,0,0,,,,,,,0,0,,,,,,,0,0,,,,,,,0,0,,,,,,,0,0,,,,,0,0,0,0,0,0,"19,5",0,"28,7","3,74",1,1,0,0,0,0,0,"6,55",0,0,574-160526,574-160526,574-160526,,
,563,17/05/2026,563-170526,563-NUCLEO CAMASI YARA-CALFERQUIM 1-G,2973a862,6:00:00,22:00:00,35,74,74-KIESERITA-MANUCHAR 1-P,"0,05",1750,09/05/2026,,,,105,105-CARBONATO CALCIO-JAMAROL 3-P,"0,6",21000,15/05/2026,,,,370,370-BENTONITA GRIS-FERTICAUCA 3-P,"0,25",8750,15/05/2026,,,,274,274-SILICATO MAGNESIO-JULIAN SALDARRIAGA 1-P,"0,1",3500,08/05/2026,,,,,,0,0,,,,,,,0,0,,,,,,,0,0,,,,,,,0,0,,,,,,,0,0,,,,,,,0,0,,,,,,,0,0,,,,,0,0,0,0,0,0,0,"0,5","25,5","5,64",1,1,0,0,0,0,0,"17,95",0,0,563-170526,563-170526,563-170526,,
,65,19/05/2026,65-190526,65-NUCLEO 4-CALFERQUIM 1-G,b8888d93,6:00:00,22:00:00,35,74,74-KIESERITA-MANUCHAR 1-P,"0,1",3500,09/05/2026,,,,05,5-SULFATO CALCIO-AGROINSUMOS 2-P,"0,15",5250,07/05/2026,,,,274,274-SILICATO MAGNESIO-JULIAN SALDARRIAGA 1-P,"0,4",14000,08/05/2026,,,,105,105-CARBONATO CALCIO-JAMAROL 3-P,"0,25",8750,16/05/2026,,,,120,120-CAL DOLOMITA-BM 1-P,"0,1",3500,14/05/2026,,,,,,0,0,,,,,,,0,0,,,,,,,0,0,,,,,,,0,0,,,,,,,0,0,,,,,,,0,0,,,,,0,0,0,0,0,0,0,0,"16,7","17,44","3,95","3,95",0,0,0,0,0,"14,79",0,0,65-190526,65-190526,65-190526,,
,141,19/05/2026,141-190526,141-FE SULFATO CALCIO P-CALFERQUIM 1-G,31552b24,6:00:00,22:00:00,35,74,74-KIESERITA-MANUCHAR 1-P,"0,1",3500,09/05/2026,,,,,,0,0,,,,,370,370-BENTONITA GRIS-COMERCIALIZADORA HA 4-P,"0,05",1750,15/05/2026,,,,5,5-SULFATO CALCIO-ANIBAL ARANGO 1-P,"0,65",22750,07/05/2026,,,,105,105-CARBONATO CALCIO-AGROCALES 1-P,"0,2",7000,16/05/2026,,,,,,0,0,,,,,,,0,0,,,,,,,0,0,,,,,,,0,0,,,,,,,0,0,,,,,,,0,0,,,,,0,0,0,0,0,0,0,"0,1","22,6","2,7","10,45","10,45",0,0,0,0,0,"2,85",0,0,141-190526,141-190526,141-190526,,
,558,19/05/2026,558-190526,558-NUCLEO MAGNESIO-SILICIO EM-CALFERQUIM 1-G,c61b89df,6:00:00,22:00:00,35,74,74-KIESERITA-MANUCHAR 1-P,"0,05",1750,09/05/2026,,,,274,274-SILICATO MAGNESIO-JULIAN SALDARRIAGA 1-P,"0,9",31500,08/05/2026,,,,110,111-BENTONITA ROJA-COMERCIALIZADORA HA 3-P,"0,05",1750,12/05/2026,,,,,,0,0,,,,,,,0,0,,,,,,,0,0,,,,,,,0,0,,,,,,,0,0,,,,,,,0,0,,,,,,,0,0,,,,,,,0,0,,,,,0,0,0,0,0,0,0,0,0,"31,77",1,1,0,0,0,0,0,"35,63",0,0,558-190526,558-190526,558-190526,,
,65,20/05/2026,65-200526,65-NUCLEO 4-CALFERQUIM 1-G,b8888d93,6:00:00,22:00:00,35,74,74-KIESERITA-MANUCHAR 1-P,"0,1",3500,06/05/2026,,,,05,5-SULFATO CALCIO-AGROINSUMOS 2-P,"0,15",5250,06/05/2026,,,,274,274-SILICATO MAGNESIO-JULIAN SALDARRIAGA 1-P,"0,4",14000,09/05/2026,,,,105,105-CARBONATO CALCIO-JAMAROL 3-P,"0,25",8750,19/05/2026,,,,120,120-CAL DOLOMITA-BM 1-P,"0,1",3500,19/05/2026,,,,,,0,0,,,,,,,0,0,,,,,,,0,0,,,,,,,0,0,,,,,,,0,0,,,,,,,0,0,,,,,0,0,0,0,0,0,0,0,"16,7","17,44","3,95","3,95",0,0,0,0,0,"14,79",0,0,65-200526,65-200526,65-200526,,
,558,20/05/2026,558-200526,558-NUCLEO MAGNESIO-SILICIO EM-CALFERQUIM 1-G,c61b89df,6:00:00,22:00:00,35,74,74-KIESERITA-MANUCHAR 1-P,"0,05",1750,06/05/2026,,,,274,274-SILICATO MAGNESIO-JULIAN SALDARRIAGA 1-P,"0,9",31500,08/05/2026,13/05/2026,,,110,111-BENTONITA ROJA-COMERCIALIZADORA HA 3-P,"0,05",1750,19/05/2026,,,,,,0,0,,,,,,,0,0,,,,,,,0,0,,,,,,,0,0,,,,,,,0,0,,,,,,,0,0,,,,,,,0,0,,,,,,,0,0,,,,,0,0,0,0,0,0,0,0,0,"31,77",1,1,0,0,0,0,0,"35,63",0,0,558-200526,558-200526,558-200526,,
,35,20/05/2026,35-200526,35-SILIMAGRAN-CALFERQUIM 1-G,4f3b37bb,6:00:00,22:00:00,35,74,74-KIESERITA-MANUCHAR 1-P,"0,07",2450,06/05/2026,,,,111,111-BENTONITA ROJA-FERTICAUCA 4-P,"0,02",700,19/05/2026,,,,274,274-SILICATO MAGNESIO-JULIAN SALDARRIAGA 1-P,"0,75",26250,29/04/2026,,,,290,31-ROCA FOSFÓRICA-FOSFATOS HUILA 1-P,"0,15",5250,14/05/2026,,,,,,0,0,,,,,,,0,0,,,,,,,0,0,,,,,,,0,0,,,,,,,0,0,,,,,,,0,0,,,,,,,0,0,,,,,0,0,0,0,0,0,"4,65",0,"5,55","27,17","1,4","1,4",0,0,0,0,0,"28,68",0,0,35-200526,35-200526,35-200526,,
,62,20/05/2026,62-200526,62-NUCLEO CAMASI GRIS-CALFERQUIM 1-G,818ad5b2,6:00:00,22:00:00,35,74,74-KIESERITA-MANUCHAR 1-P,"0,05",1750,06/05/2026,,,,274,274-SILICATO MAGNESIO-JULIAN SALDARRIAGA 1-P,"0,1",3500,29/04/2026,,,,105,105-CARBONATO CALCIO-JAMAROL 3-P,"0,85",29750,19/05/2026,20/05/2026,,,,,0,0,,,,,,,0,0,,,,,,,0,0,,,,,,,0,0,,,,,,,0,0,,,,,,,0,0,,,,,,,0,0,,,,,,,0,0,,,,,0,0,0,0,0,0,0,0,34,"4,64",1,1,0,0,0,0,0,"3,7",0,0,62-200526,62-200526,62-200526,,
,65,21/05/2026,65-210526,65-NUCLEO 4-CALFERQUIM 1-G,b8888d93,6:00:00,22:00:00,35,74,74-KIESERITA-MANUCHAR 1-P,"0,1",3500,06/05/2026,,,,05,5-SULFATO CALCIO-AGROINSUMOS 2-P,"0,15",5250,07/05/2026,,,,274,274-SILICATO MAGNESIO-JULIAN SALDARRIAGA 1-P,"0,4",14000,09/05/2026,,,,105,105-CARBONATO CALCIO-JAMAROL 3-P,"0,25",8750,20/05/2026,21/05/2026,,,120,120-CAL DOLOMITA-BM 1-P,"0,1",3500,19/05/2026,,,,,,0,0,,,,,,,0,0,,,,,,,0,0,,,,,,,0,0,,,,,,,0,0,,,,,,,0,0,,,,,0,0,0,0,0,0,0,0,"16,7","17,44","3,95","3,95",0,0,0,0,0,"14,79",0,0,65-210526,65-210526,65-210526,,
,62,21/05/2026,62-210526,62-NUCLEO CAMASI GRIS-CALFERQUIM 1-G,54fc2528,6:00:00,22:00:00,35,74,74-KIESERITA-MANUCHAR 1-P,"0,05",1750,06/05/2026,,,,110,110-CAOLIN GRIS- 1-P,"0,6",21000,19/05/2026,20/05/2026,,,105,105-CARBONATO CALCIO-JAMAROL 3-P,"0,35",12250,20/05/2026,21/05/2026,,,,,0,0,,,,,,,0,0,,,,,,,0,0,,,,,,,0,0,,,,,,,0,0,,,,,,,0,0,,,,,,,0,0,,,,,,,0,0,,,,,0,0,0,0,0,0,0,0,"14,3","1,37",1,1,0,0,"0,3",0,0,"28,2",0,0,62-210526,62-210526,62-210526,,
,141,21/05/2026,141-210526,141-FE SULFATO CALCIO P-CALFERQUIM 1-G,31552b24,6:00:00,22:00:00,35,74,74-KIESERITA-MANUCHAR 1-P,"0,1",3500,06/05/2026,,,,,,0,0,,,,,370,370-BENTONITA GRIS-COMERCIALIZADORA HA 4-P,"0,05",1750,20/05/2026,,,,5,5-SULFATO CALCIO-ANIBAL ARANGO 1-P,"0,65",22750,07/05/2026,,,,105,105-CARBONATO CALCIO-AGROCALES 1-P,"0,2",7000,20/05/2026,21/05/2026,,,,,0,0,,,,,,,0,0,,,,,,,0,0,,,,,,,0,0,,,,,,,0,0,,,,,,,0,0,,,,,0,0,0,0,0,0,0,"0,1","22,6","2,7","10,45","10,45",0,0,0,0,0,"2,85",0,0,141-210526,141-210526,141-210526,,
,35,21/05/2026,35-210526,35-SILIMAGRAN-CALFERQUIM 1-G,4f3b37bb,6:00:00,22:00:00,35,74,74-KIESERITA-MANUCHAR 1-P,"0,07",2450,06/05/2026,,,,111,111-BENTONITA ROJA-FERTICAUCA 4-P,"0,02",700,20/05/2026,,,,274,274-SILICATO MAGNESIO-JULIAN SALDARRIAGA 1-P,"0,75",26250,09/05/2026,,,,290,31-ROCA FOSFÓRICA-FOSFATOS HUILA 1-P,"0,15",5250,14/05/2026,,,,,,0,0,,,,,,,0,0,,,,,,,0,0,,,,,,,0,0,,,,,,,0,0,,,,,,,0,0,,,,,,,0,0,,,,,0,0,0,0,0,0,"4,65",0,"5,55","27,17","1,4","1,4",0,0,0,0,0,"28,68",0,0,35-210526,35-210526,35-210526,,
,65,22/05/2026,65-220526,65-NUCLEO 4-CALFERQUIM 1-G,b8888d93,6:00:00,22:00:00,35,74,74-KIESERITA-MANUCHAR 1-P,"0,1",3500,09/05/2026,,,,05,5-SULFATO CALCIO-AGROINSUMOS 2-P,"0,15",5250,07/05/2026,,,,274,274-SILICATO MAGNESIO-JULIAN SALDARRIAGA 1-P,"0,4",14000,13/05/2026,,,,105,105-CARBONATO CALCIO-JAMAROL 3-P,"0,25",8750,21/05/2026,22/05/2026,,,120,120-CAL DOLOMITA-BM 1-P,"0,1",3500,19/05/2026,,,,,,0,0,,,,,,,0,0,,,,,,,0,0,,,,,,,0,0,,,,,,,0,0,,,,,,,0,0,,,,,0,0,0,0,0,0,0,0,"16,7","17,44","3,95",4,0,0,0,0,0,"14,79",0,0,65-220526,65-220526,65-220526,65-220526,
,62,22/05/2026,62-220526,62-NUCLEO CAMASI GRIS-CALFERQUIM 1-G,54fc2528,6:00:00,22:00:00,35,74,74-KIESERITA-MANUCHAR 1-P,"0,05",1750,09/05/2026,,,,110,110-CAOLIN GRIS- 1-P,"0,6",21000,21/05/2026,22/05/2026,,,105,105-CARBONATO CALCIO-JAMAROL 3-P,"0,35",12250,21/05/2026,22/05/2026,,,,,0,0,,,,,,,0,0,,,,,,,0,0,,,,,,,0,0,,,,,,,0,0,,,,,,,0,0,,,,,,,0,0,,,,,,,0,0,,,,,0,0,0,0,0,0,0,0,"14,3","1,37",1,1,0,0,"0,3",0,0,"28,2",0,0,62-220526,62-220526,62-220526,,
,65,23/05/2026,65-230526,65-NUCLEO 4-CALFERQUIM 1-G,b8888d93,6:00:00,22:00:00,35,74,74-KIESERITA-MANUCHAR 1-P,"0,1",3500,09/05/2026,,,,05,5-SULFATO CALCIO-AGROINSUMOS 2-P,"0,15",5250,07/05/2026,,,,274,274-SILICATO MAGNESIO-JULIAN SALDARRIAGA 1-P,"0,4",14000,13/05/2026,,,,105,105-CARBONATO CALCIO-JAMAROL 3-P,"0,25",8750,22/05/2026,23/05/2026,,,120,120-CAL DOLOMITA-BM 1-P,"0,1",3500,22/05/2026,,,,,,0,0,,,,,,,0,0,,,,,,,0,0,,,,,,,0,0,,,,,,,0,0,,,,,,,0,0,,,,,0,0,0,0,0,0,0,0,"16,7","17,44","3,95","3,95",0,0,0,0,0,"14,79",0,0,65-230526,65-230526,65-230526,,
,65,24/05/2026,65-240526,65-NUCLEO 4-CALFERQUIM 1-G,b8888d93,6:00:00,22:00:00,35,74,74-KIESERITA-MANUCHAR 1-P,"0,1",3500,09/05/2026,,,,05,5-SULFATO CALCIO-AGROINSUMOS 2-P,"0,15",5250,08/05/2026,,,,274,274-SILICATO MAGNESIO-JULIAN SALDARRIAGA 1-P,"0,4",14000,09/05/2026,,,,105,105-CARBONATO CALCIO-JAMAROL 3-P,"0,25",8750,22/05/2026,23/05/2026,,,120,120-CAL DOLOMITA-BM 1-P,"0,1",3500,22/05/2026,,,,,,0,0,,,,,,,0,0,,,,,,,0,0,,,,,,,0,0,,,,,,,0,0,,,,,,,0,0,,,,,0,0,0,0,0,0,0,0,"16,7","17,44","3,95",4,0,0,0,0,0,"14,79",0,0,65-240526,65-240526,65-240526,,
,679,25/05/2026,679-250526,679-NUCLEO FOSFORO 10-CALFERQUIM 1-G,eb47d71e,6:00:00,22:00:00,35,74,74-KIESERITA-MANUCHAR 1-P,"0,05",1750,06/05/2026,,,,5,5-SULFATO CALCIO-ANIBAL ARANGO 1-P,"0,3",10500,07/05/2026,,,,105,105-CARBONATO CALCIO-JAMAROL 3-P,"0,15",5250,23/05/2026,,,,111,370-BENTONITA GRIS-COMERCIALIZADORA HA 4-P,"0,05",1750,22/05/2026,,,,290,290-ROCA FOSFORICA-26-PRACO 1-P,"0,45",15750,21/05/2026,,,,,,0,0,,,,,,,0,0,,,,,,,0,0,,,,,,,0,0,,,,,,,0,0,,,,,,,0,0,,,,,0,0,0,0,0,0,"11,7","0,1","29,1","1,45","4,9","4,9",0,0,0,0,0,"2,85",0,0,,,,,
,65,25/05/2026,65-250526,65-NUCLEO 4-CALFERQUIM 1-G,b8888d93,6:00:00,22:00:00,35,74,74-KIESERITA-MANUCHAR 1-P,"0,1",3500,06/05/2026,,,,05,5-SULFATO CALCIO-AGROINSUMOS 2-P,"0,15",5250,07/05/2026,,,,274,274-SILICATO MAGNESIO-JULIAN SALDARRIAGA 1-P,"0,4",14000,13/05/2026,,,,105,105-CARBONATO CALCIO-JAMAROL 3-P,"0,25",8750,23/05/2026,,,,120,120-CAL DOLOMITA-BM 1-P,"0,1",3500,22/05/2026,,,,,,0,0,,,,,,,0,0,,,,,,,0,0,,,,,,,0,0,,,,,,,0,0,,,,,,,0,0,,,,,0,0,0,0,0,0,0,0,"16,7","17,44","3,95","3,95",0,0,0,0,0,"14,79",0,0,,,,,
,62,25/05/2026,62-250526,62-NUCLEO CAMASI GRIS-CALFERQUIM 1-G,818ad5b2,6:00:00,22:00:00,35,74,74-KIESERITA-MANUCHAR 1-P,"0,05",1750,06/05/2026,,,,274,274-SILICATO MAGNESIO-JULIAN SALDARRIAGA 1-P,"0,1",3500,13/05/2026,,,,105,105-CARBONATO CALCIO-JAMAROL 3-P,"0,85",29750,22/05/2026,23/05/2026,,,,,0,0,,,,,,,0,0,,,,,,,0,0,,,,,,,0,0,,,,,,,0,0,,,,,,,0,0,,,,,,,0,0,,,,,,,0,0,,,,,0,0,0,0,0,0,0,0,34,"4,64",1,1,0,0,0,0,0,"3,7",0,0,,,,,
,563,25/05/2026,563-250526,563-NUCLEO CAMASI YARA-CALFERQUIM 1-G,2973a862,6:00:00,22:00:00,35,74,74-KIESERITA-MANUCHAR 1-P,"0,05",1750,09/05/2026,,,,105,105-CARBONATO CALCIO-JAMAROL 3-P,"0,6",21000,23/05/2026,25/05/2026,,,370,370-BENTONITA GRIS-FERTICAUCA 3-P,"0,25",8750,25/05/2026,,,,274,274-SILICATO MAGNESIO-JULIAN SALDARRIAGA 1-P,"0,1",3500,13/05/2026,,,,,,0,0,,,,,,,0,0,,,,,,,0,0,,,,,,,0,0,,,,,,,0,0,,,,,,,0,0,,,,,,,0,0,,,,,0,0,0,0,0,0,0,"0,5","25,5","5,64",1,1,0,0,0,0,0,"17,95",0,0,,,,,
,65,26/05/2026,65-260526,65-NUCLEO 4-CALFERQUIM 1-G,b8888d93,6:00:00,22:00:00,35,74,74-KIESERITA-MANUCHAR 1-P,"0,1",3500,09/05/2026,,,,05,5-SULFATO CALCIO-AGROINSUMOS 2-P,"0,15",5250,07/05/2026,,,,274,274-SILICATO MAGNESIO-JULIAN SALDARRIAGA 1-P,"0,4",14000,13/05/2026,,,,105,105-CARBONATO CALCIO-JAMAROL 3-P,"0,25",8750,25/05/2026,,,,120,120-CAL DOLOMITA-BM 1-P,"0,1",3500,22/05/2026,,,,,,0,0,,,,,,,0,0,,,,,,,0,0,,,,,,,0,0,,,,,,,0,0,,,,,,,0,0,,,,,0,0,0,0,0,0,0,0,"16,7","17,44","3,95","3,95",0,0,0,0,0,"14,79",0,0,,,,,
,563,26/05/2026,563-260526,563-NUCLEO CAMASI YARA-CALFERQUIM 1-G,2973a862,6:00:00,22:00:00,35,74,74-KIESERITA-MANUCHAR 1-P,"0,05",1750,09/05/2026,,,,105,105-CARBONATO CALCIO-JAMAROL 3-P,"0,6",21000,25/05/2026,26/05/2026,,,370,370-BENTONITA GRIS-FERTICAUCA 3-P,"0,25",8750,25/05/2026,,,,274,274-SILICATO MAGNESIO-JULIAN SALDARRIAGA 1-P,"0,1",3500,13/05/2026,,,,,,0,0,,,,,,,0,0,,,,,,,0,0,,,,,,,0,0,,,,,,,0,0,,,,,,,0,0,,,,,,,0,0,,,,,0,0,0,0,0,0,0,"0,5","25,5","5,64",1,1,0,0,0,0,0,"17,95",0,0,,,,,
,563,27/05/2026,563-270526,563-NUCLEO CAMASI YARA-CALFERQUIM 1-G,2973a862,6:00:00,22:00:00,35,74,74-KIESERITA-MANUCHAR 1-P,"0,05",1750,09/05/2026,,,,105,105-CARBONATO CALCIO-JAMAROL 3-P,"0,6",21000,26/05/2026,27/05/2026,,,370,370-BENTONITA GRIS-FERTICAUCA 3-P,"0,25",8750,26/05/2026,,,,274,274-SILICATO MAGNESIO-JULIAN SALDARRIAGA 1-P,"0,1",3500,14/05/2026,,,,,,0,0,,,,,,,0,0,,,,,,,0,0,,,,,,,0,0,,,,,,,0,0,,,,,,,0,0,,,,,,,0,0,,,,,0,0,0,0,0,0,0,"0,5","25,5","5,64",1,1,0,0,0,0,0,"17,95",0,0,563-270526,,,,
,679,27/05/2026,679-270526,679-NUCLEO FOSFORO 10-CALFERQUIM 1-G,eb47d71e,6:00:00,22:00:00,35,74,74-KIESERITA-MANUCHAR 1-P,"0,05",1750,09/05/2026,,,,5,5-SULFATO CALCIO-ANIBAL ARANGO 1-P,"0,3",10500,15/05/2026,,,,105,105-CARBONATO CALCIO-JAMAROL 3-P,"0,15",5250,26/05/2026,27/05/2026,,,111,370-BENTONITA GRIS-COMERCIALIZADORA HA 4-P,"0,05",1750,26/05/2026,,,,290,290-ROCA FOSFORICA-26-PRACO 1-P,"0,45",15750,21/05/2026,22/05/2026,,,,,0,0,,,,,,,0,0,,,,,,,0,0,,,,,,,0,0,,,,,,,0,0,,,,,,,0,0,,,,,0,0,0,0,0,0,"11,7","0,1","29,1","1,45","4,9","4,9",0,0,0,0,0,"2,85",0,0,679-270526,,,,
,574,27/05/2026,574-270526,574-NUCLEO FOSFORO 1-CALFERQUIM 1-G,8c6f2572,6:00:00,22:00:00,35,74,74-KIESERITA-MANUCHAR 1-P,"0,05",1750,09/05/2026,,,,111,111-BENTONITA ROJA-COMERCIALIZADORA HA 3-P,"0,1",3500,23/05/2026,,,,120,120-CAL DOLOMITA-BM 1-P,"0,05",1750,22/05/2026,,,,274,274-SILICATO MAGNESIO-JULIAN SALDARRIAGA 1-P,"0,05",1750,15/05/2026,,,,290,290-ROCA FOSFORICA-26-PRACO 1-P,"0,75",26250,22/05/2026,,,,,,0,0,,,,,,,0,0,,,,,,,0,0,,,,,,,0,0,,,,,,,0,0,,,,,,,0,0,,,,,0,0,0,0,0,0,"19,5",0,"28,7","3,74",1,1,0,0,0,0,0,"6,55",0,0,574-270526,,,,