Fecha Produccion,SEMANA,DIA,Item,Referencia,Turno,Planta,Nombre,Grupo,# Trabajadores,Hora de inicio,Hora de finalizacion,Cantidad produccion,Materias primas consumo,Polvillo vaciado,Polvillo qqdo,V. banda alimentadora,Inclinacion olla,V. olla granuladora,V. tubo secador,V. tubo enfriador,Granulador,Horas trabajadas,Minutos trabajados,Prueba laboratorio # 1,Prueba laboratorio #2,Prueba laboratorio #3,Notas,Novedad,Tiempo promedio de producción
1/07/2025,SEMANA 1,MARTES,62,NUCLEO CAMASI GRIS,TURNO 1,PLANTA 1,,NA,5,6:00:00,14:00:00,N/A,N/A,N/A,N/A,N/A,N/A,N/A,N/A,N/A,N/A,8,,,,,No se trabajo por problemas con el cañon,SI,
1/07/2025,SEMANA 1,MARTES,62,NUCLEO CAMASI GRIS,TURNO 2,PLANTA 1,,NA,5,17:30:00,22:05:00,10517,11000,1560,1925,20,,21,35,40,Pedro,4,40,CUMPLE,CUMPLE,CUMPLE,Se inició alas 5.29 PM por problemas con el cañon,SI,"26,60"
1/07/2025,SEMANA 1,MARTES,558,NUCLEO MAGNESIO-SILICIO EM,TURNO 2,PLANTA 2,,NA,6,14:00:00,21:55:00,13000,12000,,,20,,18,30,40,Maracas,7,55,CUMPLE,CUMPLE,CUMPLE,,,"36,50"
1/07/2025,SEMANA 1,MARTES,558,NUCLEO MAGNESIO-SILICIO EM,TURNO 1,PLANTA 2,,NA,6,6:00:00,13:43:00,11000,14000,,,20,,18,30,40,,7,43,CUMPLE,CUMPLE,CUMPLE,,,"42,1"
2/07/2025,SEMANA 1,MIERCOLES,563,NUCLEO CAMASI YARA,TURNO 1,PLANTA 1,,NA,5,6:15:00,13:58:00,26000,29000,780,,25,,23,35,40,Jhon estiven,1,43,CUMPLE,CUMPLE,CUMPLE,,,"4,00"
2/07/2025,SEMANA 1,MIERCOLES,563,NUCLEO CAMASI YARA,TURNO 2,PLANTA 1,,NA,5,14:00:00,22:10:00,25890,26000,,1245,22,,22,36,40,Pablo,7,30,CUMPLE,CUMPLE,CUMPLE,La cadena de la banda alimentadora del Tubo secador se reventó alas 6.24 hasta 6.54 pm,SI,"17,40"
2/07/2025,SEMANA 1,MIERCOLES,558,NUCLEO MAGNESIO-SILICIO EM,TURNO 1,PLANTA 2,,NA,5,6:00:00,13:50:00,10000,11000,,,8,,18,30,40,Juan gabriel,7,40,CUMPLE,CUMPLE,CUMPLE,Se paró alas 12.25 hasta las 12.45 por daño en la banda 4,SI,"46,00"
2/07/2025,SEMANA 1,MIERCOLES,558,NUCLEO MAGNESIO-SILICIO EM,TURNO 2,PLANTA 2,,NA,6,14:00:00,21:48:00,10000,11000,,6000,8,,19,30,40,Jhon,7,48,CUMPLE,CUMPLE,CUMPLE,Solo habíamos en planta 3 personas,SI,"46,80"
3/07/2025,SEMANA 1,JUEVES,62,NUCLEO CAMASI GRIS,TURNO 2,PLANTA 2,,NA,6,14:00:00,21:45:00,17000,17000,,1000,26,,19,34,40,Víctor,6,50,CUMPLE,CUMPLE,CUMPLE,Paramos 15 minutos por falla en el cañon se paró alas 5.40 por daño en banda 4 asta las 6.50,SI,"24,10"
3/07/2025,SEMANA 1,JUEVES,62,NUCLEO CAMASI GRIS,TURNO 1,PLANTA 2,,NA,4,8:00:00,13:35:00,15000,17000,1950,,37,,24,56,40,James,5,35,CUMPLE,CUMPLE,CUMPLE,Se inició alas 7.30 por limpieza de aria de trabajo,SI,"22,30"
3/07/2025,SEMANA 1,JUEVES,558,NUCLEO MAGNESIO-SILICIO EM,TURNO 1,PLANTA 1,,NA,5,7:25:00,13:38:00,13000,16000,3000,,5,,30,22,30,Stiven,6,13,CUMPLE,CUMPLE,CUMPLE,Se inició a laborar alas 7 .25 por problemas con tubo secador,SI,"28,70"
3/07/2025,SEMANA 1,JUEVES,558,NUCLEO MAGNESIO-SILICIO EM,TURNO 2,PLANTA 1,,NA,5,14:00:00,22:00:00,9000,8000,,,7,,33,25,31,Wilmar y aider,7,,CUMPLE,CUMPLE,CUMPLE,El tubo secador se frenó alas 8.32 asta las 9.31,SI,"46,70"
4/07/2025,SEMANA 1,VIERNES,62,NUCLEO CAMASI GRIS,TURNO 2,PLANTA 2,,NA,6,6:00:00,13:50:00,11000,13000,,,20,,21,35,40,Juan gabriel,7,48,NO CUMPLE,CUMPLE,CUMPLE,Todo el turno se trabajo sin molino,SI,"42,50"
4/07/2025,SEMANA 1,VIERNES,62,NUCLEO CAMASI GRIS,TURNO 1,PLANTA 2,,NA,6,14:00:00,22:00:00,20000,20000,,3650,20,,21,35,40,Juan jose,8,,CUMPLE,CUMPLE,CUMPLE,,,"24,00"
4/07/2025,SEMANA 1,VIERNES,558,NUCLEO MAGNESIO-SILICIO EM,TURNO 1,PLANTA 1,,NA,5,6:00:00,13:50:00,18000,17000,,,7,,33,25,31,Pedro y brayan,7,55,CUMPLE,CUMPLE,CUMPLE,,,"26,40"
4/07/2025,SEMANA 1,VIERNES,558,NUCLEO MAGNESIO-SILICIO EM,TURNO 2,PLANTA 1,,NA,4,14:00:00,21:58:00,16000,16000,,,8,,33,25,31,Pablo y Juan david,7,58,CUMPLE,CUMPLE,CUMPLE,,,"29,90"
5/07/2025,SEMANA 1,SABADO,65,NUCLEO 4,TURNO 1,PLANTA 2,,NA,5,6:10:00,13:51:00,23000,25000,1750,,"14,7",,21,45,40,Jose ducney,7,50,CUMPLE,CUMPLE,CUMPLE,,,"20,40"
5/07/2025,SEMANA 1,SABADO,65,NUCLEO 4,TURNO 2,PLANTA 2,,NA,5,14:00:00,21:55:00,17610,17000,1000,1000,20,,23,30,40,Maracas,5,6,CUMPLE,CUMPLE,CUMPLE,Se paró alas  4.35 asta las 6.29 PM por cadena de olla y variador  y se perdieron 15 minutos más por motobomba,SI,"17,40"
5/07/2025,SEMANA 1,SABADO,558,NUCLEO MAGNESIO-SILICIO EM,TURNO 1,PLANTA 1,,NA,5,6:00:00,14:00:00,18000,18000,,,"6,6",,32,30,34,Jhon y don walter,8,,CUMPLE,CUMPLE,CUMPLE,,,"26,70"
5/07/2025,SEMANA 1,SABADO,558,NUCLEO MAGNESIO-SILICIO EM,TURNO 2,PLANTA 1,,NA,4,14:00:00,22:00:00,10000,9000,,4473,3,,24,30,34,Wilmar,8,,CUMPLE,CUMPLE,CUMPLE,Solo se trabajo con 4 personas más 1 de alistamiento,SI,"48,00"
7/07/2025,SEMANA 2,LUNES,563,NUCLEO CAMASI YARA,TURNO 1,PLANTA 2,,NA,5,6:00:00,13:42:00,22000,23000,1000,473,22,,23,30,40,Víctor,7,40,CUMPLE,CUMPLE,CUMPLE,Se paró alas 9.29 asta las 9.40 por problemas en banda alimentadora de olla,SI,"20,90"
7/07/2025,SEMANA 2,LUNES,679,NUCLEO FOSFORO 10,TURNO 2,PLANTA 1,,NA,5,14:00:00,22:05:00,22287,17000,6184,1711,13,,30,35,35,Wilmar,8,,CUMPLE,CUMPLE,CUMPLE,,,"21,50"
7/07/2025,SEMANA 2,LUNES,558,NUCLEO MAGNESIO-SILICIO EM,TURNO 2,PLANTA 2,,NA,6,14:20:00,21:40:00,15000,17000,,1000,8,,19,30,40,James y nelson,6,54,CUMPLE,CUMPLE,CUMPLE,Iniciamos alas 2.30 por cambio de producto se paró alas 2.45  asta las 2.52 por problemas en banda  1 se paró nuevamente alas 3.06 asta las 3.20 por banda 1 se paró nuevamente alas 5.53 asta las 6.08 por banda 1,SI,"27,60"
7/07/2025,SEMANA 2,LUNES,679,NUCLEO FOSFORO 10,TURNO 1,PLANTA 1,,NA,5,6:00:00,14:00:00,1000,3000,1000,,10,,30,35,35,Stiven,0,50,CUMPLE,CUMPLE,CUMPLE,Se limpio el tubo secador se terminó de limpiar alas 11.30 se inició labores en planta alas 1.10 PM por problemas con el cañon y tablero de control,SI,"50,00"
8/07/2025,SEMANA 2,MARTES,803,NUCLEO MAGNESIO-S,TURNO 2,PLANTA 1,,NA,5,14:00:00,21:55:00,24363,23000,,2340,14,,30,28,35,Steven,7,55,CUMPLE,CUMPLE,CUMPLE,,,"19,50"
8/07/2025,SEMANA 2,MARTES,65,NUCLEO 4,TURNO 1,PLANTA 2,,NA,5,6:00:00,13:50:00,24000,25000,2000,,23,,22,30,40,Andres,7,50,CUMPLE,CUMPLE,CUMPLE,,,"19,60"
8/07/2025,SEMANA 2,MARTES,208,NUCLEO MAGNESIO,TURNO 1,PLANTA 1,,NA,5,6:15:00,14:00:00,20000,27000,,,13,,27,26,34,Wilmar,7,15,CUMPLE,CUMPLE,CUMPLE,De 6.45 a 7.03  y de 7.20 a 7.47  sin mezcla,SI,"21,80"
8/07/2025,SEMANA 2,MARTES,65,NUCLEO 4,TURNO 2,PLANTA 2,,NA,5,14:15:00,21:40:00,22000,23000,,,20,,23,30,40,Nelson,6,50,CUMPLE,CUMPLE,CUMPLE,Alas 2.15 PM tubo fallas el canon asta las 3.13pm,SI,"18,60"
9/07/2025,SEMANA 2,MIERCOLES,65,NUCLEO 4,TURNO 2,PLANTA 2,,NA,4,14:00:00,21:50:00,22800,22000,,1730,25,,20,28,40,Nelson,7,50,CUMPLE,CUMPLE,CUMPLE,,,"20,60"
9/07/2025,SEMANA 2,MIERCOLES,62,NUCLEO CAMASI GRIS,TURNO 1,PLANTA 1,,NA,6,7:00:00,14:00:00,23000,27000,,,10,,30,25,35,Pablo,7,,CUMPLE,CUMPLE,CUMPLE,Se inició alas 7 am,SI,"18,30"
9/07/2025,SEMANA 2,MIERCOLES,65,NUCLEO 4,TURNO 1,PLANTA 2,,NA,5,8:10:00,13:50:00,21000,22000,1000,,"14,5",,20,35,40,Maracas,5,40,CUMPLE,CUMPLE,CUMPLE,Se inició alas 8.10 por problemas con el cañon,SI,"16,20"
9/07/2025,SEMANA 2,MIERCOLES,62,NUCLEO CAMASI GRIS,TURNO 2,PLANTA 1,,NA,5,14:00:00,22:00:00,31847,29000,1250,,20,,30,35,35,Pedro,8,,CUMPLE,CUMPLE,CUMPLE,,,"15,10"
10/07/2025,SEMANA 2,JUEVES,563,NUCLEO CAMASI YARA,TURNO 1,PLANTA 2,,NA,5,18:00:00,13:45:00,23000,25000,1370,450,24,,20,38,40,Victor,7,35,CUMPLE,CUMPLE,CUMPLE,Se realizó 20 TM con 700 kilos de y se ISO 2 TM de núcleo 4,SI,"19,80"
10/07/2025,SEMANA 2,JUEVES,NA,NA,TURNO 1,PLANTA 1,,NA,6,6:00:00,13:44:00,,,,,18,,30,35,35,Wilmar,7,45,CUMPLE,CUMPLE,CUMPLE,Se hizo dos referencias camasi gris y núcleo 4,SI,
10/07/2025,SEMANA 2,JUEVES,NA,NA,,,,NA,,,,,,,,,,,,,,,,,,,,,
10/07/2025,SEMANA 2,JUEVES,NA,NA,,,,NA,,,,,,,,,,,,,,,,,,,,,
11/07/2025,SEMANA 2,VIERNES,65,NUCLEO 4,TURNO 2,PLANTA 2,,NA,5,14:00:00,22:00:00,20000,21000,,1350,18,40,26,32,40,Pablo,7,50,CUMPLE,CUMPLE,CUMPLE,,,"23,50"
11/07/2025,SEMANA 2,VIERNES,65,NUCLEO 4,TURNO 1,PLANTA 2,,NA,,6:45:00,13:55:00,22000,25000,,,27,39,22,30,40,Brayan,7,10,CUMPLE,CUMPLE,CUMPLE,Se inició 6.45 am por cañon se volvió a para alas 7.20 asta las 7.35 am por cañon,SI,"19,50"
11/07/2025,SEMANA 2,VIERNES,65,NUCLEO 4,TURNO 2,PLANTA 1,,NA,5,14:00:00,21:52:00,28000,30000,,2600,26,39,22,30,40,Victor,7,52,CUMPLE,CUMPLE,CUMPLE,,,"16,90"
11/07/2025,SEMANA 2,VIERNES,65,NUCLEO 4,TURNO 1,PLANTA 1,,NA,5,6:00:00,14:00:00,29000,30000,,,18,"39,6",26,41,30,Michin,7,30,CUMPLE,CUMPLE,CUMPLE,Se paró alas 6.50 am asta las 7.20 por cañon,SI,"15,50"
12/07/2025,SEMANA 2,SABADO,679,NUCLEO FOSFORO 10,TURNO 2,PLANTA 2,,NA,6,14:00:00,22:00:00,20500,16000,4000,700,18,39,22,28,35,Maracas,7,30,CUMPLE,CUMPLE,CUMPLE,Se isieron dos referencias magnecio azufre 8.5. y fósforo 10 .12000,SI,"22,00"
12/07/2025,SEMANA 2,SABADO,803,NUCLEO MAGNESIO-S,TURNO 1,PLANTA 2,,NA,5,6:40:00,14:00:00,17000,21000,,,12,39,24,46,40,James,7,20,CUMPLE,CUMPLE,CUMPLE,Se inició alas 6.40 am por cañon,SI,"25,90"
12/07/2025,SEMANA 2,SABADO,643,FE SULFATO ZINC 22,TURNO 2,PLANTA 2,,NA,5,15:00:00,21:42:00,15000,14000,,,5,,26,28,,Pedro,6,42,CUMPLE,CUMPLE,CUMPLE,Se inició alas 3 PM,SI,"26,80"
12/07/2025,SEMANA 2,SABADO,643,FE SULFATO ZINC 22,TURNO 1,PLANTA 1,,NA,5,6:00:00,14:00:00,7000,7000,,,13,,19,20,,Aider,5,,CUMPLE,CUMPLE,CUMPLE,Se paró alas 10.46 por problemas con el tubo secador,SI,"42,90"
14/07/2025,SEMANA 3,LUNES,643,FE SULFATO ZINC 22,TURNO 2,PLANTA 2,,NA,6,14:00:00,21:45:00,15000,12000,,2000,5,,18,30,,Maracas,7,45,CUMPLE,CUMPLE,CUMPLE,,,"31,00"
14/07/2025,SEMANA 3,LUNES,643,FE SULFATO ZINC 22,TURNO 1,PLANTA 2,,NA,4,6:00:00,14:00:00,10000,11000,1270,,5,,26,37,,Nelson,8,,CUMPLE,CUMPLE,CUMPLE,,,"48,00"
14/07/2025,SEMANA 3,LUNES,NA,NA,,,,NA,,,,,,,,,,,,,,,,,,,,,
14/07/2025,SEMANA 3,LUNES,NA,NA,,,,NA,,,,,,,,,,,,,,,,,,,,,
15/07/2025,SEMANA 3,MARTES,65,NUCLEO 4,TURNO 1,PLANTA 1,,NA,5,6:00:00,14:00:00,29000,30000,2815,,15,40,30,30,35,Stiven,8,,CUMPLE,CUMPLE,CUMPLE,,,"16,60"
15/07/2025,SEMANA 3,MARTES,65,NUCLEO 4,TURNO 2,PLANTA 1,,NA,5,14:00:00,22:00:00,29000,30000,,,17,40,30,30,35,Pablo,8,,CUMPLE,CUMPLE,CUMPLE,,,"16,60"
15/07/2025,SEMANA 3,MARTES,997,FE SULFATO ZINC 22,TURNO 2,PLANTA 2,,NA,5,14:00:00,22:00:00,15430,13000,,1000,10,38,17,37,,Víctor,7,47,CUMPLE,CUMPLE,CUMPLE,Se paró alas 5.05 asta las 5.18 por cadena de olla granuladora,SI,"30,30"
15/07/2025,SEMANA 3,MARTES,997,FE SULFATO ZINC 22,TURNO 1,PLANTA 2,,NA,5,6:00:00,13:42:00,13000,11000,,,10,38,22,37,,Jose duney,7,42,CUMPLE,CUMPLE,CUMPLE,,,"35,50"
16/07/2025,SEMANA 3,MIERCOLES,65,NUCLEO 4,TURNO 2,PLANTA 1,,NA,5,14:00:00,22:00:00,23000,22000,,,10,40,25,35,41,Jhon,7,40,CUMPLE,CUMPLE,CUMPLE,Se inició alas 2.20 pm,SI,"20,00"
16/07/2025,SEMANA 3,MIERCOLES,65,NUCLEO 4,TURNO 1,PLANTA 1,,NA,5,6:00:00,13:50:00,23000,27000,,,16,40,28,35,35,James,6,40,CUMPLE,CUMPLE,CUMPLE,,,"17,40"
16/07/2025,SEMANA 3,MIERCOLES,558,NUCLEO MAGNESIO-SILICIO EM,TURNO 2,PLANTA 2,,NA,5,15:00:00,22:00:00,8000,13000,2000,4000,13,39,15,32,40,Aider y wilmar,7,,CUMPLE,CUMPLE,CUMPLE,Se inició alas 3 PM por limpieza de tubo y arreglo de rodamiento de tubo secador,SI,"52,50"
16/07/2025,SEMANA 3,MIERCOLES,NA,NA,TURNO 1,PLANTA 2,,NA,5,6:00:00,14:00:00,,,,,,,,,,,,,,,,No se trabajo por problemas con tubo secador y mezcladora,SI,
17/07/2025,SEMANA 3,JUEVES,161,FERTIMENORES,TURNO 2,PLANTA 2,,NA,5,14:00:00,22:00:00,11333,14000,,5000,20,39,21,25,40,Wilmar,,,CUMPLE,CUMPLE,CUMPLE,,,"0,00"
17/07/2025,SEMANA 3,JUEVES,65,NUCLEO 4,TURNO 1,PLANTA 1,,NA,5,6:00:00,13:52:00,25000,27000,,,13,39,32,41,42,Gabriel,7,52,CUMPLE,CUMPLE,CUMPLE,,,"18,90"
17/07/2025,SEMANA 3,JUEVES,65,NUCLEO 4,TURNO 2,PLANTA 1,,NA,5,14:00:00,22:03:00,30000,29000,1000,,13,"39,6",26,41,30,Víctor,8,,CUMPLE,CUMPLE,CUMPLE,,,"16,00"
17/07/2025,SEMANA 3,JUEVES,161,FERTIMENORES,TURNO 1,PLANTA 2,,NA,5,6:00:00,14:00:00,11000,14000,1000,,22,39,20,38,40,Pedro,7,30,CUMPLE,CUMPLE,CUMPLE,Se paró alas 7.30 am por problemas con banda 4 asta las 8 am,SI,"40,90"
18/07/2025,SEMANA 3,VIERNES,NA,NA,,,,NA,,,,,,,,,,,,,,,,,,,,,
18/07/2025,SEMANA 3,VIERNES,NA,NA,,,,NA,,,,,,,,,,,,,,,,,,,,,
18/07/2025,SEMANA 3,VIERNES,NA,NA,,,,NA,,,,,,,,,,,,,,,,,,,,,
18/07/2025,SEMANA 3,VIERNES,NA,NA,,,,NA,,,,,,,,,,,,,,,,,,,,,
19/07/2025,SEMANA 3,SABADO,NA,NA,,,,NA,,,,,,,,,,,,,,,,,,,,,
19/07/2025,SEMANA 3,SABADO,NA,NA,,,,NA,,,,,,,,,,,,,,,,,,,,,
19/07/2025,SEMANA 3,SABADO,NA,NA,,,,NA,,,,,,,,,,,,,,,,,,,,,
19/07/2025,SEMANA 3,SABADO,NA,NA,,,,NA,,,,,,,,,,,,,,,,,,,,,
21/07/2025,SEMANA 4,LUNES,679,NUCLEO FOSFORO 10,TURNO 1,PLANTA 2,,NA,4,7:03:00,14:00:00,18000,,,,12,39,22,18,40,Wilmar,7,,CUMPLE,CUMPLE,CUMPLE,Se inició alas 7.02,SI,"23,30"
21/07/2025,SEMANA 4,LUNES,558,NUCLEO MAGNESIO-SILICIO EM,TURNO 1,PLANTA 1,,NA,6,6:30:00,13:40:00,15000,16000,4000,,7,40,29,40,36,Andres,7,10,CUMPLE,CUMPLE,CUMPLE,Se inició alas 6.30 am,SI,"28,70"
21/07/2025,SEMANA 4,LUNES,NA,NA,,,,NA,,,,,,,,,,,,,,,,,,,,,
21/07/2025,SEMANA 4,LUNES,NA,NA,,,,NA,,,,,,,,,,,,,,,,,,,,,
22/07/2025,SEMANA 4,MARTES,65,NUCLEO 4,TURNO 1,PLANTA 2,,NA,6,6:00:00,13:55:00,22000,27000,,,16,37,24,24,40,Brayan stiven,7,55,CUMPLE,CUMPLE,CUMPLE,,,"21,60"
22/07/2025,SEMANA 4,MARTES,65,NUCLEO 4,TURNO 2,PLANTA 2,,NA,5,14:00:00,21:50:00,23000,23000,,800,25,37,21,24,40,Pedro,8,,CUMPLE,CUMPLE,CUMPLE,,,"20,90"
22/07/2025,SEMANA 4,MARTES,558,NUCLEO MAGNESIO-SILICIO EM,TURNO 1,PLANTA 1,,NA,5,6:16:00,14:00:00,7000,8000,,,16,37,12,30,28,Andres,4,,CUMPLE,CUMPLE,CUMPLE,Se paró alas 10.20 am por taponamiento de tubo secador asta las 2 pm,SI,"34,30"
22/07/2025,SEMANA 4,MARTES,558,NUCLEO MAGNESIO-SILICIO EM,TURNO 2,PLANTA 1,,NA,5,14:00:00,21:30:00,8913,9000,,6000,15,41,22,30,35,Nelson,5,20,CUMPLE,CUMPLE,CUMPLE,Se inició alas 4.40 PM por limpieza de tubo secador y arreglo de banda,SI,"35,90"
23/07/2025,SEMANA 4,MIERCOLES,62,NUCLEO CAMASI GRIS,TURNO 2,PLANTA 1,,NA,5,14:00:00,22:00:00,22000,26000,,4000,15,37,30,30,40,James,8,,CUMPLE,CUMPLE,CUMPLE,,,"21,80"
23/07/2025,SEMANA 4,MIERCOLES,65,NUCLEO 4,TURNO 2,PLANTA 2,,NA,5,14:00:00,21:50:00,24000,25000,,,23,40,21,21,40,Brayan,8,,CUMPLE,CUMPLE,CUMPLE,,,"20,00"
23/07/2025,SEMANA 4,MIERCOLES,62,NUCLEO CAMASI GRIS,TURNO 1,PLANTA 1,,NA,0,6:00:00,14:00:00,28000,28000,20000,,17,37,29,34,40,Maracas,8,,CUMPLE,CUMPLE,CUMPLE,,,"17,10"
23/07/2025,SEMANA 4,MIERCOLES,65,NUCLEO 4,TURNO 1,PLANTA 2,,NA,0,6:00:00,14:00:00,19000,22000,,,25,39,20,20,40,Pablo,5,7,CUMPLE,CUMPLE,CUMPLE,Se paró alas 9.20 am asta las 12.13 PM por falta de gas,SI,"16,20"
24/07/2025,SEMANA 4,JUEVES,563,NUCLEO CAMASI YARA,TURNO 1,PLANTA 1,,NA,6,6:00:00,13:54:14,27000,30000,,,12,38,30,32,40,Victor,8,,CUMPLE,CUMPLE,CUMPLE,,,"17,80"
24/07/2025,SEMANA 4,JUEVES,563,NUCLEO CAMASI YARA,TURNO 2,PLANTA 1,,NA,5,14:00:00,21:50:00,27000,27000,,,15,37,29,32,26,Juan Gabriel,8,,CUMPLE,CUMPLE,CUMPLE,,,"17,80"
24/07/2025,SEMANA 4,JUEVES,65,NUCLEO 4,TURNO 1,PLANTA 2,,NA,5,6:00:00,14:00:00,23000,25000,,,15,38,21,21,40,Wilmar,8,,CUMPLE,CUMPLE,CUMPLE,,,"20,90"
24/07/2025,SEMANA 4,JUEVES,65,NUCLEO 4,TURNO 2,PLANTA 2,,NA,5,14:00:00,21:56:00,28000,28000,,2386,20,39,20,25,40,Pedro y stiven,8,,CUMPLE,CUMPLE,CUMPLE,,,"17,10"
25/07/2025,SEMANA 4,VIERNES,563,NUCLEO CAMASI YARA,TURNO 1,PLANTA 1,,NA,6,6:00:00,11:47:00,18660,18000,1420,850,15,38,22,30,40,Jhon,5,47,CUMPLE,CUMPLE,CUMPLE,,,"18,60"
25/07/2025,SEMANA 4,VIERNES,65,NUCLEO 4,TURNO 1,PLANTA 2,,NA,5,6:00:00,12:00:00,18000,18,2386,1770,22,39,22,25,40,Jhonatan Stiven,6,,CUMPLE,CUMPLE,CUMPLE,,,"20,00"
25/07/2025,SEMANA 4,VIERNES,803,NUCLEO MAGNESIO-S,TURNO 2,PLANTA 2,,NA,5,14:00:00,22:00:00,19500,18000,,13000,15,39,22,25,40,Pedro,8,,CUMPLE,CUMPLE,CUMPLE,,,"24,60"
25/07/2025,SEMANA 4,VIERNES,803,NUCLEO MAGNESIO-S,TURNO 2,PLANTA 1,,NA,4,14:00:00,22:00:00,17000,18000,,2570,16,39,22,30,4,Nelson,8,,CUMPLE,CUMPLE,CUMPLE,,,"28,20"
25/07/2025,SEMANA 4,VIERNES,803,NUCLEO MAGNESIO-S,TURNO 1,PLANTA 2,,NA,6,12:00:00,13:50:00,3000,7000,,,23,39,22,34,40,Aider,1,50,CUMPLE,CUMPLE,CUMPLE,,,"36,70"
25/07/2025,SEMANA 4,VIERNES,803,NUCLEO MAGNESIO-S,TURNO 1,PLANTA 1,,NA,6,11:47:00,13:52:00,,,1000,,12,38,29,36,26,Andres,2,8,CUMPLE,CUMPLE,CUMPLE,,,
28/07/2025,SEMANA 5,LUNES,679,NUCLEO FOSFORO 10,TURNO 1,PLANTA 2,,NA,4,9:40:00,14:00:00,12000,16000,,,10,38,22,27,40,Stiven,4,20,CUMPLE,CUMPLE,CUMPLE,Se inició alas 9.40 por limpieza de tubo secador,SI,"21,70"
28/07/2025,SEMANA 5,LUNES,62,NUCLEO CAMASI GRIS,TURNO 1,PLANTA 1,,NA,5,6:00:00,14:00:00,25000,29000,,,15,36,30,37,37,Juan gabriel,8,,CUMPLE,CUMPLE,CUMPLE,,,"19,20"
28/07/2025,SEMANA 5,LUNES,679,NUCLEO FOSFORO 10,TURNO 2,PLANTA 2,,NA,6,14:00:00,22:00:00,21896,23,,2718,15,38,22,28,40,Wilmar,8,,CUMPLE,CUMPLE,CUMPLE,,,"21,90"
28/07/2025,SEMANA 5,LUNES,62,NUCLEO CAMASI GRIS,TURNO 2,PLANTA 1,,NA,6,14:00:00,21:40:00,25000,23000,,750,18,36,22,32,37,Andres,7,5,CUMPLE,CUMPLE,CUMPLE,,,"17,00"
29/07/2025,SEMANA 5,MARTES,65,NUCLEO 4,TURNO 2,PLANTA 2,,NA,5,4:50:00,22:00:00,12000,15000,,2232,15,39,22,30,40,Aider,8,,CUMPLE,CUMPLE,CUMPLE,,,"40,00"
29/07/2025,SEMANA 5,MARTES,160,ZUELO CA,TURNO 2,PLANTA 1,,NA,6,14:00:00,22:00:00,22000,22000,2000,1000,15,36,22,30,40,Andrés,7,40,CUMPLE,CUMPLE,CUMPLE,Se inició alas 2.25 por cambio de producto se paró alas 7.35 PM por canon asta las 7.35,SI,"20,90"
29/07/2025,SEMANA 5,MARTES,62,NUCLEO CAMASI GRIS,TURNO 1,PLANTA 1,,NA,4,6:00:00,14:00:00,21400,22,1375,1558,15,36,21,32,40,Stiven,7,,CUMPLE,CUMPLE,CUMPLE,La 7.11,SI,"19,60"
29/07/2025,SEMANA 5,MARTES,803,NUCLEO MAGNESIO-S,TURNO 2,PLANTA 2,,NA,5,14:00:00,16:50:00,6736,6000,,423,12,39,22,27,40,Aider,2,50,CUMPLE,CUMPLE,CUMPLE,,,"25,20"
29/07/2025,SEMANA 5,MARTES,803,NUCLEO MAGNESIO-S,TURNO 1,PLANTA 2,,NA,5,6:00:00,14:00:00,18000,15000,6860,,16,38,22,34,40,Pedro,8,,CUMPLE,CUMPLE,CUMPLE,,,"26,70"
30/07/2025,SEMANA 5,MIERCOLES,62,NUCLEO CAMASI GRIS,TURNO 1,PLANTA 1,,NA,5,6:00:00,13:47:00,22000,25000,1558,,15,36,30,19,40,Jose ducney,7,29,CUMPLE,CUMPLE,CUMPLE,Se perdieron 31 minutos por problemas con el Quemador,SI,"20,40"
30/07/2025,SEMANA 5,MIERCOLES,62,NUCLEO CAMASI GRIS,TURNO 2,PLANTA 1,,NA,6,14:00:00,16:21:11,25000,24000,,800,15,36,29,25,40,Víctor,7,44,CUMPLE,CUMPLE,CUMPLE,Se paró alas 3.55 asta 4.11 por problemas con la cadena de la olla,SI,"18,60"
30/07/2025,SEMANA 5,MIERCOLES,65,NUCLEO 4,TURNO 2,PLANTA 2,,NA,6,14:00:00,22:02:00,27100,26000,,1307,16,39,22,25,40,Pablo,8,,CUMPLE,CUMPLE,CUMPLE,,,"17,70"
30/07/2025,SEMANA 5,MIERCOLES,65,NUCLEO 4,TURNO 1,PLANTA 2,,NA,5,6:00:00,14:00:00,25000,27000,2232,,13,39,22,25,40,Brayan,6,42,CUMPLE,CUMPLE,CUMPLE,Se inició producción alas 6.50 por problemas con el cañon se paró nuevamente alas 9.15 asta las 9.43 por problemas con la Vanda 4,SI,"16,10"
31/07/2025,SEMANA 5,JUEVES,558,NUCLEO MAGNESIO-SILICIO EM,TURNO 1,PLANTA 2,,NA,5,6:00:00,10:18:00,22000,24000,3000,,11,39,23,28,40,Stiven y pedro,8,,CUMPLE,CUMPLE,CUMPLE,,,"21,80"
31/07/2025,SEMANA 5,JUEVES,558,NUCLEO MAGNESIO-SILICIO EM,TURNO 2,PLANTA 2,,NA,5,14:00:00,22:00:00,14918,14000,,3494,10,39,22,25,40,Wilmar,6,15,CUMPLE,CUMPLE,CUMPLE,En total por problemas con motobombas q surte el tanque y por cadena de la banda 3 se perdieron 1 hora con 45 minutos,SI,"25,10"
31/07/2025,SEMANA 5,JUEVES,62,NUCLEO CAMASI GRIS,TURNO 1,PLANTA 1,,NA,5,6:00:00,13:53:00,27000,28000,,,16,36,29,29,40,Juan gabriel,7,35,CUMPLE,CUMPLE,CUMPLE,,,"16,90"
1/08/2025,SEMANA 1,VIERNES,574,NUCLEO FOSFORO 1,TURNO 2,PLANTA 2,,NA,,14:00:00,22:00:00,16000,14000,,,,,,,,,,,CUMPLE,CUMPLE,CUMPLE,Sin registro,SI,"0,00"
1/08/2025,SEMANA 1,VIERNES,62,NUCLEO CAMASI GRIS,TURNO 1,PLANTA 1,,NA,5,6:00:00,12:07:06,21000,25000,,,,,,,,,6,,CUMPLE,CUMPLE,CUMPLE,No hay toma de registro,SI,"17,10"
1/08/2025,SEMANA 1,VIERNES,574,NUCLEO FOSFORO 1,TURNO 1,PLANTA 2,,NA,5,6:00:00,12:43:00,7000,12000,,2000,6,40,19,33,40,Pedro,6,40,CUMPLE,CUMPLE,CUMPLE,Se paró alas 12.40 por Quemador,SI,"57,10"
2/08/2025,SEMANA 1,SABADO,574,NUCLEO FOSFORO 1,TURNO 1,PLANTA 1,,NA,,12:16:28,12:16:28,20000,22000,,,,,,,,,,,,,,Si registro,SI,"0,00"
4/08/2025,SEMANA 2,LUNES,62,NUCLEO CAMASI GRIS,TURNO 2,PLANTA 2,,NA,5,14:00:00,21:55:00,21000,22000,,3760,22,40,20,37,40,Felipe,8,,CUMPLE,CUMPLE,CUMPLE,El molino molesto todo el turno,SI,"22,90"
4/08/2025,SEMANA 2,LUNES,62,NUCLEO CAMASI GRIS,TURNO 1,PLANTA 2,,NA,5,6:00:00,14:00:00,19000,20000,3000,,16,39,20,33,40,Andres,6,25,CUMPLE,CUMPLE,CUMPLE,De mezcladora y cañon,SI,"20,30"
4/08/2025,SEMANA 2,LUNES,574,NUCLEO FOSFORO 1,TURNO 2,PLANTA 1,,NA,5,14:00:00,15:21:48,18000,21,820,,12,36,24,25,28,Pedro y stiven,8,,CUMPLE,CUMPLE,CUMPLE,El molino se prendió alas 6.35 asta las 7.10,SI,"26,70"
4/08/2025,SEMANA 2,LUNES,574,NUCLEO FOSFORO 1,TURNO 1,PLANTA 1,,NA,6,6:00:00,14:00:00,14000,18000,1000,,12,36,24,30,40,Wilmar,7,16,CUMPLE,CUMPLE,CUMPLE,Se inició alas 6.20 por falta de montacarga  y se para alas 9.55 asta las 10.19 por cañon,SI,"31,10"
5/08/2025,SEMANA 2,MARTES,65,NUCLEO 4,TURNO 1,PLANTA 2,,NA,5,6:00:00,14:00:00,21000,24000,1600,,19,40,22,36,40,Víctor,8,,CUMPLE,CUMPLE,CUMPLE,,,"22,90"
5/08/2025,SEMANA 2,MARTES,65,NUCLEO 4,TURNO 2,PLANTA 2,,NA,5,14:00:00,22:00:00,22000,22000,1770,,19,40,22,36,40,James,7,35,CUMPLE,CUMPLE,CUMPLE,Se paró alas 3.25 PM por cañon  se inició alas 4.00 pm,SI,"20,70"
5/08/2025,SEMANA 2,MARTES,574,NUCLEO FOSFORO 1,TURNO 1,PLANTA 1,,NA,6,6:00:00,14:00:00,19000,22000,,,12,40,27,28,40,Aider,7,26,CUMPLE,CUMPLE,CUMPLE,Se inició producción alas 6.34 por  problemas en banda 2,SI,"23,50"
5/08/2025,SEMANA 2,MARTES,574,NUCLEO FOSFORO 1,TURNO 2,PLANTA 1,,NA,6,14:00:00,22:00:00,14130,19000,,15400,12,40,27,28,40,Stiven,8,,CUMPLE,CUMPLE,CUMPLE,Se trabajo sin molino desde las 2.45,SI,"34,00"
6/08/2025,SEMANA 2,MIERCOLES,574,NUCLEO FOSFORO 1,TURNO 2,PLANTA 1,,NA,,8:35:15,8:35:15,10000,10000,,,,,,,,,,,CUMPLE,CUMPLE,CUMPLE,Sin registro,SI,"0,00"
6/08/2025,SEMANA 2,MIERCOLES,65,NUCLEO 4,TURNO 1,PLANTA 2,,NA,6,6:00:00,14:00:00,23000,23000,3105,,9,40,20,43,40,Andres,6,28,CUMPLE,CUMPLE,CUMPLE,Se paró alas 6.10 am asta las 6.41 am por cañon se paró alas 9. 05 por revisión de gas asta las 10.16 am,SI,"16,90"
6/08/2025,SEMANA 2,MIERCOLES,574,NUCLEO FOSFORO 1,TURNO 1,PLANTA 1,,NA,6,6:00:00,14:00:00,8000,11000,1000,,10,40,26,22,40,Pablo,5,30,CUMPLE,CUMPLE,CUMPLE,Se inició producción alas 7.07 por problemas eléctricos alas 7.30 se paró por banda 2 asta las 7.53 se paró alas 10.30 am por revición de válvulas de gas asta las 12.15 PM,SI,"41,30"
6/08/2025,SEMANA 2,MIERCOLES,65,NUCLEO 4,TURNO 2,PLANTA 2,,NA,,8:33:34,8:33:34,19000,17000,,,,,,,,,,,CUMPLE,CUMPLE,CUMPLE,Sin registro,SI,"0,00"
8/08/2025,SEMANA 2,VIERNES,65,NUCLEO 4,TURNO 1,PLANTA 2,,NA,6,6:00:00,11:16:48,11000,13000,1933,,19,40,21,34,40,Jhon,4,10,CUMPLE,CUMPLE,CUMPLE,Se inició producción alas 9.50 am por limpieza de tubo secador,SI,"22,70"
8/08/2025,SEMANA 2,VIERNES,62,NUCLEO CAMASI GRIS,TURNO 1,PLANTA 1,,NA,6,6:00:00,14:00:00,7000,10000,1530,,18,40,23,25,40,Wilmar,2,30,CUMPLE,CUMPLE,CUMPLE,Se terminó de limpiar el tubo secador alas 10.30 am pero se inició producción alas 11.30 am por problemas con el cañon,SI,"21,40"
8/08/2025,SEMANA 2,VIERNES,62,NUCLEO CAMASI GRIS,TURNO 2,PLANTA 1,,NA,6,14:00:00,22:00:00,23200,22000,2000,3450,13,40,23,30,30,Stiven,7,45,CUMPLE,CUMPLE,CUMPLE,Se paró 15 minutos por problemas con el cañon,SI,"20,00"
8/08/2025,SEMANA 2,VIERNES,65,NUCLEO 4,TURNO 2,PLANTA 2,,NA,6,14:00:00,22:00:00,24804,23000,,2300,30,40,20,30,40,Gabriel,8,,CUMPLE,CUMPLE,CUMPLE,,,"19,40"
9/08/2025,SEMANA 2,SABADO,558,NUCLEO MAGNESIO-SILICIO EM,TURNO 2,PLANTA 1,,NA,6,14:00:00,22:00:00,20000,25000,,7790,12,38,23,35,40,Pedro,8,,CUMPLE,CUMPLE,CUMPLE,,,"24,00"
9/08/2025,SEMANA 2,SABADO,558,NUCLEO MAGNESIO-SILICIO EM,TURNO 1,PLANTA 1,,NA,6,6:00:00,14:00:00,19000,24000,5357,4000,11,38,23,35,44,Stiven,8,,CUMPLE,CUMPLE,CUMPLE,Ubo poco rendimiento por pruebas q se hicieron al principio donde no se evidenció bueno resultados,SI,"25,30"
11/08/2025,SEMANA 3,LUNES,62,NUCLEO CAMASI GRIS,TURNO 2,PLANTA 2,,NA,6,14:00:00,22:00:00,22450,22000,760,2200,14,40,20,34,40,Maracas,8,,CUMPLE,CUMPLE,CUMPLE,,,"21,40"
11/08/2025,SEMANA 3,LUNES,62,NUCLEO CAMASI GRIS,TURNO 1,PLANTA 2,,NA,6,6:00:00,14:00:00,23000,26000,,,17,40,20,33,40,James,7,39,CUMPLE,CUMPLE,CUMPLE,Se paró alas 11.10 am asta las 11.26 se paró nuevamente alas 12.15 PM asta las 12.30 por cañon,SI,"20,00"
11/08/2025,SEMANA 3,LUNES,558,NUCLEO MAGNESIO-SILICIO EM,TURNO 2,PLANTA 1,,NA,6,14:00:00,22:00:00,18273,19,4000,6571,12,41,25,30,40,Pablo,7,6,CUMPLE,CUMPLE,CUMPLE,Se inició producción alas 2.36 por cambio de Vanda 2,SI,"23,30"
11/08/2025,SEMANA 3,LUNES,558,NUCLEO MAGNESIO-SILICIO EM,TURNO 1,PLANTA 1,,NA,6,6:00:00,14:00:00,16000,23000,4000,,12,41,27,30,35,Brayan,7,20,CUMPLE,CUMPLE,CUMPLE,Se inició producción alas 6.40 por quemador y banda 3,SI,"27,50"
12/08/2025,SEMANA 3,MARTES,679,NUCLEO FOSFORO 10,TURNO 1,PLANTA 2,,NA,6,6:00:00,14:00:00,22000,26000,1268,,25,40,21,40,40,Gabriel,7,44,CUMPLE,CUMPLE,CUMPLE,Se paró alas 8.20 asta las 8.36 por arreglo de banda 4,SI,"21,10"
12/08/2025,SEMANA 3,MARTES,679,NUCLEO FOSFORO 10,TURNO 2,PLANTA 2,,NA,5,14:00:00,22:00:00,22800,17000,4000,1040,16,40,21,42,40,Andres,8,,CUMPLE,CUMPLE,CUMPLE,,,"21,10"
12/08/2025,SEMANA 3,MARTES,65,NUCLEO 4,TURNO 2,PLANTA 1,,NA,6,14:00:00,22:00:00,24415,29000,1300,10000,17,41,30,18,32,Wilmar,7,41,CUMPLE,CUMPLE,CUMPLE,Se paró alas 5.15 PM asta las 5.34 por cambio de clavija de la mezcladora,SI,"18,90"
12/08/2025,SEMANA 3,MARTES,65,NUCLEO 4,TURNO 1,PLANTA 1,,NA,6,6:00:00,14:00:00,14000,18000,2350,,17,41,30,26,40,Pedro,4,,CUMPLE,CUMPLE,CUMPLE,Se inició alas 10 am por limpieza de tubo,SI,"17,10"
13/08/2025,SEMANA 3,MIERCOLES,997,FE SULFATO ZINC 22,TURNO 2,PLANTA 2,,NA,,8:38:27,8:38:27,14000,11000,,,,,,,,,,,CUMPLE,CUMPLE,CUMPLE,Sin registro,SI,"0,00"
13/08/2025,SEMANA 2,MIERCOLES,141,SULFATO DE CALCIO,TURNO 2,PLANTA 1,,NA,,8:42:09,8:42:09,24850,28000,,,,,,,,,,,CUMPLE,CUMPLE,CUMPLE,Sin registro,SI,"0,00"
13/08/2025,SEMANA 3,MIERCOLES,141,SULFATO DE CALCIO,TURNO 2,PLANTA 1,,NA,,9:04:21,9:04:21,24850,28000,,,,,,,,,,,CUMPLE,CUMPLE,CUMPLE,Sin registro,SI,"0,00"
13/08/2025,SEMANA 3,MIERCOLES,141,SULFATO DE CALCIO,TURNO 1,PLANTA 1,,NA,6,6:00:00,14:00:00,24000,31000,,4000,18000,38,30,20,32,Pedro,8,,CUMPLE,CUMPLE,CUMPLE,,,"20,00"
13/08/2025,SEMANA 3,MIERCOLES,997,FE SULFATO ZINC 22,TURNO 1,PLANTA 2,,NA,6,6:00:00,14:00:00,14000,13000,900,,7,40,22,24,40,Jan Carlos,8,,CUMPLE,CUMPLE,CUMPLE,,,"34,30"
14/08/2025,SEMANA 3,JUEVES,997,FE SULFATO ZINC 22,TURNO 1,PLANTA 2,,NA,,8:44:01,8:44:01,6000,9000,,,,,,,,,,,CUMPLE,CUMPLE,CUMPLE,Sin registro,SI,"0,00"
14/08/2025,SEMANA 3,JUEVES,997,FE SULFATO ZINC 22,TURNO 2,PLANTA 2,,NA,,8:48:28,8:48:28,13960,,9000,,,,,,,,,,CUMPLE,CUMPLE,CUMPLE,Sin registro,SI,"0,00"
14/08/2025,SEMANA 3,JUEVES,65,NUCLEO 4,TURNO 1,PLANTA 1,,NA,,8:45:16,8:45:16,12000,18000,,,,,,,,,,,CUMPLE,CUMPLE,CUMPLE,Sin registro,SI,"0,00"
14/08/2025,SEMANA 3,JUEVES,65,NUCLEO 4,TURNO 2,PLANTA 1,,NA,,8:46:33,8:46:33,10000,10000,,,,,,,,,,,CUMPLE,CUMPLE,CUMPLE,Sin registro,SI,"0,00"
15/08/2025,SEMANA 3,VIERNES,563,NUCLEO CAMASI YARA,TURNO 2,PLANTA 1,,NA,,8:50:56,8:50:56,24000,24000,,,,,,,,,,,CUMPLE,CUMPLE,CUMPLE,Sin registro,SI,"0,00"
15/08/2025,SEMANA 3,VIERNES,997,FE SULFATO ZINC 22,TURNO 2,PLANTA 2,,NA,,8:52:17,8:52:17,4000,5000,,,,,,,,,,,CUMPLE,CUMPLE,CUMPLE,Sin registro,SI,"0,00"
15/08/2025,SEMANA 3,VIERNES,997,FE SULFATO ZINC 22,TURNO 1,PLANTA 2,,NA,,8:55:19,8:55:19,12000,10000,,,,,,,,,,,CUMPLE,CUMPLE,CUMPLE,Sin registro,SI,"0,00"
15/08/2025,SEMANA 3,VIERNES,62,NUCLEO CAMASI GRIS,TURNO 1,PLANTA 1,,NA,,8:49:36,8:49:36,19775,23000,,,,,,,,,,,CUMPLE,CUMPLE,CUMPLE,Sin registro,SI,"0,00"
16/08/2025,SEMANA 3,SABADO,65,NUCLEO 4,TURNO 2,PLANTA 2,,NA,5,14:00:00,22:00:00,19000,16000,2000,2000,18,40,22,37,40,Victor,7,45,CUMPLE,CUMPLE,CUMPLE,Se inició alas 2.15 PM por falta de montacarga y todo el turno el caño estaba con caja precion,SI,"24,50"
16/08/2025,SEMANA 3,SABADO,65,NUCLEO 4,TURNO 1,PLANTA 2,,NA,6,6:00:00,14:00:00,20000,24000,,,18,40,20,48,40,José ducney,7,25,CUMPLE,CUMPLE,CUMPLE,Se inició producción alas 6. 35  am por cañon se paró alas 12.05 por revisión en red de gas asta las 12.30,SI,"22,30"
16/08/2025,SEMANA 3,SABADO,563,NUCLEO CAMASI YARA,TURNO 2,PLANTA 1,,NA,6,14:00:00,22:00:00,24876,26000,,3886,17,38,20,25,40,Wilmar,8,,CUMPLE,CUMPLE,CUMPLE,,,"19,30"
16/08/2025,SEMANA 3,SABADO,563,NUCLEO CAMASI YARA,TURNO 1,PLANTA 1,,NA,6,6:00:00,14:00:00,23000,27000,1000,3000,17,38,30,23,25,Pedro,8,,CUMPLE,CUMPLE,CUMPLE,,,"20,90"
19/08/2025,SEMANA 4,MARTES,563,NUCLEO CAMASI YARA,TURNO 2,PLANTA 1,,NA,6,14:00:00,22:00:00,23420,27000,,7000,18,22,22,30,40,Brayan,7,,CUMPLE,CUMPLE,CUMPLE,Se paró alas 4.20 PM asta las 5.20 por falta de montacarga,SI,"17,90"
19/08/2025,SEMANA 4,MARTES,563,NUCLEO CAMASI YARA,TURNO 1,PLANTA 1,,NA,5,6:00:00,14:00:00,25000,29000,886,,17,38,31,31,27,Andres,7,40,CUMPLE,CUMPLE,CUMPLE,Se paró 20 minutos por falta de mezcla y problemas eléctricos,SI,"18,40"
19/08/2025,SEMANA 4,MARTES,35,SILIMAGRAN,TURNO 2,PLANTA 2,,NA,6,14:00:00,22:00:00,15000,15000,,4000,12,40,22,25,40,Pedro,8,,CUMPLE,CUMPLE,CUMPLE,Baja temperatura desde las 4 en adelanté,SI,"32,00"
19/08/2025,SEMANA 4,MARTES,35,SILIMAGRAN,TURNO 1,PLANTA 2,,NA,5,6:00:00,14:00:00,12000,17000,,,12,40,24,34,40,Pablo,7,27,CUMPLE,CUMPLE,CUMPLE,Se inició alas 6.15 am por conexión de mezcladora alas 8.45 asta las 9.03 se apagó el cañon,SI,"37,30"
20/08/2025,SEMANA 4,MIERCOLES,62,NUCLEO CAMASI GRIS,TURNO 1,PLANTA 1,,NA,5,6:00:00,14:00:00,20000,26000,1000,2000,15,38,29,22,27,Maracas,7,40,CUMPLE,CUMPLE,CUMPLE,Se paró 20 minutos por cañon,SI,"23,00"
20/08/2025,SEMANA 4,MIERCOLES,300,K2K,TURNO 1,PLANTA 2,,NA,5,6:00:00,14:00:00,8000,11000,3000,,15,40,22,18,40,Pablo,4,20,CUMPLE,CUMPLE,CUMPLE,Se inició producción alas 8.40 am por limpieza de tubo secador alas 9.25 se apagó el canon asta las 10.30 am,SI,"32,50"
20/08/2025,SEMANA 4,MIERCOLES,300,K2K,TURNO 2,PLANTA 2,,NA,,9:11:37,9:11:37,12820,12000,,,,,,,,,8,,CUMPLE,CUMPLE,CUMPLE,Sin registro,SI,"37,40"
20/08/2025,SEMANA 4,MIERCOLES,62,NUCLEO CAMASI GRIS,TURNO 2,PLANTA 1,,NA,,9:10:34,9:10:34,20400,23000,,,,,,,,,,,CUMPLE,CUMPLE,CUMPLE,Sin registro,SI,"0,00"
21/08/2025,SEMANA 4,JUEVES,679,NUCLEO FOSFORO 10,TURNO 2,PLANTA 2,,NA,,9:14:37,9:14:37,17565,15000,,,,,,,,,,,CUMPLE,CUMPLE,CUMPLE,Sin registro,SI,"0,00"
21/08/2025,SEMANA 4,JUEVES,65,NUCLEO 4,TURNO 1,PLANTA 1,,NA,5,6:00:00,14:00:00,8000,15000,,3000,10,38,31,36,27,Víctor,4,,CUMPLE,CUMPLE,CUMPLE,Se inició alas 10.00 am por limpieza de mezcladora y tubo secador,SI,"30,00"
21/08/2025,SEMANA 4,JUEVES,65,NUCLEO 4,TURNO 2,PLANTA 1,,NA,6,14:00:00,22:00:00,20000,25000,,4400,12,38,30,20,40,James,8,,CUMPLE,CUMPLE,CUMPLE,Cañon caja temperatura todo el turno la turbina del cañon trabajo medio tirno,SI,"24,00"
21/08/2025,SEMANA 4,JUEVES,679,NUCLEO FOSFORO 10,TURNO 1,PLANTA 2,,NA,6,6:00:00,14:00:00,4000,7000,,,22,40,25,18,40,Wilmar,2,20,CUMPLE,CUMPLE,CUMPLE,Se inició alas 11.40 am por problemas con el cañon,SI,"35,00"
22/08/2025,SEMANA 4,VIERNES,62,NUCLEO CAMASI GRIS,TURNO 1,PLANTA 2,,NA,6,6:00:00,14:00:00,5000,6000,,500,18,40,22,25,40,Wilmar,2,25,CUMPLE,CUMPLE,CUMPLE,Se inició alas 7. 15 am por problemas con mezcladora y  cañon,SI,"29,00"
22/08/2025,SEMANA 4,VIERNES,65,NUCLEO 4,TURNO 1,PLANTA 1,,NA,5,6:00:00,14:00:00,21000,26000,,1000,14,38,30,29,30,Andres,8,,CUMPLE,CUMPLE,CUMPLE,Baja presión de tubo secador por falta de turbina,SI,"22,90"
22/08/2025,SEMANA 4,VIERNES,679,NUCLEO FOSFORO 10,TURNO 2,PLANTA 2,,NA,6,14:00:00,22:00:00,17565,15000,,580,15,40,22,12,40,Pedro,8,,CUMPLE,CUMPLE,CUMPLE,Baja temperatura del çañon todo el turno,SI,"27,30"
22/08/2025,SEMANA 4,VIERNES,452,NUCLEO CAMASI ROJO,TURNO 1,PLANTA 2,,NA,6,9:00:00,2:00:00,8000,11000,,,19,40,27,29,40,Wilmar,4,20,CUMPLE,CUMPLE,CUMPLE,,,"32,50"
25/08/2025,SEMANA 1,LUNES,574,NUCLEO FOSFORO 1,TURNO 2,PLANTA 1,,NA,,12:17:42,12:17:42,17000,18000,,,,,,,,,,,CUMPLE,CUMPLE,CUMPLE,Sin registro,SI,"0,00"
25/08/2025,SEMANA 5,LUNES,65,NUCLEO 4,TURNO 1,PLANTA 1,,NA,6,6:00:00,14:00:00,10000,13000,,,12,38,33,16,30,Gabriel,3,55,CUMPLE,CUMPLE,CUMPLE,Se inició producción alas 10.05 por limpieza de tubo secador,SI,"23,50"
25/08/2025,SEMANA 5,LUNES,65,NUCLEO 4,TURNO 2,PLANTA 1,,NA,5,14:00:00,22:00:00,22000,22000,,13000,12,40,25,26,27,Talivan,8,,CUMPLE,CUMPLE,CUMPLE,,,"21,80"
25/08/2025,SEMANA 1,LUNES,62,NUCLEO CAMASI GRIS,TURNO 2,PLANTA 1,,NA,,14:00:00,22:00:00,24000,24000,,,,,,,,,8,,CUMPLE,CUMPLE,CUMPLE,Sin registro,SI,"20,00"
25/08/2025,SEMANA 5,LUNES,679,NUCLEO FOSFORO 10,TURNO 2,PLANTA 2,,NA,6,14:00:00,22:00:00,22660,22000,,595,28,40,20,23,40,Jhonatan sevilla,8,,CUMPLE,CUMPLE,CUMPLE,,,"21,20"
25/08/2025,SEMANA 5,LUNES,679,NUCLEO FOSFORO 10,TURNO 1,PLANTA 2,,NA,5,6:00:00,14:00:00,13000,16000,580,,26,40,24,24,40,Pedro,6,30,CUMPLE,CUMPLE,CUMPLE,Se inició producción alas 7.30 am por problemas con el cañon,SI,"30,00"
26/08/2025,SEMANA 5,MARTES,65,NUCLEO 4,TURNO 2,PLANTA 1,,NA,5,14:00:00,22:00:00,18000,19000,,3500,12,40,30,18,40,Andrés,8,,CUMPLE,CUMPLE,CUMPLE,,,"26,70"
26/08/2025,SEMANA 5,MARTES,62,NUCLEO CAMASI GRIS,TURNO 2,PLANTA 2,,NA,6,14:00:00,22:00:00,18386,18000,,957,28,40,20,23,40,Juan esteban,8,,CUMPLE,CUMPLE,CUMPLE,Desde las 3.47 PM baja precio de candela,SI,"26,10"
26/08/2025,SEMANA 5,MARTES,62,NUCLEO CAMASI GRIS,TURNO 1,PLANTA 2,,NA,5,6:00:00,14:00:00,15000,17000,,,29,40,22,25,40,Stiven,6,,CUMPLE,CUMPLE,CUMPLE,Se paró alas 10.26 am asta las 12.20 PM por problemas con la motobomba,SI,"24,00"
26/08/2025,SEMANA 5,MARTES,65,NUCLEO 4,TURNO 1,PLANTA 1,,NA,6,6:00:00,14:00:00,25000,27000,23000,,12,40,28,40,42,Jan Carlos,8,,CUMPLE,CUMPLE,CUMPLE,,,"19,20"
27/08/2025,SEMANA 5,MIERCOLES,65,NUCLEO 4,TURNO 2,PLANTA 1,,NA,5,14:00:00,22:00:00,13000,14000,,2850,14,40,30,27,30,Victor,6,,CUMPLE,CUMPLE,CUMPLE,Se paró alas 5.40 asta las 7.40 por limpieza de tubo secador,SI,"27,70"
27/08/2025,SEMANA 5,MIERCOLES,65,NUCLEO 4,TURNO 1,PLANTA 1,,NA,6,6:00:00,14:00:00,23000,25000,2500,,10,40,26,40,37,James,8,,CUMPLE,CUMPLE,CUMPLE,,,"20,90"
27/08/2025,SEMANA 5,MIERCOLES,141,SULFATO DE CALCIO,TURNO 2,PLANTA 2,,NA,6,14:00:00,22:00:00,11000,12000,260,3500,25,40,21,25,40,Pablo,5,20,CUMPLE,CUMPLE,CUMPLE,Total tiempo perdido por problemas con el cañon 160 minutos,SI,"29,10"
27/08/2025,SEMANA 5,MIERCOLES,141,SULFATO DE CALCIO,TURNO 1,PLANTA 2,,NA,,6:00:00,14:00:00,14000,14000,1000,,20,40,21,15,35,Pedro,8,,CUMPLE,CUMPLE,CUMPLE,Nota baja temperatura del çañon todo el turno,SI,"34,30"
28/08/2025,SEMANA 5,JUEVES,62,NUCLEO CAMASI GRIS,TURNO 1,PLANTA 2,,NA,5,6:00:00,14:00:00,13000,15000,,,20,40,20,15,40,Stiven,6,45,CUMPLE,CUMPLE,CUMPLE,Se inició producción alas 7.15 am por limpieza de Aria de trabajo y por problemas con la mezcladora,SI,"31,20"
28/08/2025,SEMANA 5,JUEVES,62,NUCLEO CAMASI GRIS,TURNO 2,PLANTA 2,,NA,6,14:00:00,22:00:00,19440,17000,1957,624,24,40,21,31,40,Wilmar,8,,CUMPLE,CUMPLE,CUMPLE,El cañon molestó después de las 9 PM,SI,"24,70"
28/08/2025,SEMANA 5,JUEVES,65,NUCLEO 4,TURNO 2,PLANTA 1,,NA,5,14:00:00,22:00:00,23000,23000,,1200,13,40,29,25,40,Maracas,8,,,CUMPLE,CUMPLE,,,"20,90"
28/08/2025,SEMANA 5,JUEVES,65,NUCLEO 4,TURNO 1,PLANTA 1,,NA,5,6:00:00,14:00:00,24000,27000,,,13,40,26,40,41,Michin,8,,CUMPLE,CUMPLE,CUMPLE,Se trabajo desde las 12.15 sin molino,SI,"20,00"
29/08/2025,SEMANA 5,VIERNES,65,NUCLEO 4,TURNO 2,PLANTA 1,,NA,5,14:00:00,22:00:00,,,,,12,40,30,37,40,Andres,,,CUMPLE,CUMPLE,CUMPLE,,,
29/08/2025,SEMANA 5,VIERNES,65,NUCLEO 4,TURNO 1,PLANTA 1,,NA,6,6:00:00,14:00:00,26000,26000,3200,,15,40,26,40,40,Jan Carlos,8,,CUMPLE,CUMPLE,CUMPLE,,,"18,50"
29/08/2025,SEMANA 5,VIERNES,452,NUCLEO CAMASI ROJO,TURNO 1,PLANTA 2,,NA,5,6:00:00,14:00:00,15000,15000,5000,,25,40,21,30,40,Brayan,8,,CUMPLE,CUMPLE,CUMPLE,Desde las 12.30 PM el cañon comenzó a molestar,SI,"32,00"
29/08/2025,SEMANA 5,VIERNES,452,NUCLEO CAMASI ROJO,TURNO 2,PLANTA 2,,NA,6,14:00:00,22:00:00,,,,,20,40,21,23,40,Aider,,,CUMPLE,CUMPLE,CUMPLE,,,
31/08/2025,SEMANA 5,DOMINGO,62,NUCLEO CAMASI GRIS,TURNO 2,PLANTA 1,,NA,6,14:00:00,21:52:00,20000,22000,,750,15,36,25,30,40,Wilmar,7,17,CUMPLE,CUMPLE,CUMPLE,En total se perdieron 43 minutos por problemas con motobomba y cañon,SI,"21,90"
1/09/2025,SEMANA 1,LUNES,141,SULFATO DE CALCIO,TURNO 2,PLANTA 2,,NA,6,14:00:00,22:00:00,17000,17000,,2000,20,39,16,33,40,James,,,CUMPLE,CUMPLE,CUMPLE,Después de las 6 PM la temperatura del çañon se comenzó a molestar,SI,"0,00"
1/09/2025,SEMANA 1,LUNES,141,SULFATO DE CALCIO,TURNO 1,PLANTA 2,,NA,5,6:00:00,14:00:00,17000,18000,,,16,39,16,33,40,Jhon,8,,CUMPLE,CUMPLE,,,,"28,20"
1/09/2025,SEMANA 1,LUNES,558,NUCLEO MAGNESIO-SILICIO EM,TURNO 2,PLANTA 1,,NA,4,14:00:00,22:00:00,13590,21000,,5000,11,38,29,25,35,Pedro,7,45,CUMPLE,CUMPLE,CUMPLE,Se paró 15 minutos por  problemas con el cañon,SI,"34,20"
1/09/2025,SEMANA 1,LUNES,558,NUCLEO MAGNESIO-SILICIO EM,TURNO 1,PLANTA 1,,NA,5,6:00:00,14:00:00,5000,10000,,,12,38,27,25,40,Pablo,3,45,CUMPLE,CUMPLE,CUMPLE,Se inició alas 10.15 am por limpieza de tubo secador,SI,"45,00"
2/09/2025,SEMANA 1,MARTES,65,NUCLEO 4,TURNO 2,PLANTA 2,,NA,6,14:00:00,22:00:00,20000,15000,3000,1000,11,39,25,30,35,José ducney,8,,CUMPLE,CUMPLE,CUMPLE,La temperatura del çañon molesto bastante,SI,"24,00"
2/09/2025,SEMANA 1,MARTES,65,NUCLEO 4,TURNO 1,PLANTA 2,,NA,6,6:00:00,14:00:00,21000,22000,2770,,21,40,25,40,35,Maracas,8,,CUMPLE,CUMPLE,CUMPLE,Después de las 10 am comenzó a molestar el cañon,SI,"22,90"
2/09/2025,SEMANA 1,MARTES,558,NUCLEO MAGNESIO-SILICIO EM,TURNO 2,PLANTA 1,,NA,4,14:00:00,22:00:00,19640,19000,,5000,10,37,30,25,35,Pedro,8,,CUMPLE,CUMPLE,CUMPLE,Alas 3.45 PM se daño el molino,SI,"24,40"
2/09/2025,SEMANA 1,MARTES,563,NUCLEO CAMASI YARA,TURNO 1,PLANTA 1,,NA,5,6:00:00,11:10:00,11545,12,1642,1500,15,38,22,30,40,Juan David,5,10,CUMPLE,CUMPLE,CUMPLE,,,"26,90"
2/09/2025,SEMANA 1,MARTES,558,NUCLEO MAGNESIO-SILICIO EM,TURNO 1,PLANTA 1,,NA,5,11:20:00,14:00:00,6000,12000,1216,,14,37,31,25,40,Juan David,2,45,CUMPLE,CUMPLE,CUMPLE,,,"27,50"
3/09/2025,SEMANA 1,MIERCOLES,65,NUCLEO 4,TURNO 2,PLANTA 2,,NA,5,14:00:00,22:00:00,19000,15000,5000,,13,40,23,31,40,Jan Carlos,8,,CUMPLE,CUMPLE,CUMPLE,,,"25,30"
3/09/2025,SEMANA 1,MIERCOLES,558,NUCLEO MAGNESIO-SILICIO EM,TURNO 2,PLANTA 1,,NA,4,14:00:00,22:00:00,11370,13000,,9000,13,40,31,32,40,Pedro,4,18,CUMPLE,CUMPLE,CUMPLE,Se paró alas 6.18 PM por problemas en tubo secador,SI,"22,70"
3/09/2025,SEMANA 1,MIERCOLES,141,SULFATO DE CALCIO,TURNO 1,PLANTA 2,,NA,6,6:00:00,14:00:00,17000,14000,3739,590,20,40,23,34,40,Victor,8,,CUMPLE,CUMPLE,CUMPLE,Baja temperatura del çañon todo el turno,SI,"28,20"
3/09/2025,SEMANA 1,MIERCOLES,558,NUCLEO MAGNESIO-SILICIO EM,TURNO 1,PLANTA 1,,NA,5,6:00:00,14:00:00,14000,25000,2000,4000,10,40,31,30,40,Aider,8,,CUMPLE,CUMPLE,CUMPLE,El cañon comenzó a calentar bien después de las 10.30am,SI,"34,30"
4/09/2025,SEMANA 1,JUEVES,65,NUCLEO 4,TURNO 1,PLANTA 2,,NA,6,6:00:00,8:30:00,5527,5000,2000,1290,15,40,31,25,40,Andres,2,30,CUMPLE,CUMPLE,CUMPLE,Alas 7.55 am se paró asta las 8.30 am por cambio de mezcla,SI,"27,10"
4/09/2025,SEMANA 1,JUEVES,563,NUCLEO CAMASI YARA,TURNO 1,PLANTA 2,,NA,6,8:30:00,14:00:00,14000,13000,2537,,15,40,30,25,40,Andrés,4,30,CUMPLE,CUMPLE,CUMPLE,,,"19,30"
4/09/2025,SEMANA 1,JUEVES,65,NUCLEO 4,TURNO 2,PLANTA 1,,NA,4,14:00:00,22:00:00,15000,19000,,2300,15,40,30,25,40,Pedro,5,,CUMPLE,CUMPLE,CUMPLE,Se inició alas 2.45 PM por adecuación de bodega se paró alas 7.40 PM por cañon,SI,"20,00"
4/09/2025,SEMANA 1,JUEVES,563,NUCLEO CAMASI YARA,TURNO 2,PLANTA 2,,NA,6,14:00:00,22:00:00,15000,12000,2000,,18,40,25,25,40,Gabriel,6,25,CUMPLE,CUMPLE,,Se paró alas 2.48 PM por problemas con el separador de finos se inició alas 3.31 PM se paró alas 3.34 PM por çañon asta las 4.26 pm,SI,"25,70"
5/09/2025,SEMANA 1,VIERNES,62,NUCLEO CAMASI GRIS,TURNO 1,PLANTA 1,,NA,5,6:00:00,14:00:00,16000,,,,17,40,25,31,40,Pablo,5,50,CUMPLE,CUMPLE,CUMPLE,Se inició alas 8.10 am por quemador,SI,"21,90"
5/09/2025,SEMANA 1,VIERNES,563,NUCLEO CAMASI YARA,TURNO 1,PLANTA 2,,NA,6,6:00:00,14:00:00,24000,,,,20,40,20,31,35,Maracas,8,,CUMPLE,CUMPLE,CUMPLE,,,"20,00"
6/09/2025,SEMANA 1,SABADO,141,SULFATO DE CALCIO,TURNO 1,PLANTA 1,,NA,5,6:00:00,14:00:00,22000,27000,,3100,20,38,25,40,40,Sevillano,6,45,CUMPLE,CUMPLE,CUMPLE,Se inició alas 7 15 am por problemas con el cañon,SI,"18,40"
6/09/2025,SEMANA 1,SABADO,141,SULFATO DE CALCIO,TURNO 1,PLANTA 2,,NA,5,6:00:00,14:00:00,16700,20000,,2200,17,40,20,37,40,Pedro,8,,CUMPLE,CUMPLE,CUMPLE,,,"28,70"
8/09/2025,SEMANA 2,LUNES,65,NUCLEO 4,TURNO 1,PLANTA 1,,NA,4,6:00:00,14:00:00,23000,28000,,2000,14,38,30,30,40,Pedro,7,32,CUMPLE,CUMPLE,CUMPLE,Se inició alas 6 am pero tocó parar alas 6.30 am asta las 6.58 am por problemas con la motobomba,SI,"19,70"
8/09/2025,SEMANA 2,LUNES,579,NUCLEO MANGANESO,TURNO 2,PLANTA 2,,NA,5,14:00:00,22:00:00,20710,,,,17,40,23,13,40,Victor,7,35,CUMPLE,CUMPLE,CUMPLE,,,"22,00"
8/09/2025,SEMANA 2,LUNES,65,NUCLEO 4,TURNO 2,PLANTA 1,,NA,5,14:00:00,22:00:00,26360,,,,14,38,30,40,40,Pablo,8,,CUMPLE,CUMPLE,CUMPLE,,,"18,20"
8/09/2025,SEMANA 2,LUNES,65,NUCLEO 4,TURNO 2,PLANTA 1,,NA,5,14:00:00,22:00:00,26360,2900,,3987,15,38,30,40,40,Pablo,8,,CUMPLE,CUMPLE,CUMPLE,,,"18,20"
8/09/2025,SEMANA 2,LUNES,579,NUCLEO MANGANESO,TURNO 1,PLANTA 2,,NA,6,6:00:00,14:00:00,19000,21000,,,12,40,23,25,40,Michin,8,,CUMPLE,CUMPLE,CUMPLE,,,"25,30"
9/09/2025,SEMANA 2,MARTES,62,NUCLEO CAMASI GRIS,TURNO 2,PLANTA 2,,NA,6,14:00:00,22:00:00,17000,14000,,1450,15,,24,30,40,Andres,7,15,CUMPLE,CUMPLE,CUMPLE,Se paró alas 2.55 PM por variador de alimentador de olla asta las 3.40 pm,SI,"25,60"
9/09/2025,SEMANA 2,MARTES,62,NUCLEO CAMASI GRIS,TURNO 1,PLANTA 2,,NA,6,6:00:00,14:00:00,20000,24000,,,15,40,21,33,40,Jan Carlos,7,40,CUMPLE,CUMPLE,CUMPLE,El cañon se apagó varía veces,SI,"23,00"
9/09/2025,SEMANA 2,MARTES,65,NUCLEO 4,TURNO 1,PLANTA 1,,NA,6,6:00:00,14:00:00,24000,29000,,2000,15,38,30,40,40,Pedro,8,,CUMPLE,CUMPLE,CUMPLE,,,"20,00"
9/09/2025,SEMANA 2,MARTES,65,NUCLEO 4,TURNO 2,PLANTA 1,,NA,5,14:00:00,22:00:00,26574,31000,,5395,14,38,30,40,40,Sevilla,8,,CUMPLE,CUMPLE,CUMPLE,,,"18,10"
10/09/2025,SEMANA 2,MIERCOLES,65,NUCLEO 4,TURNO 1,PLANTA 2,,NA,6,6:00:00,14:00:00,12000,13000,1000,1443,15,40,30,25,40,Gabriel,8,,CUMPLE,CUMPLE,CUMPLE,Baja temperatura del cañon todo el turno,SI,"40,00"
10/09/2025,SEMANA 2,MIERCOLES,65,NUCLEO 4,TURNO 2,PLANTA 1,,NA,5,14:00:00,21:00:00,19929,25000,,11000,15,38,30,43,42,Juan David,8,,CUMPLE,CUMPLE,CUMPLE,,,"24,10"
10/09/2025,SEMANA 2,MIERCOLES,65,NUCLEO 4,TURNO 1,PLANTA 1,,NA,6,6:00:00,14:00:00,19000,,,3000,15,38,30,40,40,Brayan,7,,CUMPLE,CUMPLE,CUMPLE,Se paró ala 1 PM por capacitación,SI,"22,10"
10/09/2025,SEMANA 2,MIERCOLES,160,ZUELO CA,TURNO 2,PLANTA 2,,NA,6,14:00:00,21:00:00,15300,,,,18,40,24,35,40,Andres,7,20,CUMPLE,CUMPLE,CUMPLE,,,"28,80"
11/09/2025,SEMANA 2,JUEVES,65,NUCLEO 4,TURNO 1,PLANTA 2,,NA,6,6:00:00,14:00:00,16000,21000,,,18,40,30,30,40,Walter,5,32,CUMPLE,CUMPLE,CUMPLE,Se inició producción alas 8.08 am por problemas con cañon y banda 2,SI,"20,80"
11/09/2025,SEMANA 2,JUEVES,65,NUCLEO 4,TURNO 2,PLANTA 2,,NA,6,14:00:00,22:00:00,27000,23000,2100,1000,16,40,26,32,40,Andres,8,,CUMPLE,CUMPLE,CUMPLE,,,"17,80"
11/09/2025,SEMANA 2,JUEVES,155,RAIFOS 20,TURNO 2,PLANTA 1,,NA,5,14:00:00,22:00:00,17650,18000,1000,2570,12,40,32,37,30,Aider,8,,CUMPLE,CUMPLE,CUMPLE,,,"27,20"
11/09/2025,SEMANA 2,JUEVES,155,RAIFOS 20,TURNO 1,PLANTA 1,,NA,5,6:00:00,14:00:00,15000,16000,2000,,8,40,32,30,35,Pedro,8,,CUMPLE,CUMPLE,CUMPLE,,,"32,00"
12/09/2025,SEMANA 2,VIERNES,803,NUCLEO MAGNESIO-S,TURNO 1,PLANTA 2,,NA,6,6:00:00,14:00:00,23000,28000,1000,,15,40,20,45,45,Nelson,7,20,CUMPLE,CUMPLE,CUMPLE,Se inició producción alas 6.40 am por limpieza de tubo secador,SI,"19,10"
12/09/2025,SEMANA 2,VIERNES,803,NUCLEO MAGNESIO-S,TURNO 2,PLANTA 2,,NA,6,14:00:00,22:00:00,24000,,,,17,40,23,48,45,Maracas,8,,CUMPLE,CUMPLE,CUMPLE,,,"20,00"
12/09/2025,SEMANA 2,VIERNES,141,SULFATO DE CALCIO,TURNO 2,PLANTA 1,,NA,5,14:00:00,22:00:00,23439,,,,17,39,25,42,40,Aider,8,,CUMPLE,CUMPLE,CUMPLE,,,"20,50"
12/09/2025,SEMANA 2,VIERNES,65,NUCLEO 4,TURNO 1,PLANTA 1,,NA,5,6:00:00,14:00:00,22000,23000,2000,,16,39,31,42,40,Pedro,6,15,CUMPLE,CUMPLE,CUMPLE,Se inició 7.45 am por limpieza de tubo secador,SI,"17,00"
13/09/2025,SEMANA 2,SABADO,62,NUCLEO CAMASI GRIS,TURNO 2,PLANTA 1,,NA,5,14:00:00,22:00:00,22298,22000,2000,2000,15,39,30,40,42,Sevilla,8,,CUMPLE,CUMPLE,CUMPLE,,,"21,50"
13/09/2025,SEMANA 2,SABADO,803,NUCLEO MAGNESIO-S,TURNO 1,PLANTA 2,,NA,6,6:00:00,14:00:00,23460,22000,2500,1000,16,40,22,47,40,Jan Carlos,8,,CUMPLE,CUMPLE,CUMPLE,,,"20,50"
13/09/2025,SEMANA 2,SABADO,141,SULFATO DE CALCIO,TURNO 1,PLANTA 1,,NA,5,6:00:00,14:00:00,22461,23000,1234,658,15,38,30,46,42,Brayan,8,,CUMPLE,CUMPLE,CUMPLE,,,"21,40"
13/09/2025,SEMANA 2,SABADO,574,NUCLEO FOSFORO 1,TURNO 2,PLANTA 2,,NA,6,14:00:00,22:00:00,13340,13000,2770,2000,13,40,24,38,40,Andres,5,1,CUMPLE,CUMPLE,CUMPLE,Se inició alas 2.20 PM se paró alas 4.21 PM asta las 6.10 por problemas con el motor de la mezcladora y se paró alas 7.40 astas las 8.17 PM por cambio de mezcla,SI,"22,60"
14/09/2025,SEMANA 2,DOMINGO,65,NUCLEO 4,TURNO 1,PLANTA 1,,NA,6,6:00:00,14:00:00,28000,29000,1300,,13,39,28,46,44,Pablo,8,,CUMPLE,CUMPLE,CUMPLE,,,"17,10"
14/09/2025,SEMANA 2,DOMINGO,65,NUCLEO 4,TURNO 2,PLANTA 1,,NA,6,14:00:00,22:00:00,28000,,,,16,39,30,48,47,Pedro,8,,CUMPLE,CUMPLE,CUMPLE,,,"17,10"
14/09/2025,SEMANA 2,DOMINGO,65,NUCLEO 4,TURNO 1,PLANTA 2,,NA,6,6:00:00,14:00:00,31000,31000,3000,,21,40,24,53,45,Andres,8,,CUMPLE,CUMPLE,CUMPLE,,,"15,50"
14/09/2025,SEMANA 2,DOMINGO,65,NUCLEO 4,TURNO 2,PLANTA 1,,NA,6,14:00:00,22:00:00,31752,,,,15,40,24,60,45,Gabriel,8,,CUMPLE,CUMPLE,CUMPLE,,,"15,10"
15/09/2025,SEMANA 3,LUNES,62,NUCLEO CAMASI GRIS,TURNO 1,PLANTA 2,I,NA,6,6:00:00,14:00:00,19000,18000,2400,,15,40,22,37,40,Andres,8,,CUMPLE,CUMPLE,CUMPLE,,,"25,30"
15/09/2025,SEMANA 3,LUNES,62,NUCLEO CAMASI GRIS,TURNO 1,PLANTA 1,,NA,5,6:00:00,14:00:00,20000,25000,2000,3300,10,39,30,34,48,Aider,7,,CUMPLE,CUMPLE,CUMPLE,Se inició alas 7 por problemas con el cañon,SI,"21,00"
16/09/2025,SEMANA 3,MARTES,65,NUCLEO 4,TURNO 1,PLANTA 2,,NA,5,6:00:00,14:00:00,16000,21,2300,3000,16,40,22,37,45,Aider,8,,CUMPLE,CUMPLE,CUMPLE,,,"30,00"
16/09/2025,SEMANA 3,MARTES,62,NUCLEO CAMASI GRIS,TURNO 2,PLANTA 2,,NA,6,14:00:00,22:00:00,16000,18000,2580,4500,24,40,21,45,40,Pedro,7,15,CUMPLE,CUMPLE,CUMPLE,Se inició 2.30 PM por cambio de mezcla se pararon 15 minutos por problemas con banda 2,SI,"27,20"
16/09/2025,SEMANA 3,MARTES,160,ZUELO CA,TURNO 2,PLANTA 1,,NA,6,14:00:00,22:00:00,22226,20000,,2000,9,39,29,35,30,José ducney,7,51,CUMPLE,CUMPLE,CUMPLE,Se paró 15 minutos por problemas con el cañon,SI,"21,20"
16/09/2025,SEMANA 3,MARTES,160,ZUELO CA,TURNO 1,PLANTA 1,,NA,6,6:00:00,14:00:00,14000,17000,2000,,11,39,29,32,26,Maracas,5,30,CUMPLE,CUMPLE,CUMPLE,Se inició alas 8.30 am por limpieza de tubo secador,SI,"23,60"
17/09/2025,SEMANA 3,MIERCOLES,62,NUCLEO CAMASI GRIS,TURNO 2,PLANTA 2,,NA,4,14:00:00,22:00:00,12830,,,,,,,,,,8,,CUMPLE,CUMPLE,CUMPLE,,,"37,40"
17/09/2025,SEMANA 3,MIERCOLES,62,NUCLEO CAMASI GRIS,TURNO 1,PLANTA 2,,NA,5,6:00:00,14:00:00,7000,10000,820,,16,40,22,55,40,Aider,4,,CUMPLE,CUMPLE,CUMPLE,Se inició alas 10 am por limpieza de tubo secador,SI,"34,30"
17/09/2025,SEMANA 3,MIERCOLES,65,NUCLEO 4,TURNO 2,PLANTA 1,,NA,6,14:00:00,22:00:00,25000,,,,14,39,22,45,40,Jan Carlos,8,,CUMPLE,CUMPLE,CUMPLE,,,"19,20"
17/09/2025,SEMANA 3,MIERCOLES,65,NUCLEO 4,TURNO 1,PLANTA 1,,NA,6,6:00:00,14:00:00,24000,25000,2650,,10,39,28,37,40,Victor,6,45,CUMPLE,CUMPLE,CUMPLE,Se inició alas 7 .15 am por problemas con el cañon,SI,"16,90"
18/09/2025,SEMANA 3,JUEVES,62,NUCLEO CAMASI GRIS,TURNO 2,PLANTA 2,,NA,4,14:00:00,22:00:00,15170,,,,,,,,,Pedro,7,30,CUMPLE,CUMPLE,CUMPLE,,,"29,70"
18/09/2025,SEMANA 3,JUEVES,65,NUCLEO 4,TURNO 2,PLANTA 1,,NA,4,14:00:00,22:00:00,24000,,,,,,,,,José ducney,8,,CUMPLE,CUMPLE,CUMPLE,,,"20,00"
19/09/2025,SEMANA 3,VIERNES,62,NUCLEO CAMASI GRIS,TURNO 1,PLANTA 2,,NA,6,6:00:00,14:00:00,19000,23000,,2000,27,39,24,25,40,Wilmar,6,55,CUMPLE,CUMPLE,CUMPLE,Se inició producción alas 6.50 am por problemas con cañon se paró alas 12.00pm asta las 12.15 PM por problemas electrónico,SI,"21,80"
19/09/2025,SEMANA 3,VIERNES,62,NUCLEO CAMASI GRIS,TURNO 2,PLANTA 2,,NA,4,14:00:00,22:00:00,24600,,,,30,39,20,42,40,Pedro,8,,CUMPLE,CUMPLE,CUMPLE,,,"19,50"
19/09/2025,SEMANA 3,VIERNES,65,NUCLEO 4,TURNO 1,PLANTA 1,,NA,5,6:00:00,14:00:00,26000,27000,1000,,10,39,28,40,30,Maracas,7,52,CUMPLE,CUMPLE,CUMPLE,Se paró 8 minutos por saranda,SI,"18,20"
19/09/2025,SEMANA 3,VIERNES,65,NUCLEO 4,TURNO 2,PLANTA 1,,NA,6,14:00:00,22:00:00,26340,27000,,2503,14,38,28,41,40,James,8,,CUMPLE,CUMPLE,CUMPLE,,,"18,20"
20/09/2025,SEMANA 3,SABADO,141,SULFATO DE CALCIO,TURNO 1,PLANTA 2,,NA,6,12:00:00,19:00:00,19000,22000,,3800,37,39,23,45,40,Pablo,7,,CUMPLE,CUMPLE,CUMPLE,,,"22,10"
22/09/2025,SEMANA 4,LUNES,141,SULFATO DE CALCIO,TURNO 1,PLANTA 1,,NA,6,6:00:00,14:00:00,27000,,,,18,39,,45,40,Nelson,7,8,CUMPLE,CUMPLE,CUMPLE,Se inició alas 6.52 am por limpieza de tubo secador y falta de mezcla,SI,"15,90"
22/09/2025,SEMANA 4,LUNES,141,SULFATO DE CALCIO,TURNO 2,PLANTA 1,,NA,5,14:00:00,22:00:00,27540,25000,2000,480,15,39,28,45,30,Osorio,7,43,CUMPLE,CUMPLE,CUMPLE,,,"16,80"
22/09/2025,SEMANA 4,LUNES,62,NUCLEO CAMASI GRIS,TURNO 1,PLANTA 2,,NA,5,6:00:00,14:00:00,18400,,,,20,38,20,30,40,Pedro,7,30,CUMPLE,CUMPLE,CUMPLE,Se inició alas 6.30 am producción por falta de mezcla el tubo secador no calienta lo suficientemente por eso se ve afectada la producción,SI,"24,50"
22/09/2025,SEMANA 4,LUNES,62,NUCLEO CAMASI GRIS,TURNO 2,PLANTA 2,,NA,6,14:00:00,22:00:00,25000,26000,,5000,30,38,24,45,40,Sevilla,8,,CUMPLE,CUMPLE,,,,"19,20"
23/09/2025,SEMANA 4,MARTES,62,NUCLEO CAMASI GRIS,TURNO 1,PLANTA 2,,NA,5,6:00:00,14:00:00,23000,,,,30,38,21,45,40,Pedro,8,,CUMPLE,CUMPLE,CUMPLE,,,"20,90"
23/09/2025,SEMANA 4,MARTES,65,NUCLEO 4,TURNO 1,PLANTA 1,,NA,6,6:00:00,14:00:00,25000,,,,13,39,28,45,40,Jan Carlos,8,,CUMPLE,CUMPLE,CUMPLE,,,"19,20"
24/09/2025,SEMANA 4,MIERCOLES,62,NUCLEO CAMASI GRIS,TURNO 1,PLANTA 1,,NA,,6:00:00,14:00:00,14000,,,,13,39,25,44,40,Gabriel,4,,CUMPLE,CUMPLE,CUMPLE,Se inició producción alas 10 am por limpieza de tubo secador,SI,"17,10"
24/09/2025,SEMANA 4,MIERCOLES,410,#N/A,TURNO 1,PLANTA 2,,NA,5,6:00:00,14:00:00,14000,,,,20,38,20,40,40,Pedro,6,40,CUMPLE,CUMPLE,CUMPLE,,,"28,60"
25/09/2025,SEMANA 4,JUEVES,65,NUCLEO 4,TURNO 1,PLANTA 2,,NA,4,6:00:00,14:00:00,22000,,,,28,38,20,45,40,Pedro,8,,CUMPLE,CUMPLE,CUMPLE,,,"21,80"
25/09/2025,SEMANA 4,JUEVES,62,NUCLEO CAMASI GRIS,TURNO 1,PLANTA 1,,NA,6,6:00:00,14:00:00,24000,,,,14,39,25,45,35,James,8,,CUMPLE,CUMPLE,CUMPLE,,,"20,00"
29/09/2025,SEMANA 5,LUNES,1275,#N/A,TURNO 1,PLANTA 1,,NA,5,6:00:00,14:00:00,23000,23000,3100,,11,38,28,45,32,Andres,5,35,CUMPLE,CUMPLE,CUMPLE,Se inició alas 8.25 por problemas con el cañon,SI,"14,60"
29/09/2025,SEMANA 5,LUNES,1275,#N/A,TURNO 1,PLANTA 2,,NA,,6:00:00,14:00:00,23000,26000,1607,2497,35,39,21,47,45,Wilmar,6,51,CUMPLE,CUMPLE,CUMPLE,,,"17,90"
6/10/2025,SEMANA 2,LUNES,65,NUCLEO 4,TURNO 1,PLANTA 2,,NA,5,6:00:00,14:00:00,22000,27000,,3170,27,39,22,45,45,Wilmar,8,,CUMPLE,CUMPLE,CUMPLE,,,"21,80"
6/10/2025,SEMANA 2,LUNES,65,NUCLEO 4,TURNO 1,PLANTA 1,,NA,6,6:00:00,14:00:00,16000,18000,1000,2000,10,38,28,45,40,Pablo,5,40,CUMPLE,CUMPLE,CUMPLE,Se inició alas 8.20 am por limpieza de tubo secador,SI,"21,30"
8/10/2025,SEMANA 2,MIERCOLES,452,NUCLEO CAMASI ROJO,TURNO 1,PLANTA 2,,NA,4,6:00:00,14:00:00,11000,15000,,3000,15,38,20,43,30,Jan Carlos,8,,CUMPLE,CUMPLE,CUMPLE,Se ve perjudicada la producción por no utilizar kiecerita en polvo,SI,"43,60"
9/10/2025,SEMANA 2,JUEVES,65,NUCLEO 4,TURNO 1,PLANTA 1,,NA,5,6:00:00,14:00:00,,,,,15,39,22,40,40,Pablo,8,,CUMPLE,CUMPLE,CUMPLE,,,
9/10/2025,SEMANA 4,JUEVES,410,#N/A,TURNO 2,PLANTA 2,,NA,,14:00:00,22:00:00,22000,,,,15,39,25,40,35,Aider,7,33,CUMPLE,CUMPLE,CUMPLE,,,"20,60"
9/10/2025,SEMANA 2,JUEVES,161,FERTIMENORES,TURNO 1,PLANTA 2,,NA,5,6:00:00,14:00:00,,,1000,,17,38,20,38,30,Gabriel,,,CUMPLE,CUMPLE,CUMPLE,Baja producción por kiecerita granulada,SI,
10/10/2025,SEMANA 2,VIERNES,141,SULFATO DE CALCIO,TURNO 2,PLANTA 1,,NA,5,14:00:00,22:00:00,25600,22000,3000,830,20,38,23,40,40,Andres,8,,CUMPLE,CUMPLE,CUMPLE,,,"18,80"
10/10/2025,SEMANA 2,VIERNES,141,SULFATO DE CALCIO,TURNO 1,PLANTA 1,,NA,5,6:00:00,14:00:00,14000,16000,1690,,20,38,22,40,40,Brayan,5,,CUMPLE,CUMPLE,CUMPLE,Se inició alas 9 am por problemas con el cañon,SI,"21,40"
10/10/2025,SEMANA 2,VIERNES,141,SULFATO DE CALCIO,TURNO 1,PLANTA 1,,NA,5,6:00:00,14:00:00,,,,,12,39,30,30,40,Wilmar,,,CUMPLE,CUMPLE,CUMPLE,,,
15/10/2025,SEMANA 3,MIERCOLES,679,NUCLEO FOSFORO 10,TURNO 1,PLANTA 2,,NA,6,6:00:00,14:00:00,25300,23000,650,,15,39,20,42,43,Pablo,8,,CUMPLE,CUMPLE,CUMPLE,,,"19,00"
15/10/2025,SEMANA 3,MIERCOLES,65,NUCLEO 4,TURNO 1,PLANTA 1,,NA,5,6:00:00,15:00:00,30000,3000,3300,1000,13,39,22,40,34,Andres,9,,CUMPLE,CUMPLE,CUMPLE,,,"18,00"
16/10/2025,SEMANA 3,JUEVES,62,NUCLEO CAMASI GRIS,TURNO 1,PLANTA 2,,NA,5,6:00:00,14:00:00,,,,,25,39,20,50,43,Sevilla,8,,CUMPLE,CUMPLE,CUMPLE,,,
16/10/2025,SEMANA 3,JUEVES,141,SULFATO DE CALCIO,TURNO 1,PLANTA 1,,NA,5,6:00:00,14:00:00,29000,29000,,,15,39,28,40,30,Santiago,8,8,CUMPLE,CUMPLE,CUMPLE,,,"16,80"
20/10/2025,SEMANA 4,LUNES,679,NUCLEO FOSFORO 10,TURNO 1,PLANTA 1,,NA,5,6:00:00,14:00:00,27000,28000,3160,,20,39,27,40,31,Víctor,8,,CUMPLE,CUMPLE,CUMPLE,,,"17,80"
20/10/2025,SEMANA 4,LUNES,803,NUCLEO MAGNESIO-S,TURNO 1,PLANTA 2,,NA,6,6:00:00,14:00:00,25340,24000,2610,2431,17,39,20,36,30,Gabriel,8,,NO CUMPLE,CUMPLE,CUMPLE,,,"18,90"
21/10/2025,SEMANA 4,MARTES,65,NUCLEO 4,TURNO 1,PLANTA 2,,NA,5,6:00:00,14:00:00,,,,,15,39,22,45,50,Nelson,8,,CUMPLE,CUMPLE,CUMPLE,,,
21/10/2025,SEMANA 4,MARTES,452,NUCLEO CAMASI ROJO,TURNO 1,PLANTA 1,,NA,5,6:00:00,14:00:00,,,,,10,39,22,43,40,Pedro,8,,CUMPLE,CUMPLE,CUMPLE,,,
22/10/2025,SEMANA 4,MIERCOLES,997,FE SULFATO ZINC 22,TURNO 1,PLANTA 2,,NA,6,6:00:00,14:00:00,11000,12000,1000,,6,39,22,35,,Jan Carlos,6,,CUMPLE,CUMPLE,CUMPLE,Se inició alas 8 am por limpieza de tubo secador,SI,"32,70"
23/10/2025,SEMANA 4,JUEVES,155,RAIFOS 20,TURNO 1,PLANTA 2,,NA,6,6:00:00,14:00:00,14700,19000,,,12,39,22,50,41,Nelson,6,50,CUMPLE,CUMPLE,CUMPLE,Se inició alas 7.10 am por limpieza de tubo secador,SI,"27,90"
23/10/2025,SEMANA 4,JUEVES,558,NUCLEO MAGNESIO-SILICIO EM,TURNO 2,PLANTA 1,,NA,5,14:00:00,22:00:00,16792,15000,1800,1000,10,38,30,30,35,Wilmar,8,,CUMPLE,CUMPLE,CUMPLE,,,"28,60"
23/10/2025,SEMANA 4,JUEVES,155,RAIFOS 20,TURNO 2,PLANTA 2,,NA,6,14:00:00,22:00:00,,,,,12,39,23,37,41,Leal,,,CUMPLE,CUMPLE,CUMPLE,,,
27/10/2025,SEMANA 5,LUNES,558,NUCLEO MAGNESIO-SILICIO EM,TURNO 1,PLANTA 1,,NA,5,6:00:00,14:00:00,27000,20000,9290,,6,38,27,35,40,Andres,8,,CUMPLE,CUMPLE,CUMPLE,,,"17,80"
27/10/2025,SEMANA 5,LUNES,558,NUCLEO MAGNESIO-SILICIO EM,TURNO 1,PLANTA 2,,NA,5,6:00:00,14:00:00,25000,24000,3400,,11,39,20,35,59,Wilmar,8,,CUMPLE,CUMPLE,CUMPLE,,,"19,20"
29/10/2025,SEMANA 5,MIERCOLES,558,NUCLEO MAGNESIO-SILICIO EM,TURNO 1,PLANTA 2,,NA,5,6:00:00,14:00:00,,,,,12,39,20,52,39,Sevilla,5,,CUMPLE,CUMPLE,CUMPLE,,,
29/10/2025,SEMANA 5,MIERCOLES,558,NUCLEO MAGNESIO-SILICIO EM,TURNO 1,PLANTA 1,Andres,Grupo Andres,6,6:00:00,14:00:00,,,,,9,39,28,36,32,Leal,8,,CUMPLE,CUMPLE,CUMPLE,,,
1/11/2025,SEMANA 1,SABADO,558,NUCLEO MAGNESIO-SILICIO EM,TURNO 1,PLANTA 2,Walter,Grupo Walter,6,6:00:00,14:00:00,17000,20000,2000,,15,39,22,40,40,Pablo,8,,CUMPLE,CUMPLE,CUMPLE,,,"28,20"
1/11/2025,SEMANA 1,SABADO,558,NUCLEO MAGNESIO-SILICIO EM,TURNO 2,PLANTA 2,Aider,Grupo Aider,5,14:00:00,22:00:00,15132,14000,,2790,12,39,22,35,40,Pedro,8,,CUMPLE,CUMPLE,CUMPLE,,,"31,70"
2/11/2025,SEMANA 1,DOMINGO,563,NUCLEO CAMASI YARA,TURNO 1,PLANTA 2,,NA,5,6:00:00,14:00:00,20000,21,,,12,36,22,40,40,Aider,5,40,CUMPLE,CUMPLE,CUMPLE,Se inició alas 8 am por limpieza de tubo secador y se volvió a para ala 1.20 PM por problemas con la banda 4,SI,"17,00"
2/11/2025,SEMANA 1,DOMINGO,563,NUCLEO CAMASI YARA,TURNO 1,PLANTA 1,Walter,Grupo Walter,4,6:00:00,14:00:00,27685,24000,2000,680,16,39,25,40,41,Brayan,8,,CUMPLE,CUMPLE,CUMPLE,,,"17,30"
4/11/2025,SEMANA 1,MARTES,563,NUCLEO CAMASI YARA,TURNO 1,PLANTA 2,Nelson,Grupo Nelson,5,6:00:00,14:00:00,24330,24000,2180,,16,36,22,47,60,Gabriel,8,,CUMPLE,CUMPLE,CUMPLE,,,"19,70"
4/11/2025,SEMANA 1,MARTES,65,NUCLEO 4,TURNO 1,PLANTA 1,Aider,Grupo Aider,5,6:00:00,14:00:00,27000,28000,1000,1090,9,39,30,42,35,Pedro,8,,NO CUMPLE,CUMPLE,CUMPLE,,,"17,80"
5/11/2025,SEMANA 1,MIERCOLES,558,NUCLEO MAGNESIO-SILICIO EM,TURNO 1,PLANTA 1,Aider,Grupo Aider,5,6:00:00,14:00:00,15000,13000,3541,,15,39,25,40,40,JUAN DAVID Guevara,5,30,CUMPLE,CUMPLE,CUMPLE,Se inició producción alas 9.30 am por limpieza de tubo secador y problemas con el cañon,SI,"22,00"
5/11/2025,SEMANA 1,MIERCOLES,62,NUCLEO CAMASI GRIS,TURNO 2,PLANTA 2,Andres,Grupo Andres,5,14:00:00,22:00:00,28000,24,4000,1000,14,36,24,41,60,Andres,8,,CUMPLE,CUMPLE,CUMPLE,,,"17,10"
5/11/2025,SEMANA 1,MIERCOLES,62,NUCLEO CAMASI GRIS,TURNO 1,PLANTA 2,Nelson,Grupo Nelson,5,6:00:00,14:00:00,28300,31000,1670,,18,36,24,44,60,JAN CARLOS,8,,CUMPLE,CUMPLE,CUMPLE,,,"17,00"
6/11/2025,SEMANA 1,JUEVES,803,NUCLEO MAGNESIO-S,TURNO 1,PLANTA 1,Aider,Grupo Aider,5,6:00:00,14:00:00,27000,30000,3000,,15,39,30,46,37,Pedro,7,17,CUMPLE,CUMPLE,CUMPLE,Se inició alas 6.43 am por problemas con el cañon,SI,"16,20"
6/11/2025,SEMANA 1,JUEVES,62,NUCLEO CAMASI GRIS,TURNO 1,PLANTA 2,Nelson,Grupo Nelson,6,6:00:00,14:00:00,28000,24000,4000,,16,36,25,35,52,José ducney,7,29,CUMPLE,CUMPLE,CUMPLE,,,"16,00"
7/11/2025,SEMANA 1,VIERNES,65,NUCLEO 4,TURNO 1,PLANTA 2,Nelson,Grupo Nelson,6,6:00:00,14:00:00,20000,22000,2000,4000,10,36,20,47,40,Gabriel,8,,CUMPLE,NO CUMPLE,CUMPLE,La producción se está comenzando ver afectada por kiecerita granulada,SI,"24,00"
7/11/2025,SEMANA 1,VIERNES,141,SULFATO DE CALCIO,TURNO 2,PLANTA 1,Andres,Grupo Andres,5,14:00:00,22:00:00,26000,25000,,600,15,39,22,40,40,Víctor,8,,CUMPLE,CUMPLE,CUMPLE,,,"18,50"
7/11/2025,SEMANA 1,VIERNES,62,NUCLEO CAMASI GRIS,TURNO 2,PLANTA 2,Walter,Grupo Walter,5,14:00:00,22:00:00,29320,27000,3700,1307,18,36,20,44,40,Brayan,8,,CUMPLE,CUMPLE,CUMPLE,,,"16,40"
7/11/2025,SEMANA 1,VIERNES,141,SULFATO DE CALCIO,TURNO 1,PLANTA 2,Aider,Grupo Aider,5,6:00:00,14:00:00,16000,11000,7716,,15,39,36,35,28,Pedro,8,,CUMPLE,CUMPLE,CUMPLE,Vaja producción por problemas con la mezcladora todo el turno,SI,"30,00"
8/11/2025,SEMANA 1,SABADO,141,SULFATO DE CALCIO,TURNO 1,PLANTA 1,Nelson,Grupo Nelson,6,6:00:00,14:00:00,18760,20000,1500,2000,18,36,22,40,35,JAN CARLOS,7,5,CUMPLE,CUMPLE,CUMPLE,,,"22,70"
8/11/2025,SEMANA 1,SABADO,558,NUCLEO MAGNESIO-SILICIO EM,TURNO 2,PLANTA 2,Andres,Grupo Andres,5,14:00:00,22:00:00,18830,19000,1618,2228,15,36,22,40,40,Andres,7,39,CUMPLE,CUMPLE,CUMPLE,,,"24,40"
10/11/2025,SEMANA 2,LUNES,558,NUCLEO MAGNESIO-SILICIO EM,TURNO 1,PLANTA 1,Walter,Grupo Walter,6,6:00:00,14:00:00,20805,24000,2000,2260,12,39,32,36,40,Sevilla,6,20,CUMPLE,CUMPLE,CUMPLE,,,"18,30"
10/11/2025,SEMANA 2,LUNES,679,NUCLEO FOSFORO 10,TURNO 1,PLANTA 2,Andres,Grupo Andres,5,6:00:00,14:00:00,10000,10000,2000,,12,36,21,47,60,Leal,4,10,CUMPLE,CUMPLE,CUMPLE,Se inició producción alas 10.20 am por limpieza de tubo secador y molestias con el quemador,SI,"25,00"
10/11/2025,SEMANA 2,LUNES,62,NUCLEO CAMASI GRIS,TURNO 2,PLANTA 1,Aider,Grupo Aider,5,14:00:00,22:00:00,32000,29000,1000,700,15,39,22,45,40,Pedro,8,,CUMPLE,CUMPLE,CUMPLE,,,"15,00"
11/11/2025,SEMANA 2,MARTES,558,NUCLEO MAGNESIO-SILICIO EM,TURNO 1,PLANTA 2,Andres,Grupo Andres,4,6:00:00,14:00:00,23918,17000,8000,1800,10,36,19,36,47,Andres,7,38,CUMPLE,CUMPLE,CUMPLE,,,"19,10"
11/11/2025,SEMANA 2,MARTES,563,NUCLEO CAMASI YARA,TURNO 2,PLANTA 2,Nelson,Grupo Nelson,4,14:00:00,22:00:00,13318,16000,,,15,36,19,30,40,JAN CARLOS,6,55,CUMPLE,CUMPLE,CUMPLE,Se inició alas 2.50 PM por cambio de mezcla y limpieza de Aria de trabajo se paró nuevamente alas 5.10 PM asta las 5.35 PM por cambió de producto y limpieza de Aria de trabajo,SI,"31,20"
11/11/2025,SEMANA 2,MARTES,62,NUCLEO CAMASI GRIS,TURNO 2,PLANTA 1,Aider,Grupo Aider,5,14:00:00,10:00:00,32000,30000,2000,12000,18,39,22,45,40,James,8,,CUMPLE,CUMPLE,CUMPLE,,,"15,00"
11/11/2025,SEMANA 2,MARTES,62,NUCLEO CAMASI GRIS,TURNO 1,PLANTA 1,Walter,Grupo Walter,5,6:00:00,14:00:00,23000,22000,1000,,11,39,28,46,40,Brayan,5,,CUMPLE,CUMPLE,CUMPLE,Se inició alas 9 am por limpieza de tubo secador,SI,"13,00"
12/11/2025,SEMANA 2,MIERCOLES,65,NUCLEO 4,TURNO 2,PLANTA 1,Aider,Grupo Aider,5,14:00:00,22:00:00,16790,18000,1000,2760,15,39,28,40,35,Juan David Guevara,6,50,CUMPLE,CUMPLE,CUMPLE,,,"24,40"
12/11/2025,SEMANA 2,MIERCOLES,563,NUCLEO CAMASI YARA,TURNO 2,PLANTA 2,Nelson,Grupo Nelson,6,14:00:00,22:00:00,19000,20000,2000,1200,15,36,22,40,35,Julian,6,10,CUMPLE,CUMPLE,CUMPLE,Se paró alas 3.40 PM asta las 5.30 PM por falla eléctrica,SI,"19,50"
12/11/2025,SEMANA 2,MIERCOLES,558,NUCLEO MAGNESIO-SILICIO EM,TURNO 1,PLANTA 2,Andres,Grupo Andres,5,6:00:00,14:00:00,23000,17000,7000,1000,19,36,21,36,48,Andres,8,,CUMPLE,CUMPLE,CUMPLE,,,"20,90"
12/11/2025,SEMANA 2,MIERCOLES,65,NUCLEO 4,TURNO 1,PLANTA 1,Walter,Grupo Walter,5,6:00:00,14:00:00,25000,27000,2000,,8,39,30,40,30,Pablo,8,,CUMPLE,CUMPLE,CUMPLE,,,"19,20"
13/11/2025,SEMANA 2,JUEVES,563,NUCLEO CAMASI YARA,TURNO 2,PLANTA 2,Nelson,Grupo Nelson,6,14:00:00,22:00:00,32000,33000,,2000,15,36,25,45,40,José ducney,8,,CUMPLE,CUMPLE,CUMPLE,,,"15,00"
13/11/2025,SEMANA 2,JUEVES,563,NUCLEO CAMASI YARA,TURNO 1,PLANTA 2,Andres,Grupo Andres,5,6:00:00,14:00:00,23500,21000,5200,4000,22,36,18,31,60,Juan,6,50,CUMPLE,CUMPLE,CUMPLE,En total se perdieron 1 hora con 10 minutos por cambio de producto,SI,"17,40"
13/11/2025,SEMANA 2,JUEVES,803,NUCLEO MAGNESIO-S,TURNO 2,PLANTA 1,Aider,Grupo Aider,5,14:00:00,22:00:00,24830,29000,4091,6544,13,39,28,47,35,Pedro,8,,CUMPLE,CUMPLE,CUMPLE,El molino molesto todo el turno,SI,"19,30"
13/11/2025,SEMANA 2,JUEVES,62,NUCLEO CAMASI GRIS,TURNO 1,PLANTA 1,Walter,Grupo Walter,6,6:00:00,14:00:00,29000,28000,2400,1000,11,39,28,45,40,Wilmar,8,,CUMPLE,CUMPLE,CUMPLE,,,"16,60"
14/11/2025,SEMANA 2,VIERNES,62,NUCLEO CAMASI GRIS,TURNO 2,PLANTA 2,Nelson,Grupo Nelson,6,14:00:00,22:00:00,24000,32000,,7470,20,36,22,40,40,Juan Gabriel,8,,CUMPLE,CUMPLE,CUMPLE,,,"20,00"
14/11/2025,SEMANA 2,VIERNES,679,NUCLEO FOSFORO 10,TURNO 2,PLANTA 1,Aider,Grupo Aider,5,14:00:00,22:00:00,23000,23000,2000,1000,10,40,25,40,35,Pedro,8,,CUMPLE,CUMPLE,CUMPLE,,,"20,90"
14/11/2025,SEMANA 2,VIERNES,679,NUCLEO FOSFORO 10,TURNO 1,PLANTA 1,Walter,Grupo Walter,5,14:00:00,22:00:00,17000,21000,1000,2000,9,40,28,41,35,Sevilla,6,,CUMPLE,CUMPLE,CUMPLE,,,"21,20"
14/11/2025,SEMANA 2,VIERNES,62,NUCLEO CAMASI GRIS,TURNO 1,PLANTA 2,Andres,Grupo Andres,5,6:00:00,14:00:00,30000,,,,24,36,20,40,57,Juan galvis,8,,CUMPLE,CUMPLE,CUMPLE,,,"16,00"
15/11/2025,SEMANA 2,SABADO,679,NUCLEO FOSFORO 10,TURNO 2,PLANTA 1,Walter,Grupo Walter,5,14:00:00,22:00:00,26670,25000,1000,500,15,39,25,40,40,Brayan,8,,CUMPLE,CUMPLE,CUMPLE,,,"18,00"
15/11/2025,SEMANA 2,SABADO,65,NUCLEO 4,TURNO 2,PLANTA 2,Nelson,Grupo Nelson,6,14:00:00,22:00:00,21438,26000,,6000,15,36,20,40,35,JAN CARLOS,8,,CUMPLE,CUMPLE,CUMPLE,,,"22,40"
15/11/2025,SEMANA 2,SABADO,679,NUCLEO FOSFORO 10,TURNO 1,PLANTA 1,Aider,Grupo Aider,5,6:00:00,14:00:00,20000,27000,5500,,15,40,28,38,44,Pedro,7,15,CUMPLE,CUMPLE,CUMPLE,Se paró alas 9 asta las 9.15 por problemas con el quemador se paró nuevamente alas 9.20 am asta las 9.50 am por cambio de mezcla,SI,"21,80"
15/11/2025,SEMANA 2,SABADO,65,NUCLEO 4,TURNO 1,PLANTA 2,Andres,Grupo Andres,5,6:00:00,14:00:00,25000,22000,8747,3000,16,36,21,33,48,Andres,8,,CUMPLE,CUMPLE,CUMPLE,,,"19,20"
18/11/2025,SEMANA 3,MARTES,65,NUCLEO 4,TURNO 1,PLANTA 2,Aider,Grupo Aider,5,6:00:00,14:00:00,11000,12000,2000,,8,36,18,50,40,Pedro,4,38,CUMPLE,CUMPLE,CUMPLE,Se inició alas 9 am por limpieza de tubo secador el cañon de 9.05 am asta las 9.25 am se apagó se paró 22 minutos por problemas con la bomba de agua,SI,"25,30"
18/11/2025,SEMANA 3,MARTES,65,NUCLEO 4,TURNO 2,PLANTA 2,Walter,Grupo Walter,6,14:00:00,22:00:00,21000,17000,4000,1000,18,36,20,40,40,Pablo,8,,CUMPLE,CUMPLE,CUMPLE,,,"22,90"
18/11/2025,SEMANA 3,MARTES,679,NUCLEO FOSFORO 10,TURNO 2,PLANTA 1,Andres,Grupo Andres,5,14:00:00,22:00:00,26200,22000,,1000,14,39,28,40,35,Víctor,8,,CUMPLE,CUMPLE,CUMPLE,,,"18,30"
18/11/2025,SEMANA 3,MARTES,679,NUCLEO FOSFORO 10,TURNO 1,PLANTA 1,Nelson,Grupo Nelson,6,6:00:00,14:00:00,20000,27000,,,7,39,34,60,34,Julian,8,,CUMPLE,CUMPLE,CUMPLE,,,"24,00"
19/11/2025,SEMANA 3,MIERCOLES,62,NUCLEO CAMASI GRIS,TURNO 1,PLANTA 1,Nelson,Grupo Nelson,6,6:00:00,14:00:00,9870,12000,,3600,,,,,,,8,,CUMPLE,CUMPLE,CUMPLE,Se ve afectada la producción por . materia prima,SI,"48,60"
19/11/2025,SEMANA 3,MIERCOLES,65,NUCLEO 4,TURNO 1,PLANTA 2,Aider,Grupo Aider,6,6:00:00,14:00:00,20000,27000,1000,4000,20,36,20,45,40,Juan David Guevara,8,,CUMPLE,CUMPLE,CUMPLE,,,"24,00"
19/11/2025,SEMANA 3,MIERCOLES,558,NUCLEO MAGNESIO-SILICIO EM,TURNO 2,PLANTA 1,Andres,Grupo Andres,5,14:00:00,22:00:00,17510,16000,2000,1000,15,39,28,45,35,Andres,5,25,CUMPLE,CUMPLE,CUMPLE,Se paró de 5 a 6.35 PM por problemas con la motobomba de agua,SI,"18,60"
19/11/2025,SEMANA 3,MIERCOLES,65,NUCLEO 4,TURNO 2,PLANTA 2,Walter,Grupo Walter,6,14:00:00,22:00:00,17530,20000,,3680,15,36,20,40,45,Wilmar,6,15,CUMPLE,CUMPLE,CUMPLE,Se paró de 2.45 PM asta las 4.30 PM por problemas con el quemador,SI,"21,40"
20/11/2025,SEMANA 3,JUEVES,558,NUCLEO MAGNESIO-SILICIO EM,TURNO 2,PLANTA 1,Andres,Grupo Andres,5,14:00:00,22:00:00,25000,19000,3000,600,15,36,28,45,40,Andres,7,2,CUMPLE,CUMPLE,CUMPLE,En total se perdieron 58 minutos por molestias con motobomba de agua y cañon,SI,"16,90"
20/11/2025,SEMANA 3,JUEVES,558,NUCLEO MAGNESIO-SILICIO EM,TURNO 1,PLANTA 1,Nelson,Grupo Nelson,6,6:00:00,14:00:00,15000,16000,2939,,10,36,29,45,40,Gabriel,5,25,CUMPLE,CUMPLE,CUMPLE,Se inició producción alas 8.35 am por problemas con el quemador,SI,"21,70"
20/11/2025,SEMANA 3,JUEVES,141,SULFATO DE CALCIO,TURNO 2,PLANTA 2,Walter,Grupo Walter,6,14:00:00,22:00:00,20400,23000,,4100,22,36,28,45,40,Sevilla,8,,CUMPLE,CUMPLE,CUMPLE,,,"23,50"
20/11/2025,SEMANA 3,JUEVES,141,SULFATO DE CALCIO,TURNO 1,PLANTA 2,Aider,Grupo Aider,5,6:00:00,14:00:00,14000,,21000,4000,31,36,21,44,40,Pedro,6,10,CUMPLE,CUMPLE,CUMPLE,Se inició alas 8.50 am por limpieza de tubo secador,SI,"26,40"
21/11/2025,SEMANA 3,VIERNES,141,SULFATO DE CALCIO,TURNO 2,PLANTA 1,Andres,Grupo Andres,5,14:00:00,22:00:00,21584,,,,18,36,29,45,40,Víctor,6,50,CUMPLE,CUMPLE,CUMPLE,Se inició alas 3.10 PM por problemas con la mezcladora,SI,"19,00"
21/11/2025,SEMANA 3,VIERNES,803,NUCLEO MAGNESIO-S,TURNO 2,PLANTA 2,Walter,Grupo Walter,6,14:00:00,22:00:00,24590,,,,18,36,28,45,40,Wilmar,8,,CUMPLE,CUMPLE,CUMPLE,,,"19,50"
21/11/2025,SEMANA 3,VIERNES,141,SULFATO DE CALCIO,TURNO 1,PLANTA 1,Nelson,Grupo Nelson,6,18:00:00,14:00:00,20000,,,,15,36,28,45,40,Jan Carlos,6,45,CUMPLE,CUMPLE,CUMPLE,Se paró de 12.30 PM asta las 1.45 PM por problemas con la mezcladora,SI,"20,30"
21/11/2025,SEMANA 3,VIERNES,452,NUCLEO CAMASI ROJO,TURNO 1,PLANTA 2,Aider,Grupo Aider,5,6:00:00,14:00:00,17760,,,,12,36,29,40,35,Pablo,6,10,CUMPLE,CUMPLE,CUMPLE,Se inició alas 7.50 am por problemas con la mezcladora,SI,"20,80"
22/11/2025,SEMANA 3,SABADO,563,NUCLEO CAMASI YARA,TURNO 1,PLANTA 1,Nelson,Grupo Nelson,6,6:00:00,14:00:00,30000,,,,19,36,30,50,40,Jan Carlos,8,,CUMPLE,CUMPLE,CUMPLE,,,"16,00"
22/11/2025,SEMANA 3,SABADO,62,NUCLEO CAMASI GRIS,TURNO 2,PLANTA 2,Aider,Grupo Aider,5,14:00:00,22:00:00,18655,,,,20,36,25,40,35,Pedro,8,,CUMPLE,CUMPLE,CUMPLE,,,"25,70"
22/11/2025,SEMANA 3,SABADO,563,NUCLEO CAMASI YARA,TURNO 2,PLANTA 1,Andres,Grupo Andres,5,14:00:00,22:00:00,27340,,,,20,36,30,45,35,Andres,8,,CUMPLE,CUMPLE,CUMPLE,,,"17,60"
24/11/2025,SEMANA 4,LUNES,62,NUCLEO CAMASI GRIS,TURNO 1,PLANTA 1,Andres,Grupo Andres,5,6:00:00,14:00:00,19000,8000,14000,,18,36,28,40,40,Andres,8,,CUMPLE,CUMPLE,CUMPLE,Se trabajo asta las 12 PM sin mezcla solo molido,SI,"25,30"
24/11/2025,SEMANA 4,LUNES,65,NUCLEO 4,TURNO 1,PLANTA 1,Andres,Grupo Andres,5,18:00:00,14:00:00,19000,8000,14000,,15,36,28,42,40,Andres,8,,CUMPLE,CUMPLE,CUMPLE,,,"25,30"
24/11/2025,SEMANA 4,LUNES,679,NUCLEO FOSFORO 10,TURNO 2,PLANTA 2,Aider,Grupo Aider,5,14:00:00,22:00:00,25550,25000,,547,21,36,22,60,35,Juan David,8,,CUMPLE,CUMPLE,CUMPLE,,,"18,80"
24/11/2025,SEMANA 4,LUNES,679,NUCLEO FOSFORO 10,TURNO 1,PLANTA 2,Walter,Grupo Walter,6,6:00:00,14:00:00,23000,23000,1000,,15,36,25,40,40,Wilmar,7,30,CUMPLE,CUMPLE,CUMPLE,Se paró 30 minutos por falta de mezcla,SI,"19,60"
24/11/2025,SEMANA 4,LUNES,65,NUCLEO 4,TURNO 2,PLANTA 1,Nelson,Grupo Nelson,6,14:00:00,22:00:00,25630,23000,4000,3000,10,36,31,53,40,Gabriel,8,,CUMPLE,CUMPLE,CUMPLE,,,"18,70"
25/11/2025,SEMANA 4,MARTES,62,NUCLEO CAMASI GRIS,TURNO 1,PLANTA 2,Walter,Grupo Walter,6,6:00:00,14:00:00,,,,,21,36,20,60,34,Sevilla,6,20,CUMPLE,CUMPLE,CUMPLE,Se inició alas 8.40 am por limpieza de tubo secador todo el turno se trabajo con polvillo,SI,
25/11/2025,SEMANA 4,MARTES,62,NUCLEO CAMASI GRIS,TURNO 2,PLANTA 2,Aider,Grupo Aider,5,14:00:00,22:00:00,21916,21000,3000,2000,15,36,28,40,40,Pedro,7,10,CUMPLE,CUMPLE,CUMPLE,Se paró de 4.45 asta las 5.35 PM por problemas con el quemador,SI,"19,60"
25/11/2025,SEMANA 4,MARTES,65,NUCLEO 4,TURNO 2,PLANTA 1,Nelson,Grupo Nelson,6,14:00:00,22:00:00,30000,28000,3000,,18,36,29,45,35,Jan Carlos,8,,CUMPLE,CUMPLE,CUMPLE,,,"16,00"
25/11/2025,SEMANA 4,MARTES,65,NUCLEO 4,TURNO 1,PLANTA 1,Andres,Grupo Andres,5,6:00:00,14:00:00,33000,32000,4680,,12,36,28,33,30,Andres,8,,CUMPLE,CUMPLE,CUMPLE,,,"14,50"
26/11/2025,SEMANA 4,MIERCOLES,563,NUCLEO CAMASI YARA,TURNO 2,PLANTA 1,Nelson,Grupo Nelson,6,14:00:00,22:00:00,24000,20000,3000,1626,15,36,29,45,35,Julian,6,,CUMPLE,CUMPLE,CUMPLE,Vaja precion en el quemador,SI,"15,00"
26/11/2025,SEMANA 4,MIERCOLES,563,NUCLEO CAMASI YARA,TURNO 2,PLANTA 2,Aider,Grupo Aider,5,14:00:00,22:00:00,29515,29000,1000,4570,22,36,29,45,40,Walter,8,,CUMPLE,CUMPLE,CUMPLE,Casi todo el turno molesto el molino por problemas electrónicos,SI,"16,30"
26/11/2025,SEMANA 4,MIERCOLES,563,NUCLEO CAMASI YARA,TURNO 1,PLANTA 1,Andres,Grupo Andres,5,6:00:00,14:00:00,25000,23000,3400,,10,36,28,40,32,Osorio,8,,CUMPLE,CUMPLE,CUMPLE,,,"19,20"
26/11/2025,SEMANA 4,MIERCOLES,563,NUCLEO CAMASI YARA,TURNO 1,PLANTA 2,Walter,Grupo Walter,6,6:00:00,14:00:00,25000,25000,4000,,23,36,22,40,34,Brayan,8,,CUMPLE,CUMPLE,CUMPLE,,,"19,20"
27/11/2025,SEMANA 4,JUEVES,62,NUCLEO CAMASI GRIS,TURNO 1,PLANTA 1,Andres,Grupo Andres,5,6:00:00,14:00:00,22000,16000,8930,,10,36,25,35,32,Víctor,8,,CUMPLE,CUMPLE,CUMPLE,Vaja producción por motivos de mezclas,SI,"21,80"
27/11/2025,SEMANA 4,JUEVES,141,SULFATO DE CALCIO,TURNO 2,PLANTA 2,Aider,Grupo Aider,5,14:00:00,22:00:00,21194,23000,4100,5093,18,36,22,45,35,Pedro,7,,CUMPLE,CUMPLE,CUMPLE,Se inició producción alas 3 PM por problemas con la mezcladora,SI,"19,80"
27/11/2025,SEMANA 4,JUEVES,65,NUCLEO 4,TURNO 1,PLANTA 2,Walter,Grupo Walter,6,6:00:00,14:00:00,20500,20000,5000,,24,36,22,50,34,Pablo,6,40,CUMPLE,CUMPLE,CUMPLE,Se inició alas 7.20 producción porq no avía producto asta q se moliera,SI,"19,50"
27/11/2025,SEMANA 4,JUEVES,62,NUCLEO CAMASI GRIS,TURNO 2,PLANTA 1,Nelson,Grupo Nelson,6,14:00:00,22:00:00,27811,27000,2000,24000,15,36,28,40,35,José ducney,8,,CUMPLE,CUMPLE,CUMPLE,,,"17,30"
28/11/2025,SEMANA 4,VIERNES,563,NUCLEO CAMASI YARA,TURNO 2,PLANTA 1,Nelson,Grupo Nelson,6,14:00:00,22:00:00,27000,,,,15,36,28,40,35,Gabriel,8,,CUMPLE,CUMPLE,CUMPLE,,,"17,80"
28/11/2025,SEMANA 4,VIERNES,563,NUCLEO CAMASI YARA,TURNO 1,PLANTA 2,Walter,Grupo Walter,6,6:00:00,14:00:00,25000,31000,,,13,36,22,40,32,Wilmar,8,,CUMPLE,CUMPLE,CUMPLE,,,"19,20"
28/11/2025,SEMANA 4,VIERNES,563,NUCLEO CAMASI YARA,TURNO 1,PLANTA 1,Andres,Grupo Andres,5,6:00:00,14:00:00,23000,,,,10,36,27,32,26,Juan gil,8,,CUMPLE,CUMPLE,CUMPLE,,,"20,90"
28/11/2025,SEMANA 4,VIERNES,563,NUCLEO CAMASI YARA,TURNO 1,PLANTA 2,Aider,Grupo Aider,6,6:00:00,14:00:00,22432,,,,24,36,22,42,34,Wilmar,8,,CUMPLE,CUMPLE,CUMPLE,,,"21,40"
1/12/2025,SEMANA 1,LUNES,65,NUCLEO 4,TURNO 1,PLANTA 1,Aider,Grupo Aider,5,6:00:00,14:00:00,15000,22000,,,8,36,30,35,34,Pedro,5,10,CUMPLE,CUMPLE,CUMPLE,,,"20,70"
1/12/2025,SEMANA 1,LUNES,141,SULFATO DE CALCIO,TURNO 1,PLANTA 2,Nelson,Grupo Nelson,6,6:00:00,14:00:00,18000,23000,,6000,15,36,21,42,30,Jan Carlos,6,10,CUMPLE,CUMPLE,CUMPLE,Se empezó alas 6.50 am por falta de montacarga,SI,"20,60"
1/12/2025,SEMANA 1,LUNES,65,NUCLEO 4,TURNO 2,PLANTA 1,Walter,Grupo Walter,6,14:00:00,22:00:00,25000,23000,,2000,10,36,30,40,35,Brayan,8,,CUMPLE,CUMPLE,CUMPLE,,,"19,20"
1/12/2025,SEMANA 1,LUNES,141,SULFATO DE CALCIO,TURNO 2,PLANTA 2,Andres,Grupo Andres,5,14:00:00,22:00:00,21440,25000,,6000,15,36,22,45,35,Andres,8,,CUMPLE,CUMPLE,CUMPLE,,,"22,40"
2/12/2025,SEMANA 1,MARTES,558,NUCLEO MAGNESIO-SILICIO EM,TURNO 2,PLANTA 2,Andres,Grupo Andres,6,14:00:00,22:00:00,24780,23000,2000,1000,10,36,30,41,40,Pablo,,,CUMPLE,CUMPLE,CUMPLE,,,"0,00"
2/12/2025,SEMANA 1,MARTES,803,NUCLEO MAGNESIO-S,TURNO 1,PLANTA 2,Nelson,Grupo Nelson,6,6:00:00,14:00:00,20000,22000,2000,2000,16,36,23,31,32,Julian,8,,CUMPLE,CUMPLE,CUMPLE,,,"24,00"
2/12/2025,SEMANA 1,MARTES,65,NUCLEO 4,TURNO 2,PLANTA 1,Walter,Grupo Walter,6,14:00:00,22:00:00,27800,25000,1800,1000,15,36,30,40,35,Pablo,8,,CUMPLE,CUMPLE,CUMPLE,,,"17,30"
2/12/2025,SEMANA 1,MARTES,65,NUCLEO 4,TURNO 1,PLANTA 1,Aider,Grupo Aider,5,6:00:00,14:00:00,26000,27000,1000,,10,36,30,41,35,Jhon duque,7,23,CUMPLE,CUMPLE,CUMPLE,Se inició 6.37 am por problemas con el quemador,SI,"17,00"
3/12/2025,SEMANA 1,MIERCOLES,62,NUCLEO CAMASI GRIS,TURNO 1,PLANTA 2,Nelson,Grupo Nelson,5,6:00:00,14:00:00,13000,17000,,,15,36,23,40,35,Jan Carlos,5,6,CUMPLE,CUMPLE,CUMPLE,Se inició alas 7.54 am por limpieza de tubo secador,SI,"23,50"
3/12/2025,SEMANA 1,MIERCOLES,679,NUCLEO FOSFORO 10,TURNO 2,PLANTA 1,Walter,Grupo Walter,8,14:00:00,22:00:00,23368,23000,4300,2240,15,36,30,40,35,Wilmar,8,,CUMPLE,CUMPLE,CUMPLE,,,"20,50"
3/12/2025,SEMANA 1,MIERCOLES,62,NUCLEO CAMASI GRIS,TURNO 1,PLANTA 1,Aider,Grupo Aider,5,6:00:00,14:00:00,22400,19000,2000,4533,15,36,30,40,40,James,7,20,CUMPLE,CUMPLE,CUMPLE,Se inició alas 6. 40 am por problemas con el quemador,SI,"19,60"
3/12/2025,SEMANA 1,MIERCOLES,679,NUCLEO FOSFORO 10,TURNO 2,PLANTA 2,Andres,Grupo Andres,5,14:00:00,22:00:00,19760,25000,,,15,36,20,40,35,OSORIO,8,,CUMPLE,CUMPLE,CUMPLE,,,"24,30"
4/12/2025,SEMANA 1,JUEVES,574,NUCLEO FOSFORO 1,TURNO 1,PLANTA 1,Aider,Grupo Aider,5,6:00:00,14:00:00,10261,12000,,,6,36,30,48,40,Pedro,,,CUMPLE,CUMPLE,CUMPLE,,,"0,00"
4/12/2025,SEMANA 1,JUEVES,65,NUCLEO 4,TURNO 1,PLANTA 2,Nelson,Grupo Nelson,5,6:00:00,14:00:00,20000,23000,2000,,12,36,26,46,37,JAMES MENDEZ,8,,CUMPLE,CUMPLE,CUMPLE,,,"24,00"
4/12/2025,SEMANA 1,JUEVES,62,NUCLEO CAMASI GRIS,TURNO 2,PLANTA 1,Walter,Grupo Walter,6,14:00:00,22:00:00,24300,23000,4437,3392,15,36,30,45,35,Pablo,8,,CUMPLE,CUMPLE,CUMPLE,,,"19,80"
4/12/2025,SEMANA 1,JUEVES,65,NUCLEO 4,TURNO 2,PLANTA 2,Andres,Grupo Andres,4,14:00:00,22:00:00,26900,24000,2000,1520,22,36,22,45,40,Víctor,8,,CUMPLE,CUMPLE,CUMPLE,,,"17,80"
9/12/2025,SEMANA 2,MARTES,65,NUCLEO 4,TURNO 1,PLANTA 1,Walter,Grupo Walter,6,6:00:00,14:00:00,20000,24000,2000,,12,36,30,41,35,Sevilla,8,,CUMPLE,CUMPLE,CUMPLE,,,"24,00"
9/12/2025,SEMANA 2,MARTES,558,NUCLEO MAGNESIO-SILICIO EM,TURNO 1,PLANTA 2,Nelson,Grupo Nelson,5,6:00:00,14:00:00,26000,23000,6000,,13,36,21,37,42,Juan David,8,,CUMPLE,CUMPLE,CUMPLE,,,"18,50"
9/12/2025,SEMANA 2,MARTES,65,NUCLEO 4,TURNO 2,PLANTA 1,Aider,Grupo Aider,5,14:00:00,22:00:00,28797,27000,2000,2000,12,36,30,45,35,Gabriel,8,,CUMPLE,CUMPLE,CUMPLE,,,"16,70"
9/12/2025,SEMANA 2,MARTES,558,NUCLEO MAGNESIO-SILICIO EM,TURNO 2,PLANTA 2,Nelson,Grupo Nelson,6,14:00:00,22:00:00,17429,16000,1000,1413,15,36,22,37,42,Julian,8,,CUMPLE,CUMPLE,CUMPLE,,,"27,50"
10/12/2025,SEMANA 2,MIERCOLES,679,NUCLEO FOSFORO 10,TURNO 1,PLANTA 1,Walter,Grupo Walter,6,6:00:00,14:00:00,25830,25000,2240,625,12,36,30,40,40,Pablo,7,40,CUMPLE,CUMPLE,CUMPLE,Se paró 20 min por problemas con la banda 3,SI,"17,80"
10/12/2025,SEMANA 2,MIERCOLES,62,NUCLEO CAMASI GRIS,TURNO 2,PLANTA 1,Aider,Grupo Aider,5,14:00:00,22:00:00,25310,24000,2000,1687,15,36,30,40,35,Jhon duque,8,,CUMPLE,CUMPLE,CUMPLE,,,"19,00"
10/12/2025,SEMANA 2,MIERCOLES,161,FERTIMENORES,TURNO 1,PLANTA 2,Andres,Grupo Andres,5,6:00:00,14:00:00,8000,5000,3000,,7,36,24,37,44,Victor,5,33,CUMPLE,CUMPLE,CUMPLE,Se inició alas 8.23 am por limpieza de tubo secador,SI,"41,60"
10/12/2025,SEMANA 2,MIERCOLES,161,FERTIMENORES,TURNO 2,PLANTA 2,Nelson,Grupo Nelson,6,14:00:00,22:00:00,8683,5000,4428,,7,36,24,37,44,José ducney,8,,CUMPLE,CUMPLE,CUMPLE,,,"55,30"
11/12/2025,SEMANA 2,JUEVES,65,NUCLEO 4,TURNO 2,PLANTA 1,Aider,Grupo Aider,5,14:00:00,22:00:00,25000,25000,2880,2516,12,36,30,40,35,Pedro,7,36,CUMPLE,CUMPLE,CUMPLE,,,"18,20"
11/12/2025,SEMANA 2,JUEVES,558,NUCLEO MAGNESIO-SILICIO EM,TURNO 1,PLANTA 2,Andres,Grupo Andres,5,6:00:00,14:00:00,20000,22000,4532,2000,15,36,22,42,44,Osorio,8,,CUMPLE,CUMPLE,CUMPLE,,,"24,00"
11/12/2025,SEMANA 2,JUEVES,558,NUCLEO MAGNESIO-SILICIO EM,TURNO 2,PLANTA 2,Nelson,Grupo Nelson,6,14:00:00,22:00:00,15588,19000,8946,,15,36,22,40,35,Jan Carlos,8,,CUMPLE,CUMPLE,CUMPLE,,,"30,80"
11/12/2025,SEMANA 2,JUEVES,65,NUCLEO 4,TURNO 1,PLANTA 1,Walter,Grupo Walter,6,6:00:00,14:00:00,22000,21000,3000,,10,36,29,35,34,WILMAR,5,40,CUMPLE,CUMPLE,CUMPLE,,,"15,50"
12/12/2025,SEMANA 2,VIERNES,62,NUCLEO CAMASI GRIS,TURNO 2,PLANTA 2,Nelson,Grupo Nelson,6,14:00:00,22:00:00,17476,13000,3000,1000,12,36,23,45,35,James,6,48,CUMPLE,CUMPLE,CUMPLE,En total se perdieron 76 minutos por problemas con el quemador,SI,"23,30"
12/12/2025,SEMANA 2,VIERNES,62,NUCLEO CAMASI GRIS,TURNO 1,PLANTA 2,Andres,Grupo Andres,5,6:00:00,14:00:00,21000,20000,3080,,12,36,22,40,35,Víctor,6,54,CUMPLE,CUMPLE,CUMPLE,En total se perdieron 66 minutos por problemas con el quemador,SI,"19,70"
12/12/2025,SEMANA 2,VIERNES,558,NUCLEO MAGNESIO-SILICIO EM,TURNO 2,PLANTA 1,Aider,Grupo Aider,5,14:00:00,22:00:00,21049,12000,3330,,12,36,30,40,35,Pedro,7,45,CUMPLE,CUMPLE,CUMPLE,Se paró 15 minutos por problemas en banda 3,SI,"22,10"
12/12/2025,SEMANA 2,VIERNES,141,SULFATO DE CALCIO,TURNO 1,PLANTA 1,Walter,Grupo Walter,6,6:00:00,14:00:00,19830,22000,3000,,10,37,30,40,35,Brayan,7,30,CUMPLE,CUMPLE,CUMPLE,Se perdieron 30 minutos por arreglo en separador de finos y arreglo en banda 3,SI,"22,70"
13/12/2025,SEMANA 2,SABADO,679,NUCLEO FOSFORO 10,TURNO 1,PLANTA 2,Andres,Grupo Andres,5,6:00:00,14:00:00,24000,25000,1160,,23,36,19,38,50,Andres,8,,CUMPLE,CUMPLE,CUMPLE,,,"20,00"
13/12/2025,SEMANA 2,SABADO,679,NUCLEO FOSFORO 10,TURNO 1,PLANTA 1,Walter,Grupo Walter,6,6:00:00,14:00:00,18000,23000,,,10,36,30,40,40,Brayan,8,,CUMPLE,CUMPLE,CUMPLE,,,"26,70"
14/12/2025,SEMANA 2,DOMINGO,558,NUCLEO MAGNESIO-SILICIO EM,TURNO 2,PLANTA 2,Andres,Grupo Andres,5,14:00:00,22:00:00,23740,23000,830,,20,36,22,45,30,Osorio,8,,CUMPLE,CUMPLE,CUMPLE,,,"20,20"
14/12/2025,SEMANA 2,DOMINGO,558,NUCLEO MAGNESIO-SILICIO EM,TURNO 1,PLANTA 1,Aider,Grupo Aider,5,6:00:00,14:00:00,22000,25000,1000,,9,36,30,43,35,Pedro,8,,CUMPLE,CUMPLE,CUMPLE,,,"21,80"
14/12/2025,SEMANA 2,DOMINGO,558,NUCLEO MAGNESIO-SILICIO EM,TURNO 2,PLANTA 1,Walter,Grupo Walter,6,14:00:00,22:00:00,22000,25000,1000,,10,36,30,40,35,Pablo,8,,CUMPLE,CUMPLE,CUMPLE,,,"21,80"
14/12/2025,SEMANA 2,DOMINGO,558,NUCLEO MAGNESIO-SILICIO EM,TURNO 1,PLANTA 2,Nelson,Grupo Nelson,5,6:00:00,14:00:00,21000,21000,2780,,24,36,24,60,40,Julian,8,,CUMPLE,CUMPLE,CUMPLE,,,"22,90"
15/12/2025,SEMANA 3,LUNES,65,NUCLEO 4,TURNO 1,PLANTA 1,Aider,Grupo Aider,5,6:00:00,14:00:00,20000,2000,2790,,10,36,30,47,36,Juan David Guevara,8,,CUMPLE,CUMPLE,CUMPLE,Se trabajo con el tubo en velocidad de 20 por falta de temperatura,SI,"24,00"
15/12/2025,SEMANA 3,LUNES,65,NUCLEO 4,TURNO 2,PLANTA 1,Walter,Grupo Walter,6,14:00:00,22:00:00,20000,19000,2000,1700,10,36,30,45,35,Wilmar,8,,CUMPLE,CUMPLE,CUMPLE,,,"24,00"
15/12/2025,SEMANA 3,LUNES,62,NUCLEO CAMASI GRIS,TURNO 1,PLANTA 2,Nelson,Grupo Nelson,6,6:00:00,14:00:00,21000,22000,1000,,15,36,23,48,60,Jan Carlos,8,,CUMPLE,CUMPLE,CUMPLE,Se trabajo a vaja temperatura desde las 7.50 am asta las 11.40 am,SI,"22,90"
15/12/2025,SEMANA 3,LUNES,65,NUCLEO 4,TURNO 2,PLANTA 2,Andres,Grupo Andres,5,14:00:00,22:00:00,28000,29000,,3000,15,36,23,48,50,Andres,8,,CUMPLE,CUMPLE,CUMPLE,,,"17,10"
16/12/2025,SEMANA 3,MARTES,65,NUCLEO 4,TURNO 1,PLANTA 1,Nelson,Grupo Nelson,6,6:00:00,14:00:00,21000,28000,,3000,7,36,30,50,48,James Méndez,7,30,CUMPLE,CUMPLE,CUMPLE,,,"21,40"
16/12/2025,SEMANA 3,MARTES,65,NUCLEO 4,TURNO 2,PLANTA 1,Andres,Grupo Andres,5,14:00:00,22:00:00,28000,29000,,3000,15,36,30,45,40,Andres,8,,CUMPLE,CUMPLE,CUMPLE,,,"17,10"
16/12/2025,SEMANA 3,MARTES,558,NUCLEO MAGNESIO-SILICIO EM,TURNO 1,PLANTA 2,Aider,Grupo Aider,5,6:00:00,14:00:00,13000,18000,1620,2000,14,36,22,40,40,Pedro,5,30,CUMPLE,CUMPLE,CUMPLE,Se inició producción alas 8.20 am por limpieza de tubo secador,SI,"25,40"
16/12/2025,SEMANA 3,MARTES,558,NUCLEO MAGNESIO-SILICIO EM,TURNO 2,PLANTA 2,Walter,Grupo Walter,6,14:00:00,22:00:00,14330,16000,,3000,16,36,22,45,40,Brayan,8,,CUMPLE,CUMPLE,CUMPLE,,,"33,50"
17/12/2025,SEMANA 3,MIERCOLES,62,NUCLEO CAMASI GRIS,TURNO 1,PLANTA 2,Aider,Grupo Aider,5,6:00:00,14:00:00,16000,21000,1930,4000,15,36,21,43,31,Pedro,7,7,CUMPLE,CUMPLE,CUMPLE,,,"26,70"
17/12/2025,SEMANA 3,MIERCOLES,62,NUCLEO CAMASI GRIS,TURNO 2,PLANTA 2,Walter,Grupo Walter,5,14:00:00,22:00:00,18000,21000,,3630,20,36,22,40,35,Brayan,8,,CUMPLE,CUMPLE,CUMPLE,,,"26,70"
17/12/2025,SEMANA 3,MIERCOLES,141,SULFATO DE CALCIO,TURNO 2,PLANTA 1,Andres,Grupo Andres,5,14:00:00,22:00:00,28000,25000,1000,1000,13,36,28,39,35,Juan,8,,CUMPLE,CUMPLE,CUMPLE,,,"17,10"
17/12/2025,SEMANA 3,MIERCOLES,141,SULFATO DE CALCIO,TURNO 1,PLANTA 1,Nelson,Grupo Nelson,6,6:00:00,14:00:00,11000,,,,12,36,28,38,30,José ducney,5,12,CUMPLE,CUMPLE,CUMPLE,Se perdieron 36 mn por canon se inició 8.12 am por limpieza de tubo secador,SI,"28,40"
18/12/2025,SEMANA 3,JUEVES,141,SULFATO DE CALCIO,TURNO 1,PLANTA 1,Nelson,Grupo Nelson,6,6:00:00,14:00:00,21757,22000,1000,1600,15,36,28,45,35,Julian,6,24,CUMPLE,CUMPLE,CUMPLE,Se paró alas 8.22 am asta las 9.48 am por problemas con banda 3,SI,"17,60"
18/12/2025,SEMANA 3,JUEVES,65,NUCLEO 4,TURNO 1,PLANTA 1,Aider,Grupo Aider,5,6:00:00,14:00:00,22000,30000,2000,6000,30,36,22,50,35,Pedro,8,,CUMPLE,CUMPLE,CUMPLE,,,"21,80"
18/12/2025,SEMANA 3,JUEVES,65,NUCLEO 4,TURNO 2,PLANTA 2,Walter,Grupo Walter,6,14:00:00,22:00:00,26000,26000,2000,,30,36,22,50,35,Pablo,8,,CUMPLE,CUMPLE,CUMPLE,,,"18,50"
18/12/2025,SEMANA 3,JUEVES,65,NUCLEO 4,TURNO 2,PLANTA 2,Walter,Grupo Walter,6,14:00:00,22:00:00,26000,26000,2000,,15,36,22,45,35,Pablo,8,,CUMPLE,CUMPLE,CUMPLE,,,"18,50"
18/12/2025,SEMANA 3,JUEVES,558,NUCLEO MAGNESIO-SILICIO EM,TURNO 2,PLANTA 1,Andres,Grupo Andres,5,14:00:00,22:00:00,21000,23000,2700,4000,,36,30,45,35,OSORIO,8,,CUMPLE,CUMPLE,CUMPLE,,,"22,90"
19/12/2025,SEMANA 3,VIERNES,65,NUCLEO 4,TURNO 1,PLANTA 1,Nelson,Grupo Nelson,6,6:00:00,14:00:00,15000,15000,,,15,36,30,40,35,Jan Carlos,6,,CUMPLE,CUMPLE,CUMPLE,Se inició alas 8.30 am por problemas con el quemador se paró alas 11 am asta 11.35 am por arreglo de tuberías de agua,SI,"24,00"
19/12/2025,SEMANA 3,VIERNES,62,NUCLEO CAMASI GRIS,TURNO 2,PLANTA 2,Walter,Grupo Walter,6,14:00:00,22:00:00,24385,22000,5140,,22,36,22,45,35,Pedro,8,,CUMPLE,CUMPLE,CUMPLE,,,"19,70"
19/12/2025,SEMANA 3,VIERNES,62,NUCLEO CAMASI GRIS,TURNO 2,PLANTA 1,Andres,Grupo Andres,5,14:00:00,22:00:00,25525,21,5140,,15,36,30,40,35,Víctor,8,,CUMPLE,CUMPLE,CUMPLE,,,"18,80"
19/12/2025,SEMANA 3,VIERNES,65,NUCLEO 4,TURNO 1,PLANTA 2,Aider,Grupo Aider,5,6:00:00,14:00:00,22000,21000,2000,2520,15,36,22,45,40,Pedro,4,45,CUMPLE,CUMPLE,CUMPLE,Se perdieron 95 min por problemas con la motobomba de agua,SI,"13,00"
20/12/2025,SEMANA 3,SABADO,558,NUCLEO MAGNESIO-SILICIO EM,TURNO 2,PLANTA 1,Andres,Grupo Andres,5,14:00:00,22:00:00,28000,22000,7500,2651,15,36,30,45,35,Andres,8,,CUMPLE,CUMPLE,CUMPLE,,,"17,10"
20/12/2025,SEMANA 3,SABADO,558,NUCLEO MAGNESIO-SILICIO EM,TURNO 1,PLANTA 2,Nelson,Grupo Nelson,6,6:00:00,14:00:00,15000,18000,1000,,10,36,22,45,35,Jan Carlos,8,,CUMPLE,CUMPLE,CUMPLE,,,"32,00"
22/12/2025,SEMANA 4,LUNES,62,NUCLEO CAMASI GRIS,TURNO 1,PLANTA 2,Walter,Grupo Walter,6,6:00:00,14:00:00,15000,,,,19,36,20,40,59,Sevilla,5,13,CUMPLE,CUMPLE,CUMPLE,Se inició 8.15 am por limpieza de tubo secador se paró de 10.48 asta las 11.20 am por arreglo en motobomba de agua,SI,"20,90"
22/12/2025,SEMANA 4,LUNES,62,NUCLEO CAMASI GRIS,TURNO 2,PLANTA 2,Aider,Grupo Aider,5,14:00:00,22:00:00,21000,,,,15,36,20,40,42,Pedro,6,37,CUMPLE,CUMPLE,CUMPLE,,,"18,90"
22/12/2025,SEMANA 4,LUNES,558,NUCLEO MAGNESIO-SILICIO EM,TURNO 2,PLANTA 1,Nelson,Grupo Nelson,6,14:00:00,22:00:00,19300,,,,8,36,25,44,30,José ducney,8,,CUMPLE,CUMPLE,CUMPLE,,,"24,90"
,,,,,,,,,,,,,,,,,,,,,,,,,,,,,
22/12/2025,SEMANA 4,LUNES,558,NUCLEO MAGNESIO-SILICIO EM,TURNO 1,PLANTA 1,Andres,Grupo Andres,4,6:00:00,14:00:00,25000,28000,3000,,10,36,25,34,30,Victor,8,,CUMPLE,CUMPLE,CUMPLE,,,"19,20"
23/12/2025,SEMANA 4,MARTES,65,NUCLEO 4,TURNO 1,PLANTA 2,Walter,Grupo Walter,6,6:00:00,14:00:00,24000,,,,14,36,22,38,40,Brayan,8,,CUMPLE,CUMPLE,CUMPLE,,,"20,00"
23/12/2025,SEMANA 4,MARTES,65,NUCLEO 4,TURNO 2,PLANTA 2,Aider,Grupo Aider,5,14:00:00,22:00:00,21450,,,,15,36,23,40,40,Pablo,8,,CUMPLE,CUMPLE,CUMPLE,,,"22,40"
23/12/2025,SEMANA 4,MARTES,155,RAIFOS 20,TURNO 1,PLANTA 1,Andres,Grupo Andres,5,6:00:00,14:00:00,14000,,,,7,36,29,40,,Osorio,8,,CUMPLE,CUMPLE,CUMPLE,,,"34,30"
23/12/2025,SEMANA 4,MARTES,155,RAIFOS 20,TURNO 2,PLANTA 1,Nelson,Grupo Nelson,6,14:00:00,22:00:00,13852,,,,8,37,28,40,,Julian,8,,CUMPLE,CUMPLE,CUMPLE,,,"34,70"
23/12/2025,SEMANA 4,MARTES,65,NUCLEO 4,TURNO 2,PLANTA 2,Aider,Grupo Aider,5,14:00:00,22:00:00,21450,,,,15,36,22,45,40,Pablo,8,,CUMPLE,CUMPLE,CUMPLE,,,"22,40"
23/12/2025,SEMANA 4,MARTES,65,NUCLEO 4,TURNO 1,PLANTA 2,Walter,Grupo Walter,6,6:00:00,14:00:00,24000,,,,15,36,22,40,35,Wilmar,8,,CUMPLE,CUMPLE,CUMPLE,,,"20,00"
26/12/2025,SEMANA 4,VIERNES,558,NUCLEO MAGNESIO-SILICIO EM,TURNO 1,PLANTA 1,Andres,Grupo Andres,5,6:00:00,14:00:00,21000,,,,8,36,30,40,30,Andres,6,30,CUMPLE,CUMPLE,CUMPLE,Se inició alas 7.30 am por problemas con el quemador,SI,"18,60"
26/12/2025,SEMANA 4,VIERNES,62,NUCLEO CAMASI GRIS,TURNO 1,PLANTA 2,Walter,Grupo Walter,6,6:00:00,14:00:00,26000,,,,37,36,21,51,42,Wilmar,8,,CUMPLE,CUMPLE,CUMPLE,,,"18,50"
29/12/2025,SEMANA 5,LUNES,62,NUCLEO CAMASI GRIS,TURNO 1,PLANTA 2,Aider,Grupo Aider,5,6:00:00,14:00:00,20000,,,,23,36,20,45,37,Pedro,8,,CUMPLE,CUMPLE,CUMPLE,,,"24,00"
29/12/2025,SEMANA 5,LUNES,558,NUCLEO MAGNESIO-SILICIO EM,TURNO 2,PLANTA 2,Walter,Grupo Walter,6,14:00:00,22:00:00,24475,,,,15,36,22,40,40,Brayan,8,,CUMPLE,CUMPLE,CUMPLE,,,"19,60"
29/12/2025,SEMANA 5,LUNES,62,NUCLEO CAMASI GRIS,TURNO 1,PLANTA 1,Nelson,Grupo Nelson,5,6:00:00,14:00:00,25000,,,,15,36,29,40,30,Julian,8,,CUMPLE,CUMPLE,CUMPLE,,,"19,20"
29/12/2025,SEMANA 5,LUNES,558,NUCLEO MAGNESIO-SILICIO EM,TURNO 2,PLANTA 1,Andres,Grupo Andres,4,14:00:00,22:00:00,23000,,,,10,36,29,40,35,Víctor,8,,CUMPLE,CUMPLE,CUMPLE,,,"20,90"
2/01/2026,SEMANA 1,VIERNES,62,NUCLEO CAMASI GRIS,TURNO 1,PLANTA 1,Aider,Grupo Aider,4,6:00:00,14:00:00,27000,27000,1000,,11,37,29,45,30,Pedro,8,,CUMPLE,CUMPLE,CUMPLE,,,"17,80"
2/01/2026,SEMANA 1,VIERNES,141,SULFATO DE CALCIO,TURNO 1,PLANTA 2,Nelson,Grupo Nelson,5,6:00:00,14:00:00,12000,17000,1760,4000,25,36,22,45,40,Julian,4,45,CUMPLE,CUMPLE,CUMPLE,Se inició alas 9.15 am por limpieza de tubo secador y falta de gas,SI,"23,80"
2/01/2026,SEMANA 1,VIERNES,452,NUCLEO CAMASI ROJO,TURNO 2,PLANTA 2,Andres,Grupo Andres,5,14:00:00,22:00:00,14118,16000,1900,1700,15,36,23,34,46,Osorio,8,,CUMPLE,CUMPLE,CUMPLE,,,"34,00"
2/01/2026,SEMANA 1,VIERNES,62,NUCLEO CAMASI GRIS,TURNO 2,PLANTA 1,Walter,Grupo Walter,5,14:00:00,22:00:00,29000,29000,1000,,13,37,31,43,40,Wilmar,8,,CUMPLE,CUMPLE,CUMPLE,,,"16,60"
3/01/2026,SEMANA 1,SABADO,679,NUCLEO FOSFORO 10,TURNO 1,PLANTA 1,Nelson,Grupo Nelson,5,6:00:00,14:00:00,13020,17000,,,10,37,30,40,35,James,8,,CUMPLE,CUMPLE,CUMPLE,Se trabajo si ESTRACTOR 2 ASTA LAS 12.10 PM se tocó repasar varios bigbag,SI,"36,90"
3/01/2026,SEMANA 1,SABADO,679,NUCLEO FOSFORO 10,TURNO 1,PLANTA 2,Andres,Grupo Andres,5,6:00:00,14:00:00,17576,2000,3226,6404,12,36,22,39,35,Andres,7,45,CUMPLE,CUMPLE,CUMPLE,Se paró 15 min por cambio de motobomba,SI,"26,50"
5/01/2026,SEMANA 1,LUNES,62,NUCLEO CAMASI GRIS,TURNO 1,PLANTA 1,Walter,Grupo Walter,5,6:00:00,14:00:00,23000,24000,1000,,13,36,30,40,33,Brayan,7,30,CUMPLE,CUMPLE,CUMPLE,,,"19,60"
5/01/2026,SEMANA 1,LUNES,65,NUCLEO 4,TURNO 1,PLANTA 2,Andres,Grupo Andres,4,6:00:00,14:00:00,23000,24000,3400,,18,36,22,40,35,Juan David,8,,CUMPLE,CUMPLE,CUMPLE,,,"20,90"
5/01/2026,SEMANA 1,LUNES,65,NUCLEO 4,TURNO 2,PLANTA 2,Nelson,Grupo Nelson,5,14:00:00,22:00:00,25000,23000,,14000,18,36,22,40,45,Jan Carlos,8,,CUMPLE,CUMPLE,CUMPLE,,,"19,20"
5/01/2026,SEMANA 1,LUNES,62,NUCLEO CAMASI GRIS,TURNO 2,PLANTA 1,Aider,Grupo Aider,5,14:00:00,22:00:00,26000,27000,,1600,12,37,31,49,33,Pedro,8,,CUMPLE,CUMPLE,CUMPLE,,,"18,50"
6/01/2026,SEMANA 1,MARTES,62,NUCLEO CAMASI GRIS,TURNO 1,PLANTA 1,Walter,Grupo Walter,4,6:00:00,14:00:00,26000,27000,1600,,12,37,30,40,46,Pablo,8,,CUMPLE,CUMPLE,CUMPLE,,,"18,50"
6/01/2026,SEMANA 1,MARTES,65,NUCLEO 4,TURNO 1,PLANTA 2,Andres,Grupo Andres,5,18:00:00,14:00:00,19000,20000,,,22,36,21,39,49,Osorio,7,40,CUMPLE,CUMPLE,CUMPLE,Se inició alas 7.20 am por limpieza de tubo secador,SI,"24,20"
6/01/2026,SEMANA 1,MARTES,65,NUCLEO 4,TURNO 2,PLANTA 2,Nelson,Grupo Nelson,5,14:00:00,22:00:00,21687,22000,,2000,30,37,22,39,37,José ducney,8,,CUMPLE,CUMPLE,CUMPLE,El molino se paró de 4.30 PM asta las 6.40 PM,SI,"22,10"
6/01/2026,SEMANA 1,MARTES,62,NUCLEO CAMASI GRIS,TURNO 2,PLANTA 1,Aider,Grupo Aider,5,14:00:00,22:00:00,29100,29000,,1070,14,36,28,48,46,Aider,7,42,CUMPLE,CUMPLE,CUMPLE,Se perdieron 18 min por problemas con el quemador,SI,"15,90"
7/01/2026,SEMANA 1,MIERCOLES,141,SULFATO DE CALCIO,TURNO 1,PLANTA 2,Andres,Grupo Andres,5,6:00:00,14:00:00,21000,18000,5200,,22,37,21,40,49,Juan galvis,7,20,CUMPLE,CUMPLE,CUMPLE,Se inició alas 6.40 por cañon,SI,"21,00"
7/01/2026,SEMANA 1,MIERCOLES,558,NUCLEO MAGNESIO-SILICIO EM,TURNO 1,PLANTA 1,Walter,Grupo Walter,4,6:00:00,14:00:00,19000,20000,1600,,7,37,31,41,36,Wilmar,7,15,CUMPLE,CUMPLE,CUMPLE,Se inició alas 6.45 am por cañon,SI,"22,90"
7/01/2026,SEMANA 1,MIERCOLES,141,SULFATO DE CALCIO,TURNO 2,PLANTA 1,Aider,Grupo Aider,5,14:00:00,22:00:00,20850,22000,2000,3000,8,37,31,40,36,Gabriel,8,,CUMPLE,CUMPLE,CUMPLE,,,"23,00"
7/01/2026,SEMANA 1,MIERCOLES,141,SULFATO DE CALCIO,TURNO 2,PLANTA 2,Nelson,Grupo Nelson,5,14:00:00,22:00:00,,,,,24,37,21,41,49,Julian,,,CUMPLE,CUMPLE,CUMPLE,,,
7/01/2026,SEMANA 1,MIERCOLES,558,NUCLEO MAGNESIO-SILICIO EM,TURNO 2,PLANTA 1,Aider,Grupo Aider,5,14:00:00,22:00:00,19170,19000,,2412,9,37,30,40,35,Gabriel,8,,CUMPLE,CUMPLE,CUMPLE,,,"25,00"
8/01/2026,SEMANA 1,JUEVES,62,NUCLEO CAMASI GRIS,TURNO 1,PLANTA 2,Andres,Grupo Andres,5,6:00:00,14:00:00,26000,29000,2000,,28,37,22,40,50,Victor,8,,CUMPLE,CUMPLE,CUMPLE,,,"18,50"
8/01/2026,SEMANA 1,JUEVES,62,NUCLEO CAMASI GRIS,TURNO 2,PLANTA 2,Nelson,Grupo Nelson,5,14:00:00,22:00:00,22000,21000,,2000,29,37,22,40,50,James,8,,CUMPLE,CUMPLE,CUMPLE,,,"21,80"
8/01/2026,SEMANA 1,JUEVES,679,NUCLEO FOSFORO 10,TURNO 1,PLANTA 1,Walter,Grupo Walter,4,6:00:00,14:00:00,28000,29000,2000,,12,37,30,36,35,Brayan,8,,CUMPLE,CUMPLE,CUMPLE,,,"17,10"
8/01/2026,SEMANA 1,JUEVES,679,NUCLEO FOSFORO 10,TURNO 2,PLANTA 1,Aider,Grupo Aider,5,14:00:00,22:00:00,27200,24000,1717,,13,37,30,35,35,Pedro,8,,CUMPLE,CUMPLE,CUMPLE,,,"17,60"
9/01/2026,SEMANA 1,VIERNES,558,NUCLEO MAGNESIO-SILICIO EM,TURNO 1,PLANTA 2,Andres,Grupo Andres,5,6:00:00,14:00:00,25000,24000,4000,,19,37,23,40,35,Andres,8,,CUMPLE,CUMPLE,CUMPLE,,,"19,20"
9/01/2026,SEMANA 1,VIERNES,62,NUCLEO CAMASI GRIS,TURNO 1,PLANTA 1,Walter,Grupo Walter,5,6:00:00,14:00:00,22000,22000,2000,,10,37,31,32,41,Pablo,5,45,CUMPLE,CUMPLE,CUMPLE,Se inició 8 .15 am por limpieza de tubo secador,SI,"15,70"
9/01/2026,SEMANA 1,VIERNES,558,NUCLEO MAGNESIO-SILICIO EM,TURNO 2,PLANTA 2,Nelson,Grupo Nelson,5,14:00:00,22:00:00,22000,22000,,,22,37,22,40,40,Jan Carlos,8,,CUMPLE,CUMPLE,CUMPLE,,,"21,80"
9/01/2026,SEMANA 1,VIERNES,62,NUCLEO CAMASI GRIS,TURNO 2,PLANTA 1,Aider,Grupo Aider,5,14:00:00,22:00:00,25000,24000,,,10,37,30,40,35,Pedro,8,,CUMPLE,CUMPLE,CUMPLE,,,"19,20"
10/01/2026,SEMANA 1,SABADO,65,NUCLEO 4,TURNO 1,PLANTA 2,Walter,Grupo Walter,5,6:00:00,14:00:00,21000,25000,3000,,22,37,20,60,52,Wilmar,7,,CUMPLE,CUMPLE,CUMPLE,Se paró alas 9.30 am por problemas con la motobomba de agua,SI,"20,00"
10/01/2026,SEMANA 1,SABADO,65,NUCLEO 4,TURNO 2,PLANTA 2,Aider,Grupo Aider,5,14:00:00,22:00:00,24000,25000,,,22,37,22,45,40,Reyes,8,,CUMPLE,CUMPLE,CUMPLE,,,"20,00"
13/01/2026,SEMANA 2,MARTES,65,NUCLEO 4,TURNO 1,PLANTA 2,Nelson,Grupo Nelson,5,6:00:00,14:00:00,11000,12000,1000,,16,37,22,35,28,Julian,4,16,CUMPLE,CUMPLE,CUMPLE,Se inició alas 9.44 por limpieza de tubo secador y problemas con el quemador,SI,"23,30"
13/01/2026,SEMANA 2,MARTES,558,NUCLEO MAGNESIO-SILICIO EM,TURNO 1,PLANTA 1,Aider,Grupo Aider,5,6:00:00,14:00:00,16000,17000,2650,2219,7,37,31,40,59,Gabriel,5,40,CUMPLE,CUMPLE,CUMPLE,Se perdieron 2 horas con 20 min por limpieza de Aria de trabajo por inundación y problemas con el quemador,SI,"21,30"
13/01/2026,SEMANA 2,MARTES,65,NUCLEO 4,TURNO 2,PLANTA 2,Andres,Grupo Andres,5,14:00:00,22:00:00,24000,23000,400,800,16,37,21,32,41,Juan,8,,CUMPLE,CUMPLE,CUMPLE,,,"20,00"
13/01/2026,SEMANA 2,MARTES,558,NUCLEO MAGNESIO-SILICIO EM,TURNO 2,PLANTA 1,Walter,Grupo Walter,5,14:00:00,22:00:00,20000,18000,,,8,37,29,42,59,Brayan,7,,CUMPLE,CUMPLE,CUMPLE,Se paró de 2.30 PM asta las 3.30 por motobomba de agua,SI,"21,00"
14/01/2026,SEMANA 2,MIERCOLES,65,NUCLEO 4,TURNO 1,PLANTA 2,Nelson,Grupo Nelson,5,6:00:00,14:00:00,21000,20000,1000,,21,37,23,43,41,José ducney,8,,CUMPLE,CUMPLE,CUMPLE,,,"22,90"
14/01/2026,SEMANA 2,MIERCOLES,558,NUCLEO MAGNESIO-SILICIO EM,TURNO 1,PLANTA 1,Aider,Grupo Aider,5,6:00:00,14:00:00,22000,25000,700,,14,37,30,38,35,Juan David Guevara,8,,CUMPLE,CUMPLE,CUMPLE,,,"21,80"
14/01/2026,SEMANA 2,MIERCOLES,65,NUCLEO 4,TURNO 2,PLANTA 2,Andres,Grupo Andres,5,14:00:00,22:00:00,24000,22000,,,23,37,22,33,41,Osorio,8,,CUMPLE,CUMPLE,CUMPLE,,,"20,00"
14/01/2026,SEMANA 2,MIERCOLES,558,NUCLEO MAGNESIO-SILICIO EM,TURNO 2,PLANTA 1,Walter,Grupo Walter,5,14:00:00,22:00:00,24000,19000,1719,840,7,36,30,50,40,Pablo,8,,CUMPLE,CUMPLE,CUMPLE,,,"20,00"
15/01/2026,SEMANA 2,JUEVES,65,NUCLEO 4,TURNO 1,PLANTA 2,Nelson,Grupo Nelson,5,6:00:00,14:00:00,17000,15000,3000,,7,37,24,52,47,James,6,30,CUMPLE,CUMPLE,CUMPLE,Se inició alas 7.30 am por limpieza de tubo secador,SI,"22,90"
15/01/2026,SEMANA 2,JUEVES,62,NUCLEO CAMASI GRIS,TURNO 1,PLANTA 1,Aider,Grupo Aider,5,6:00:00,14:00:00,17000,22000,,610,14,36,31,35,40,Pedro,6,,CUMPLE,CUMPLE,CUMPLE,,,"21,20"
15/01/2026,SEMANA 2,JUEVES,62,NUCLEO CAMASI GRIS,TURNO 2,PLANTA 1,Walter,Grupo Walter,5,14:00:00,22:00:00,27000,24000,,,15,37,30,40,35,Wilmar,8,,CUMPLE,CUMPLE,CUMPLE,,,"17,80"
15/01/2026,SEMANA 2,JUEVES,65,NUCLEO 4,TURNO 2,PLANTA 2,Andres,Grupo Andres,5,14:00:00,22:00:00,24550,21000,2000,2000,15,37,22,40,35,Andrés,7,36,CUMPLE,CUMPLE,CUMPLE,Se paró 24 min por rodamiento de tubo secador,SI,"18,60"
16/01/2026,SEMANA 2,VIERNES,558,NUCLEO MAGNESIO-SILICIO EM,TURNO 1,PLANTA 2,Aider,Grupo Aider,5,6:00:00,14:00:00,20000,22000,1560,1000,10,37,19,18,31,Gabriel,7,15,CUMPLE,CUMPLE,CUMPLE,Se perdieron 45 minutos por cambio de rodamiento de tubo SECADOR,SI,"21,80"
16/01/2026,SEMANA 2,VIERNES,679,NUCLEO FOSFORO 10,TURNO 1,PLANTA 1,Nelson,Grupo Nelson,5,6:00:00,14:00:00,26000,29000,717,,10,36,28,50,42,Jan Carlos,8,,CUMPLE,CUMPLE,CUMPLE,,,"18,50"
16/01/2026,SEMANA 2,VIERNES,679,NUCLEO FOSFORO 10,TURNO 2,PLANTA 1,Andres,Grupo Andres,5,14:00:00,22:00:00,24000,25000,,2000,15,36,30,40,35,Víctor,8,,CUMPLE,CUMPLE,CUMPLE,,,"20,00"
16/01/2026,SEMANA 2,VIERNES,558,NUCLEO MAGNESIO-SILICIO EM,TURNO 2,PLANTA 2,Walter,Grupo Walter,5,14:00:00,22:00:00,22510,19000,1000,,10,37,22,40,40,Pablo,7,20,CUMPLE,CUMPLE,CUMPLE,,,"19,50"
17/01/2026,SEMANA 2,SABADO,563,NUCLEO CAMASI YARA,TURNO 1,PLANTA 2,Nelson,Grupo Nelson,5,6:00:00,14:00:00,17000,18000,1423,,18,37,22,40,35,José ducney,6,28,CUMPLE,CUMPLE,CUMPLE,Se inició alas 7.32 am por limpieza de tubo secador,SI,"22,80"
17/01/2026,SEMANA 2,SABADO,563,NUCLEO CAMASI YARA,TURNO 2,PLANTA 2,Andres,Grupo Andres,5,14:00:00,22:00:00,24900,25000,,1100,15,37,22,45,40,Andrés,8,,CUMPLE,CUMPLE,CUMPLE,,,"19,30"
19/01/2026,SEMANA 3,LUNES,558,NUCLEO MAGNESIO-SILICIO EM,TURNO 1,PLANTA 2,Walter,Grupo Walter,5,6:00:00,14:00:00,22000,22000,2810,,18,37,22,51,31,Pablo,8,,CUMPLE,CUMPLE,CUMPLE,,,"21,80"
19/01/2026,SEMANA 3,LUNES,563,NUCLEO CAMASI YARA,TURNO 1,PLANTA 1,Andres,Grupo Andres,4,6:00:00,14:00:00,27000,29000,1100,,13,36,28,46,40,Juan,8,,CUMPLE,CUMPLE,CUMPLE,,,"17,80"
19/01/2026,SEMANA 3,LUNES,563,NUCLEO CAMASI YARA,TURNO 2,PLANTA 1,Nelson,Grupo Nelson,4,14:00:00,22:00:00,27477,27000,,1000,15,37,28,42,40,James,8,,CUMPLE,CUMPLE,CUMPLE,,,"17,50"
19/01/2026,SEMANA 3,LUNES,558,NUCLEO MAGNESIO-SILICIO EM,TURNO 2,PLANTA 2,Aider,Grupo Aider,5,14:00:00,22:00:00,26880,24000,1000,849,18,37,23,51,31,Pedro,8,,CUMPLE,CUMPLE,CUMPLE,,,"17,90"
20/01/2026,SEMANA 3,MARTES,679,NUCLEO FOSFORO 10,TURNO 1,PLANTA 1,Andres,Grupo Andres,4,6:00:00,14:00:00,24000,26000,2000,,12,37,29,42,40,Víctor,7,23,CUMPLE,CUMPLE,CUMPLE,Se perdieron 37 minutos por problemas con la motobomba de agua,SI,"18,50"
20/01/2026,SEMANA 3,MARTES,679,NUCLEO FOSFORO 10,TURNO 2,PLANTA 1,Nelson,Grupo Nelson,5,14:00:00,22:00:00,,,,,13,37,29,40,40,Jan Carlos,,,CUMPLE,CUMPLE,CUMPLE,,,
20/01/2026,SEMANA 3,MARTES,65,NUCLEO 4,TURNO 1,PLANTA 2,Walter,Grupo Walter,5,6:00:00,14:00:00,26000,27000,2000,,18,37,22,40,35,Wilmar,7,35,CUMPLE,CUMPLE,CUMPLE,Se para ala 1.35 PM por cambio de rodamiento de tubo secador,SI,"17,50"
21/01/2026,SEMANA 3,MIERCOLES,65,NUCLEO 4,TURNO 1,PLANTA 1,Andres,Grupo Andres,5,6:00:00,14:00:00,23000,24000,2000,1200,11,37,30,40,42,Osorio,6,,CUMPLE,CUMPLE,CUMPLE,Se comenzó alas 7 am por limpieza de tubo secador y se paró ala 1.30 PM para hacerle mantenimiento ala mezcladora,SI,"15,70"
21/01/2026,SEMANA 3,MIERCOLES,558,NUCLEO MAGNESIO-SILICIO EM,TURNO 1,PLANTA 2,Walter,Grupo Walter,5,6:00:00,14:00:00,27000,28000,,,20,37,20,52,40,Brayan,8,,CUMPLE,CUMPLE,CUMPLE,,,"17,80"
23/01/2026,SEMANA 3,VIERNES,141,SULFATO DE CALCIO,TURNO 1,PLANTA 1,Andres,Grupo Andres,4,6:00:00,14:00:00,23910,24000,1000,,11,37,29,37,35,Andrea,8,,CUMPLE,CUMPLE,CUMPLE,,,"20,10"
23/01/2026,SEMANA 3,VIERNES,65,NUCLEO 4,TURNO 1,PLANTA 2,Walter,Grupo Walter,5,6:00:00,14:00:00,27000,30000,,,32,37,20,39,60,Wilmar,8,,CUMPLE,CUMPLE,CUMPLE,,,"17,80"
25/01/2026,SEMANA 3,DOMINGO,564,#N/A,TURNO 1,PLANTA 2,Nelson,Grupo Nelson,6,6:00:00,14:00:00,5400,10000,,,7,38,21,33,,Jan Carlos,8,,CUMPLE,CUMPLE,CUMPLE,,,"88,90"
23/01/2026,SEMANA 3,VIERNES,65,NUCLEO 4,TURNO 2,PLANTA 2,Aider,Grupo Aider,5,14:00:00,22:00:00,24544,25000,,,18,37,22,40,45,Pedro,8,,CUMPLE,CUMPLE,CUMPLE,,,"19,60"
21/01/2026,SEMANA 3,MIERCOLES,141,SULFATO DE CALCIO,TURNO 2,PLANTA 1,Nelson,Grupo Nelson,5,14:00:00,22:00:00,18000,18000,2000,,11,37,22,35,30,Nelson,6,38,CUMPLE,CUMPLE,CUMPLE,Se paró de 3.19 PM Asta las 4.42 PM por Daño en llaves de olla granuladora,SI,"22,10"
21/01/2026,SEMANA 3,MIERCOLES,558,NUCLEO MAGNESIO-SILICIO EM,TURNO 2,PLANTA 2,Aider,Grupo Aider,5,14:00:00,22:00:00,21000,20000,1000,2511,14,37,22,45,40,Aider,8,,CUMPLE,CUMPLE,CUMPLE,,,"22,90"
22/01/2026,SEMANA 3,JUEVES,558,NUCLEO MAGNESIO-SILICIO EM,TURNO 1,PLANTA 2,Walter,Grupo Walter,4,6:00:00,14:00:00,13000,12000,2500,,14,37,22,45,40,Pablo,4,30,CUMPLE,CUMPLE,CUMPLE,Se inició alas 9.30 am por limpieza de tubo secador,SI,"20,80"
22/01/2026,SEMANA 3,JUEVES,65,NUCLEO 4,TURNO 1,PLANTA 1,Andres,Grupo Andres,4,6:00:00,14:00:00,26000,30000,1200,,12,37,30,40,40,Andres,8,,,,,,,"18,50"
26/01/2026,SEMANA 4,LUNES,997,FE SULFATO ZINC 22,TURNO 1,PLANTA 2,Aider,Grupo Aider,5,6:00:00,14:00:00,8588,10000,,2000,2,36,21,60,,Pedro,8,,CUMPLE,CUMPLE,CUMPLE,,,"55,90"
26/01/2026,SEMANA 4,LUNES,62,NUCLEO CAMASI GRIS,TURNO 1,PLANTA 1,Nelson,Grupo Nelson,4,6:00:00,14:00:00,17000,21000,,,6,36,30,38,35,Nelson,7,1,CUMPLE,CUMPLE,CUMPLE,Se perdieron 59 min por problemas con la banda 3 y separador de finos,SI,"24,80"
26/01/2026,SEMANA 4,LUNES,62,NUCLEO CAMASI GRIS,TURNO 2,PLANTA 1,Andres,Grupo Andres,5,14:00:00,22:00:00,25345,22000,610,830,15,36,30,40,40,Andre,6,53,CUMPLE,CUMPLE,CUMPLE,Se paró 67 min por problemas en banda,SI,"16,30"
26/01/2026,SEMANA 4,LUNES,65,NUCLEO 4,TURNO 2,PLANTA 2,Walter,Grupo Walter,5,14:00:00,22:00:00,9600,11000,,1930,15,37,22,40,40,Pablo,4,45,CUMPLE,CUMPLE,CUMPLE,Se inició ala 5.15 por limpieza de Aria de trabajo y limpieza de tubo secador,SI,"29,70"
22/01/2026,SEMANA 3,JUEVES,65,NUCLEO 4,TURNO 2,PLANTA 1,Nelson,Grupo Nelson,5,14:00:00,22:00:00,28930,28000,1500,200,15,36,30,45,40,Nelson,8,,CUMPLE,CUMPLE,CUMPLE,,,"16,60"
22/01/2026,SEMANA 3,JUEVES,558,NUCLEO MAGNESIO-SILICIO EM,TURNO 2,PLANTA 2,Aider,Grupo Aider,5,14:00:00,22:00:00,23326,21000,1000,782,18,37,22,40,40,Aider,8,,CUMPLE,CUMPLE,CUMPLE,,,"20,60"
23/01/2026,SEMANA 3,VIERNES,558,NUCLEO MAGNESIO-SILICIO EM,TURNO 2,PLANTA 1,Nelson,Grupo Nelson,5,14:00:00,22:00:00,26872,27000,1723,1000,15,38,30,40,45,Jan carlos,7,,CUMPLE,CUMPLE,CUMPLE,Se paró alas 9 PM por gas,SI,"15,60"
24/01/2026,SEMANA 3,SABADO,558,NUCLEO MAGNESIO-SILICIO EM,TURNO 1,PLANTA 2,Aider,Grupo Aider,,14:00:00,22:00:00,16710,18000,,,,,,,,,8,,CUMPLE,CUMPLE,CUMPLE,,,"28,70"
24/01/2026,SEMANA 3,SABADO,558,NUCLEO MAGNESIO-SILICIO EM,TURNO 2,PLANTA 1,Walter,Grupo Walter,5,14:00:00,22:00:00,24000,22000,,,,,,,,,8,,CUMPLE,CUMPLE,CUMPLE,,,"20,00"
25/01/2026,SEMANA 3,DOMINGO,564,#N/A,TURNO 1,PLANTA 2,Nelson,Grupo Nelson,5,6:00:00,14:00:00,5375,10000,,,,,,,,Jan Carlos,8,,CUMPLE,CUMPLE,CUMPLE,,,"89,30"
25/01/2026,SEMANA 3,DOMINGO,997,FE SULFATO ZINC 22,TURNO 2,PLANTA 2,Walter,Grupo Walter,5,14:00:00,22:00:00,8156,9000,,,,,,,,Bayan,8,,CUMPLE,CUMPLE,CUMPLE,,,"58,90"
27/01/2026,SEMANA 4,MARTES,558,NUCLEO MAGNESIO-SILICIO EM,TURNO 1,PLANTA 1,Nelson,Grupo Nelson,4,6:00:00,14:00:00,22000,25000,610,,8,39,30,48,40,Jan Carlos,8,,CUMPLE,CUMPLE,CUMPLE,,,"21,80"
27/01/2026,SEMANA 4,MARTES,65,NUCLEO 4,TURNO 1,PLANTA 2,Aider,Grupo Aider,5,6:00:00,14:00:00,19000,20000,2800,,16,37,21,35,50,Pedro,8,,CUMPLE,CUMPLE,CUMPLE,,,"25,30"
27/01/2026,SEMANA 4,MARTES,65,NUCLEO 4,TURNO 2,PLANTA 2,Walter,Grupo Walter,5,14:00:00,22:00:00,26230,27000,,,32,37,22,40,34,Wilmar,8,,CUMPLE,CUMPLE,CUMPLE,,,"18,30"
27/01/2026,SEMANA 4,MARTES,558,NUCLEO MAGNESIO-SILICIO EM,TURNO 2,PLANTA 1,Andres,Grupo Andres,5,14:00:00,22:00:00,28000,27000,2000,2600,10,39,30,36,40,Andrés,8,,CUMPLE,CUMPLE,CUMPLE,,,"17,10"
28/01/2026,SEMANA 4,MIERCOLES,558,NUCLEO MAGNESIO-SILICIO EM,TURNO 1,PLANTA 2,Aider,Grupo Aider,5,6:00:00,14:00:00,21000,22000,,,18,37,21,43,45,Pedro,8,,CUMPLE,CUMPLE,CUMPLE,,,"22,90"
28/01/2026,SEMANA 4,MIERCOLES,141,SULFATO DE CALCIO,TURNO 1,PLANTA 1,Nelson,Grupo Nelson,4,6:00:00,14:00:00,22000,23000,,,9,37,34,36,37,Nelson,7,45,CUMPLE,CUMPLE,CUMPLE,,,"21,10"
28/01/2026,SEMANA 4,MIERCOLES,141,SULFATO DE CALCIO,TURNO 2,PLANTA 1,Andres,Grupo Andres,5,14:00:00,22:00:00,,,,,11,37,30,41,34,Victor,,,CUMPLE,CUMPLE,CUMPLE,,,
28/01/2026,SEMANA 4,MIERCOLES,558,NUCLEO MAGNESIO-SILICIO EM,TURNO 2,PLANTA 2,Walter,Grupo Walter,5,14:00:00,22:00:00,,,,,23,37,18,37,36,Brayan,,,CUMPLE,CUMPLE,CUMPLE,,,
30/01/2026,SEMANA 4,VIERNES,62,NUCLEO CAMASI GRIS,TURNO 1,PLANTA 1,Nelson,Grupo Nelson,4,6:00:00,14:00:00,19000,21000,,,8,37,30,60,40,Jan Carlos,6,23,CUMPLE,CUMPLE,CUMPLE,Se paró alas 6.15 am asta las 7.24 am por banda 5 se paró nuevamente alas 7.35 am asta las 7.52 por banda 5 se paró alas 11.12 am asta las 11.23 am por bomba de agua,SI,"20,20"
30/01/2026,SEMANA 4,VIERNES,558,NUCLEO MAGNESIO-SILICIO EM,TURNO 1,PLANTA 2,Aider,Grupo Aider,5,6:00:00,14:00:00,20000,20000,3330,,43,35,22,38,39,Pedro,6,35,CUMPLE,CUMPLE,CUMPLE,Por limpieza de tubo secador y problemas con bomba de agua  se perdieron en total 1 h 25 min,SI,"19,80"
30/01/2026,SEMANA 4,VIERNES,558,NUCLEO MAGNESIO-SILICIO EM,TURNO 2,PLANTA 2,Walter,Grupo Walter,5,14:00:00,22:00:00,28220,26000,2000,860,23,35,22,43,47,Pablo,8,,CUMPLE,CUMPLE,CUMPLE,,,"17,00"
30/01/2026,SEMANA 4,VIERNES,62,NUCLEO CAMASI GRIS,TURNO 2,PLANTA 1,Andres,Grupo Andres,5,14:00:00,22:00:00,21000,21000,860,2000,12,36,30,34,40,Galvis,7,23,CUMPLE,CUMPLE,CUMPLE,Se perdieron 37 min por arreglo en separador de finos,SI,"21,10"
2/02/2026,SEMANA 1,LUNES,62,NUCLEO CAMASI GRIS,TURNO 1,PLANTA 2,Andres,Grupo Andres,4,5:00:00,15:00:00,28000,28000,1500,,33,36,23,44,60,Victor,8,40,CUMPLE,CUMPLE,CUMPLE,Se inició ala 6.20 am por limpieza de tubo secador,SI,"18,60"
2/02/2026,SEMANA 1,LUNES,65,NUCLEO 4,TURNO 1,PLANTA 1,Walter,Grupo Walter,4,5:00:00,15:00:00,23000,29000,,,10,36,29,58,35,Wilmar,10,,CUMPLE,CUMPLE,CUMPLE,,,"26,10"
2/02/2026,SEMANA 1,LUNES,65,NUCLEO 4,TURNO 2,PLANTA 1,Aider,Grupo Aider,5,15:00:00,0:00:00,26384,30000,,1000,10,36,29,47,30,Aider,9,,CUMPLE,CUMPLE,CUMPLE,,,"20,50"
2/02/2026,SEMANA 1,LUNES,62,NUCLEO CAMASI GRIS,TURNO 2,PLANTA 2,Nelson,Grupo Nelson,5,15:00:00,0:00:00,26476,29000,,,25,36,23,36,60,Julian,9,,CUMPLE,CUMPLE,CUMPLE,,,"20,40"
3/02/2026,SEMANA 1,MARTES,62,NUCLEO CAMASI GRIS,TURNO 1,PLANTA 2,Andres,Grupo Andres,5,5:00:00,15:00:00,30000,32000,1000,,24,35,23,30,60,Osorio,10,,CUMPLE,CUMPLE,CUMPLE,,,"20,00"
3/02/2026,SEMANA 1,MARTES,558,NUCLEO MAGNESIO-SILICIO EM,TURNO 1,PLANTA 1,Walter,Grupo Walter,4,5:00:00,15:00:00,30000,33000,860,,12,36,29,53,60,Brayan,9,35,CUMPLE,CUMPLE,CUMPLE,Se paró 25 minutos por arreglo de cadena de banda 3,SI,"19,20"
3/02/2026,SEMANA 1,MARTES,558,NUCLEO MAGNESIO-SILICIO EM,TURNO 2,PLANTA 1,Aider,Grupo Aider,5,15:00:00,0:00:00,24777,,,,13,36,29,60,60,Juan David Guevara,7,10,CUMPLE,CUMPLE,CUMPLE,Se perdieron 1 H 50 min por arreglo en banda 1,SI,"17,40"
3/02/2026,SEMANA 1,MARTES,62,NUCLEO CAMASI GRIS,TURNO 2,PLANTA 2,Nelson,Grupo Nelson,5,15:00:00,0:00:00,29766,31000,,,29,35,23,60,60,Jan Carlos,9,,CUMPLE,CUMPLE,CUMPLE,,,"18,10"
4/02/2026,SEMANA 1,MIERCOLES,141,SULFATO DE CALCIO,TURNO 1,PLANTA 1,Walter,Grupo Walter,4,5:00:00,15:00:00,24000,26,,,11,36,30,35,40,Wilmar,10,,CUMPLE,CUMPLE,CUMPLE,,,"25,00"
4/02/2026,SEMANA 1,MIERCOLES,558,NUCLEO MAGNESIO-SILICIO EM,TURNO 1,PLANTA 2,Andres,Grupo Andres,4,5:00:00,15:00:00,28230,28,,,22,36,22,45,45,Victor,10,,CUMPLE,CUMPLE,CUMPLE,,,"21,30"
4/02/2026,SEMANA 1,MIERCOLES,62,NUCLEO CAMASI GRIS,TURNO 2,PLANTA 1,Aider,Grupo Aider,5,15:00:00,0:00:00,23230,24,,,12,36,30,45,40,Pedro,8,6,CUMPLE,CUMPLE,CUMPLE,,,"20,90"
4/02/2026,SEMANA 1,MIERCOLES,558,NUCLEO MAGNESIO-SILICIO EM,TURNO 2,PLANTA 2,Nelson,Grupo Nelson,4,15:00:00,0:00:00,24890,25,,,15,36,22,45,50,Julian,9,,CUMPLE,CUMPLE,CUMPLE,,,"21,70"
5/02/2026,SEMANA 1,JUEVES,679,NUCLEO FOSFORO 10,TURNO 1,PLANTA 1,Walter,Grupo Walter,5,5:00:00,15:00:00,25690,21,,,14,37,30,45,50,Pablo,7,20,CUMPLE,CUMPLE,CUMPLE,,,"17,10"
5/02/2026,SEMANA 1,JUEVES,563,NUCLEO CAMASI YARA,TURNO 1,PLANTA 2,Andres,Grupo Andres,5,5:00:00,15:00:00,23000,25,,,14,35,22,45,45,Galvis,10,,,,,,,"26,10"
5/02/2026,SEMANA 1,JUEVES,62,NUCLEO CAMASI GRIS,TURNO 2,PLANTA 1,Aider,Grupo Aider,5,15:00:00,0:05:00,24781,23,,,12,36,30,45,50,Pedro,9,,CUMPLE,CUMPLE,CUMPLE,,,"21,80"
5/02/2026,SEMANA 1,JUEVES,563,NUCLEO CAMASI YARA,TURNO 2,PLANTA 2,Nelson,Grupo Nelson,4,15:00:00,0:00:00,25353,25,,,18,35,22,45,40,Jan Carlos,9,,CUMPLE,CUMPLE,CUMPLE,,,"21,30"
7/02/2026,SEMANA 1,SABADO,65,NUCLEO 4,TURNO 1,PLANTA 2,Walter,Grupo Walter,5,6:00:00,14:00:00,27000,30,1500,,27,35,23,42,40,Brayan,8,,CUMPLE,CUMPLE,CUMPLE,,,"17,80"
7/02/2026,SEMANA 1,SABADO,65,NUCLEO 4,TURNO 2,PLANTA 2,Aider,Grupo Aider,5,14:00:00,22:00:00,24667,24,814,1760,25,35,23,45,40,Pedro,8,,CUMPLE,CUMPLE,CUMPLE,,,"19,50"
6/02/2026,SEMANA 1,VIERNES,558,NUCLEO MAGNESIO-SILICIO EM,TURNO 1,PLANTA 1,Walter,Grupo Walter,5,6:00:00,14:00:00,14000,18,2000,,15,37,28,45,50,Pablo,4,40,CUMPLE,CUMPLE,CUMPLE,Se perdieron 5 h 20 min por limpieza de tubo secador y arreglo en banda 1,SI,"20,00"
6/02/2026,SEMANA 1,VIERNES,558,NUCLEO MAGNESIO-SILICIO EM,TURNO 1,PLANTA 2,Andres,Grupo Andres,5,6:00:00,14:00:00,27000,29,2000,,25,37,23,35,40,Victor,8,40,CUMPLE,CUMPLE,CUMPLE,,,"19,30"
6/02/2026,SEMANA 1,VIERNES,558,NUCLEO MAGNESIO-SILICIO EM,TURNO 2,PLANTA 1,Aider,Grupo Aider,5,15:00:00,0:00:00,26192,25,,3280,15,37,30,40,50,Pedro,9,,CUMPLE,CUMPLE,CUMPLE,,,"20,60"
6/02/2026,SEMANA 1,VIERNES,558,NUCLEO MAGNESIO-SILICIO EM,TURNO 2,PLANTA 2,Nelson,Grupo Nelson,5,15:00:00,12:00:00,19240,18,,3848,15,37,23,45,40,Julian,9,,CUMPLE,CUMPLE,CUMPLE,,,"28,10"
9/02/2026,SEMANA 2,LUNES,558,NUCLEO MAGNESIO-SILICIO EM,TURNO 1,PLANTA 2,Nelson,Grupo Nelson,5,6:00:00,14:00:00,16000,15,4848,,12,37,23,36,47,Jan Carlos,6,20,CUMPLE,CUMPLE,CUMPLE,Se,SI,"23,80"
9/02/2026,SEMANA 2,LUNES,558,NUCLEO MAGNESIO-SILICIO EM,TURNO 2,PLANTA 2,Andres,Grupo Andres,5,14:00:00,22:00:00,21260,16,2000,,13,37,23,40,47,Andres,8,,CUMPLE,CUMPLE,CUMPLE,,,"22,60"
10/02/2026,SEMANA 2,MARTES,155,RAIFOS 20,TURNO 1,PLANTA 2,Nelson,Grupo Nelson,4,6:00:00,14:00:00,14627,15,560,,20,37,23,45,,Nelson,8,,CUMPLE,CUMPLE,CUMPLE,,,"32,80"
10/02/2026,SEMANA 2,MARTES,62,NUCLEO CAMASI GRIS,TURNO 1,PLANTA 1,Aider,Grupo Aider,5,6:00:00,14:00:00,16000,,,,14,37,31,58,51,Pedro,8,,CUMPLE,CUMPLE,CUMPLE,,,"30,00"
10/02/2026,SEMANA 2,MARTES,62,NUCLEO CAMASI GRIS,TURNO 2,PLANTA 1,Walter,Grupo Walter,5,14:00:00,22:00:00,19000,20,,1000,15,37,30,45,45,Pablo,8,,CUMPLE,CUMPLE,CUMPLE,,,"25,30"
10/02/2026,SEMANA 2,MARTES,160,ZUELO CA,TURNO 2,PLANTA 2,Andres,Grupo Andres,5,14:00:00,22:00:00,13340,14,,2000,13,37,22,40,40,Juan David Herrera,7,31,CUMPLE,CUMPLE,CUMPLE,Se paró 29 min por problemas en banda 2 y quemador,SI,"33,80"
12/02/2026,SEMANA 2,JUEVES,62,NUCLEO CAMASI GRIS,TURNO 1,PLANTA 1,Aider,Grupo Aider,5,6:00:00,14:00:00,20000,,,,13,36,32,46,55,Pedro,4,51,CUMPLE,CUMPLE,CUMPLE,Se inició alas 9.04 por limpieza de Aria de trabajo y problemas con el quemador,SI,"14,60"
12/02/2026,SEMANA 2,JUEVES,558,NUCLEO MAGNESIO-SILICIO EM,TURNO 1,PLANTA 2,Nelson,Grupo Nelson,5,6:00:00,14:00:00,11000,,,,10,38,22,31,47,Julian,6,58,CUMPLE,CUMPLE,CUMPLE,Se paró 1 h 2 min por problemas con el quemador,SI,"38,00"
16/02/2026,SEMANA 3,LUNES,141,SULFATO DE CALCIO,TURNO 1,PLANTA 1,Andres,Grupo Andres,5,6:00:00,14:00:00,23000,23000,4777,,8,36,29,35,45,Víctor,8,,CUMPLE,CUMPLE,CUMPLE,,,"20,90"
16/02/2026,SEMANA 3,LUNES,62,NUCLEO CAMASI GRIS,TURNO 1,PLANTA 2,Walter,Grupo Walter,4,6:00:00,14:00:00,20000,23,1000,,10,36,21,45,60,Wilmar,8,,CUMPLE,CUMPLE,CUMPLE,,,"24,00"
16/02/2026,SEMANA 3,LUNES,141,SULFATO DE CALCIO,TURNO 2,PLANTA 1,Nelson,Grupo Nelson,4,14:00:00,22:00:00,25733,28,,3977,8,37,29,36,45,Nelson,8,,CUMPLE,CUMPLE,CUMPLE,,,"18,70"
16/02/2026,SEMANA 3,LUNES,62,NUCLEO CAMASI GRIS,TURNO 2,PLANTA 2,Aider,Grupo Aider,5,14:00:00,22:00:00,20000,23,1000,,17,36,21,46,60,Pedro,8,,CUMPLE,CUMPLE,CUMPLE,,,"24,00"
11/02/2026,SEMANA 2,MIERCOLES,558,,TURNO 1,PLANTA 2,Nelson,#ERROR!,5,6:00:00,14:00:00,12000,17,3400,,,,,,,,6,30,CUMPLE,CUMPLE,CUMPLE,,#ERROR!,"32,50"
11/02/2026,SEMANA 2,MIERCOLES,558,,TURNO 2,PLANTA 2,Andres,#ERROR!,5,6:00:00,14:00:00,9000,10,,,,,,,,Andres,3,30,CUMPLE,CUMPLE,CUMPLE,,#ERROR!,"23,30"
11/02/2026,SEMANA 2,MIERCOLES,62,,TURNO 2,PLANTA 1,Walter,#ERROR!,5,14:00:00,22:00:00,6000,7,2000,,14,36,30,45,40,Wilmar,2,,CUMPLE,CUMPLE,CUMPLE,,#ERROR!,"20,00"
12/02/2026,SEMANA 2,JUEVES,558,,TURNO 2,PLANTA 2,Andres,#ERROR!,5,14:00:00,22:00:00,24000,23,,5100,15,22,37,45,40,Andres,8,,CUMPLE,CUMPLE,CUMPLE,,#ERROR!,"20,00"
12/02/2026,SEMANA 2,JUEVES,62,,TURNO 2,PLANTA 1,Walter,#ERROR!,5,14:00:00,22:00:00,29000,27,2000,900,15,36,30,45,40,Wilmar,8,,CUMPLE,CUMPLE,CUMPLE,,#ERROR!,"16,60"
13/02/2026,SEMANA 2,VIERNES,997,,TURNO 1,PLANTA 2,Andres,#ERROR!,5,6:00:00,14:00:00,10000,12,,,8,38,22,35,,Andres,8,,CUMPLE,CUMPLE,CUMPLE,,#ERROR!,"48,00"
13/02/2026,SEMANA 2,VIERNES,62,,TURNO 2,PLANTA 1,Walter,#ERROR!,5,14:00:00,22:00:00,31500,30,1000,918,13,36,30,45,45,Brayan,8,,CUMPLE,CUMPLE,CUMPLE,,#ERROR!,"15,20"
19/02/2026,SEMANA 3,JUEVES,62,,TURNO 1,PLANTA 2,Walter,#ERROR!,5,6:00:00,14:00:00,22000,24,2000,,26,36,23,46,36,Wilmar,7,20,CUMPLE,CUMPLE,CUMPLE,Se paró ala 1 40 PM por banda metálica,#ERROR!,"20,00"
19/02/2026,SEMANA 3,JUEVES,65,,TURNO 1,PLANTA 1,Andres,#ERROR!,5,6:00:00,14:00:00,21000,27,1000,,6,36,30,39,40,Osorio,6,36,CUMPLE,CUMPLE,CUMPLE,Se perdieron 1 H 24 min por quemador y banda 1,#ERROR!,"18,90"
20/02/2026,SEMANA 3,VIERNES,141,,TURNO 1,PLANTA 1,Andres,#ERROR!,5,6:00:00,14:00:00,,,,,9,36,30,32,48,Víctor,,,CUMPLE,CUMPLE,CUMPLE,,#ERROR!,
20/02/2026,SEMANA 3,VIERNES,160,,TURNO 1,PLANTA 2,Walter,#ERROR!,5,6:00:00,14:00:00,20300,20,1000,,19,36,24,53,46,Brayan,7,44,CUMPLE,CUMPLE,CUMPLE,Se perdieron 16 min por bomba de agua,#ERROR!,"22,90"
20/02/2026,SEMANA 3,VIERNES,141,,TURNO 1,PLANTA 1,Andres,#ERROR!,5,6:00:00,14:00:00,20000,25,,3000,9,36,30,45,45,Victor,6,38,CUMPLE,CUMPLE,CUMPLE,Se inició alas 7.22 am por limpieza de tubo secador,#ERROR!,"19,90"
21/02/2026,SEMANA 3,SABADO,62,,TURNO 1,PLANTA 1,Walter,#ERROR!,5,14:00:00,22:00:00,28000,33,1400,6400,12,36,30,45,40,Brayan,8,,CUMPLE,CUMPLE,CUMPLE,,#ERROR!,"17,10"
21/02/2026,SEMANA 3,SABADO,563,,TURNO 1,PLANTA 1,Aider,#ERROR!,5,6:00:00,14:00:00,22300,28,,5036,14,36,30,45,45,Pedro,8,,CUMPLE,CUMPLE,CUMPLE,,#ERROR!,"21,50"
2/03/2026,SEMANA 1,LUNES,62,,TURNO 1,PLANTA 1,Walter,#ERROR!,5,6:00:00,14:00:00,28000,30,1000,2000,12,36,30,40,45,Wilmar,8,,CUMPLE,CUMPLE,CUMPLE,,#ERROR!,"17,10"
2/03/2026,SEMANA 1,LUNES,62,,TURNO 2,PLANTA 1,Aider,#ERROR!,5,14:00:00,22:00:00,25000,25,,2500,10,36,30,45,50,Pedro,8,,CUMPLE,CUMPLE,CUMPLE,,#ERROR!,"19,20"
2/03/2026,SEMANA 1,LUNES,65,,TURNO 1,PLANTA 2,Andres,#ERROR!,5,6:00:00,14:00:00,22000,28,1000,2564,18,36,23,41,60,Andres,8,,CUMPLE,CUMPLE,CUMPLE,,#ERROR!,"21,80"
2/03/2026,SEMANA 1,LUNES,65,,TURNO 2,PLANTA 2,Nelson,#ERROR!,5,14:00:00,22:00:00,25000,23,,2000,17,36,22,41,60,Jan Carlos,7,10,CUMPLE,CUMPLE,CUMPLE,,#ERROR!,"17,20"
3/03/2026,SEMANA 1,MARTES,141,,TURNO 1,PLANTA 1,Walter,#ERROR!,5,6:00:00,14:00:00,21000,22,1600,,8,36,32,41,45,Brayan,5,30,CUMPLE,CUMPLE,CUMPLE,Se inició ala 7.30 am por arreglo en banda 1,#ERROR!,"15,70"
3/03/2026,SEMANA 1,MARTES,65,,TURNO 1,PLANTA 2,Andres,#ERROR!,5,6:00:00,14:00:00,19000,19,2000,,22,36,20,31,60,Andres,5,25,CUMPLE,CUMPLE,CUMPLE,,#ERROR!,"17,10"
3/03/2026,SEMANA 1,MARTES,65,,TURNO 2,PLANTA 2,Nelson,#ERROR!,5,14:00:00,22:00:00,26000,27,,6000,31,36,23,56,60,Julian,8,,CUMPLE,CUMPLE,CUMPLE,,#ERROR!,"18,50"
3/03/2026,SEMANA 1,MARTES,141,,TURNO 2,PLANTA 1,Aider,#ERROR!,5,14:00:00,22:00:00,19086,22,,2600,10,36,30,39,45,Juan David Guevara,8,,CUMPLE,CUMPLE,CUMPLE,,#ERROR!,"25,10"
4/03/2026,SEMANA 1,MIERCOLES,679,,TURNO 1,PLANTA 1,Walter,#ERROR!,5,6:00:00,14:00:00,16000,17,,,5,36,30,37,40,Juan David,6,,CUMPLE,CUMPLE,CUMPLE,,#ERROR!,"22,50"
4/03/2026,SEMANA 1,MIERCOLES,679,,TURNO 2,PLANTA 1,Aider,#ERROR!,5,14:00:00,22:00:00,21564,20,,2639,6,36,30,40,40,Pedro,7,45,CUMPLE,CUMPLE,CUMPLE,,#ERROR!,"21,60"
4/03/2026,SEMANA 1,MIERCOLES,62,,TURNO 1,PLANTA 2,Andres,#ERROR!,5,6:00:00,14:00:00,13000,14,2500,,25,36,22,40,56,Andres,5,4,CUMPLE,CUMPLE,CUMPLE,,#ERROR!,"23,40"
4/03/2026,SEMANA 1,MIERCOLES,62,,TURNO 2,PLANTA 2,Nelson,#ERROR!,5,14:00:00,22:00:00,20000,22,,700,28,36,22,39,56,Jorge,7,3,CUMPLE,CUMPLE,CUMPLE,,#ERROR!,"21,20"
1/03/2026,SEMANA 1,DOMINGO,62,,TURNO 1,PLANTA 2,Nelson,#ERROR!,5,6:00:00,14:00:00,26000,29,1000,2564,22,36,22,40,45,James,8,,CUMPLE,CUMPLE,CUMPLE,,#ERROR!,"18,50"
1/03/2026,SEMANA 1,DOMINGO,62,,TURNO 1,PLANTA 1,Walter,#ERROR!,4,6:00:00,14:00:00,21000,24,1000,,15,36,30,45,50,Wilmar,6,50,CUMPLE,CUMPLE,CUMPLE,,#ERROR!,"19,50"
5/03/2026,SEMANA 1,JUEVES,62,,TURNO 1,PLANTA 2,Andres,#ERROR!,5,6:00:00,14:00:00,30000,31,3400,,21,36,22,34,56,Andres,8,,CUMPLE,CUMPLE,CUMPLE,,#ERROR!,"16,00"
5/03/2026,SEMANA 1,JUEVES,65,,TURNO 1,PLANTA 2,Walter,#ERROR!,5,6:00:00,14:00:00,27000,32,,,6,36,30,36,40,Pablo,8,,CUMPLE,CUMPLE,CUMPLE,,#ERROR!,"17,80"
5/03/2026,SEMANA 1,JUEVES,62,,TURNO 2,PLANTA 2,Nelson,#ERROR!,5,14:00:00,22:00:00,31600,30,3000,1730,25,36,22,34,56,James,8,,CUMPLE,CUMPLE,CUMPLE,,#ERROR!,"15,20"
5/03/2026,SEMANA 1,JUEVES,65,,TURNO 2,PLANTA 1,Aider,#ERROR!,5,14:00:00,22:00:00,29000,31,1000,1000,8,36,30,35,50,Gabriel,8,,CUMPLE,CUMPLE,CUMPLE,,#ERROR!,"16,60"
6/03/2026,SEMANA 1,VIERNES,558,,TURNO 1,PLANTA 2,Andres,#ERROR!,5,6:00:00,14:00:00,28000,26,3650,,24,36,21,33,60,Andres,8,,CUMPLE,CUMPLE,CUMPLE,,#ERROR!,"17,10"
6/03/2026,SEMANA 1,VIERNES,65,,TURNO 1,PLANTA 1,Walter,#ERROR!,5,6:00:00,14:00:00,26000,26,1000,,6,36,30,44,50,Wilmar,8,,CUMPLE,CUMPLE,CUMPLE,,#ERROR!,"18,50"
6/03/2026,SEMANA 1,VIERNES,558,,TURNO 2,PLANTA 2,Nelson,#ERROR!,5,14:00:00,22:00:00,29000,27,,,32,36,22,42,60,Jan carlos,8,,CUMPLE,CUMPLE,CUMPLE,,#ERROR!,"16,60"
6/03/2026,SEMANA 1,VIERNES,65,,TURNO 2,PLANTA 1,Aider,#ERROR!,5,14:00:00,22:00:00,27470,28,,,6,36,30,42,50,Pedro,8,,CUMPLE,CUMPLE,CUMPLE,,#ERROR!,"17,50"
11/03/2026,SEMANA 2,MIERCOLES,679,,TURNO 1,PLANTA 1,Aider,#ERROR!,5,6:00:00,14:00:00,16000,19,,,3,36,31,32,44,Pedro,6,28,CUMPLE,CUMPLE,CUMPLE,,#ERROR!,"24,30"
11/03/2026,SEMANA 2,MIERCOLES,65,,TURNO 1,PLANTA 2,Nelson,#ERROR!,5,6:00:00,14:00:00,27000,28,3000,,20,36,22,37,60,Jan carlos,8,,CUMPLE,CUMPLE,CUMPLE,,#ERROR!,"17,80"
7/03/2026,SEMANA 1,SABADO,558,,TURNO 1,PLANTA 2,Nelson,#ERROR!,5,14:00:00,22:00:00,26000,23,,,22,36,22,45,40,Nelson,8,,CUMPLE,CUMPLE,CUMPLE,,#ERROR!,"18,50"
7/03/2026,SEMANA 1,SABADO,558,,TURNO 1,PLANTA 1,Walter,#ERROR!,4,14:00:00,22:00:00,22000,26,,,12,36,30,45,45,Pablo,8,,CUMPLE,CUMPLE,CUMPLE,,#ERROR!,"21,80"
7/03/2026,SEMANA 1,SABADO,558,,TURNO 2,PLANTA 1,Aider,#ERROR!,5,6:00:00,14:00:00,25000,27,,,11,36,30,40,45,Pedro,8,,CUMPLE,CUMPLE,CUMPLE,,#ERROR!,"19,20"
8/03/2026,SEMANA 1,DOMINGO,558,,TURNO 1,PLANTA 2,Andres,#ERROR!,4,6:00:00,14:00:00,22000,22,,,25,36,22,35,60,Osorio,6,34,CUMPLE,CUMPLE,CUMPLE,,#ERROR!,"17,90"
8/03/2026,SEMANA 1,DOMINGO,558,,TURNO 2,PLANTA 2,Walter,#ERROR!,5,14:00:00,22:00:00,27850,24,,,15,36,22,45,60,Brayan,8,,CUMPLE,CUMPLE,CUMPLE,,#ERROR!,"17,20"
9/03/2026,SEMANA 2,LUNES,123,,TURNO 1,PLANTA 1,Aider,#ERROR!,5,6:00:00,14:00:00,2000,,,,,,,,,,,,,,,,#ERROR!,"0,00"
9/03/2026,SEMANA 2,LUNES,65,,TURNO 1,PLANTA 2,Nelson,#ERROR!,5,6:00:00,14:00:00,21000,21,,,25,36,22,45,60,Jorge,8,,CUMPLE,CUMPLE,CUMPLE,,#ERROR!,"22,90"
9/03/2026,SEMANA 2,LUNES,123,,TURNO 2,PLANTA 1,Walter,#ERROR!,4,14:00:00,22:00:00,3000,5,,,,,,,,,8,,CUMPLE,CUMPLE,CUMPLE,,#ERROR!,"160,00"
9/03/2026,SEMANA 2,LUNES,65,,TURNO 2,PLANTA 2,Andres,#ERROR!,5,14:00:00,22:00:00,27000,24,,,24,36,22,45,60,Andres,8,,CUMPLE,CUMPLE,CUMPLE,,#ERROR!,"17,80"
10/03/2026,SEMANA 2,MARTES,123,,TURNO 1,PLANTA 1,Aider,#ERROR!,5,6:00:00,13:05:16,3880,8,,,,,,,,,8,,CUMPLE,CUMPLE,CUMPLE,,#ERROR!,"123,70"
10/03/2026,SEMANA 2,MARTES,65,,TURNO 1,PLANTA 2,Nelson,#ERROR!,5,6:00:00,14:00:00,28000,29,,,25,36,22,45,60,Jorge,8,,CUMPLE,CUMPLE,CUMPLE,,#ERROR!,"17,10"
10/03/2026,SEMANA 2,MARTES,62,,TURNO 2,PLANTA 1,Walter,#ERROR!,4,14:00:00,22:00:00,7270,11,,,10,36,30,45,45,Wilmar,6,50,CUMPLE,CUMPLE,CUMPLE,,#ERROR!,"56,40"
10/03/2026,SEMANA 2,MARTES,65,,TURNO 2,PLANTA 2,Andres,#ERROR!,5,14:00:00,22:00:00,26000,27,,,22,36,22,35,60,Andres,8,,CUMPLE,CUMPLE,CUMPLE,,#ERROR!,"18,50"
11/03/2026,SEMANA 2,MIERCOLES,65,,TURNO 2,PLANTA 2,Andres,#ERROR!,5,14:00:00,22:00:00,26690,26,,1000,16,36,22,41,60,Juan,8,,CUMPLE,CUMPLE,CUMPLE,,#ERROR!,"18,00"
11/03/2026,SEMANA 2,MIERCOLES,679,,TURNO 2,PLANTA 1,Walter,#ERROR!,4,14:00:00,22:00:00,22550,21,,1000,5,36,31,31,44,Brayan,7,13,CUMPLE,CUMPLE,CUMPLE,Se paró de 4.18 PM asta las 5.05 por motobomba,#ERROR!,"19,20"
12/03/2026,SEMANA 2,JUEVES,155,,TURNO 1,PLANTA 1,Nelson,#ERROR!,5,6:00:00,14:00:00,16000,15,6594,,4,38,32,31,44,Julian,8,,CUMPLE,CUMPLE,CUMPLE,,#ERROR!,"30,00"
12/03/2026,SEMANA 2,JUEVES,62,,TURNO 1,PLANTA 2,Aider,#ERROR!,5,6:00:00,14:00:00,,,,,17,36,21,47,60,Juan David Guevara,,,CUMPLE,CUMPLE,CUMPLE,,#ERROR!,
12/03/2026,SEMANA 2,JUEVES,155,,TURNO 2,PLANTA 1,Andres,#ERROR!,5,14:00:00,22:00:00,,,,,4,38,32,31,40,Andres,,,CUMPLE,CUMPLE,CUMPLE,,#ERROR!,
12/03/2026,SEMANA 2,JUEVES,62,,TURNO 2,PLANTA 2,Walter,#ERROR!,4,14:00:00,22:00:00,,,,,17,36,21,47,60,Pablo,,,CUMPLE,CUMPLE,CUMPLE,,#ERROR!,
13/03/2026,SEMANA 2,VIERNES,62,,TURNO 1,PLANTA 2,Nelson,#ERROR!,5,6:00:00,14:00:00,,,,,13,38,22,31,60,Jorge,,,CUMPLE,CUMPLE,CUMPLE,,#ERROR!,
13/03/2026,SEMANA 2,VIERNES,65,,TURNO 1,PLANTA 1,Aider,#ERROR!,5,6:00:00,14:00:00,,,,,5,36,30,37,40,Pedro,,,CUMPLE,CUMPLE,CUMPLE,,#ERROR!,